[0.000000] (-) TimerEvent: {}
[0.002092] (ros2_shared) JobQueued: {'identifier': 'ros2_shared', 'dependencies': OrderedDict()}
[0.002924] (tello_description) JobQueued: {'identifier': 'tello_description', 'dependencies': OrderedDict()}
[0.003390] (tello_msgs) JobQueued: {'identifier': 'tello_msgs', 'dependencies': OrderedDict()}
[0.003752] (my_drone_vision) JobQueued: {'identifier': 'my_drone_vision', 'dependencies': OrderedDict([('tello_msgs', '/mnt/g/My Drive/Primary/skl-Course/SP26/EECS 206A - Introduction to Robotics/106a_final_project/drone_simulation/install/tello_msgs')])}
[0.004116] (tello_driver) JobQueued: {'identifier': 'tello_driver', 'dependencies': OrderedDict([('ros2_shared', '/mnt/g/My Drive/Primary/skl-Course/SP26/EECS 206A - Introduction to Robotics/106a_final_project/drone_simulation/install/ros2_shared'), ('tello_msgs', '/mnt/g/My Drive/Primary/skl-Course/SP26/EECS 206A - Introduction to Robotics/106a_final_project/drone_simulation/install/tello_msgs')])}
[0.004488] (tello_gazebo) JobQueued: {'identifier': 'tello_gazebo', 'dependencies': OrderedDict([('tello_msgs', '/mnt/g/My Drive/Primary/skl-Course/SP26/EECS 206A - Introduction to Robotics/106a_final_project/drone_simulation/install/tello_msgs')])}
[0.004915] (tello_msgs) JobStarted: {'identifier': 'tello_msgs'}
[0.042207] (ros2_shared) JobStarted: {'identifier': 'ros2_shared'}
[0.087392] (tello_description) JobStarted: {'identifier': 'tello_description'}
[0.088194] (-) TimerEvent: {}
[0.152382] (tello_msgs) JobProgress: {'identifier': 'tello_msgs', 'progress': 'cmake'}
[0.188457] (-) TimerEvent: {}
[0.289736] (-) TimerEvent: {}
[0.363474] (tello_msgs) Command: {'cmd': ['/usr/bin/cmake', '/mnt/g/My Drive/Primary/skl-Course/SP26/EECS 206A - Introduction to Robotics/106a_final_project/drone_simulation/src/tello_ros/tello_msgs', '-DCMAKE_INSTALL_PREFIX=/mnt/g/My Drive/Primary/skl-Course/SP26/EECS 206A - Introduction to Robotics/106a_final_project/drone_simulation/install/tello_msgs'], 'cwd': '/mnt/g/My Drive/Primary/skl-Course/SP26/EECS 206A - Introduction to Robotics/106a_final_project/drone_simulation/build/tello_msgs', 'env': OrderedDict([('LESSOPEN', '| /usr/bin/lesspipe %s'), ('USER', 'happygaj'), ('SHLVL', '1'), ('LD_LIBRARY_PATH', '/opt/ros/humble/opt/rviz_ogre_vendor/lib:/opt/ros/humble/lib/x86_64-linux-gnu:/opt/ros/humble/lib'), ('WT_PROFILE_ID', '{bce5ad17-2bdc-5d74-b2f9-07b5c1c5975c}'), ('HOME', '/home/happygaj'), ('OLDPWD', '/home/happygaj/my_project/drone_simulation'), ('ROS_PYTHON_VERSION', '3'), ('DBUS_SESSION_BUS_ADDRESS', 'unix:path=/run/user/1000/bus'), ('WSL_DISTRO_NAME', 'Ubuntu-22.04'), ('WAYLAND_DISPLAY', 'wayland-0'), ('ROS_DISTRO', 'humble'), ('LOGNAME', 'happygaj'), ('NAME', 'skl'), ('WSL_INTEROP', '/run/WSL/21553_interop'), ('PULSE_SERVER', 'unix:/mnt/wslg/PulseServer'), ('_', '/usr/bin/colcon'), ('ROS_VERSION', '2'), ('TERM', 'xterm-256color'), ('ROS_LOCALHOST_ONLY', '0'), ('PATH', '/opt/ros/humble/bin:/usr/local/sbin:/usr/local/bin:/usr/sbin:/usr/bin:/sbin:/bin:/usr/games:/usr/local/games:/usr/lib/wsl/lib:/mnt/c/WINDOWS/system32:/mnt/c/WINDOWS:/mnt/c/WINDOWS/System32/Wbem:/mnt/c/WINDOWS/System32/WindowsPowerShell/v1.0/:/mnt/c/WINDOWS/System32/OpenSSH/:/mnt/c/Program Files/MATLAB/R2025a/bin:/mnt/c/Program Files (x86)/Windows Kits/10/Windows Performance Toolkit/:/mnt/c/Program Files/dotnet/:/mnt/c/Program Files (x86)/Windows Kits/8.1/Windows Performance Toolkit/:/mnt/c/Program Files/Git/cmd:/mnt/c/Program Files/cursor/resources/app/bin:/mnt/c/Program Files/Tailscale/:/Docker/host/bin:/mnt/c/Users/happy/AppData/Local/Microsoft/WindowsApps:/mnt/c/Users/happy/AppData/Local/Programs/Microsoft VS Code/bin:/mnt/c/Users/happy/AppData/Local/Programs/cursor/resources/app/bin:/mnt/c/Users/happy/.local/bin:/snap/bin'), ('WT_SESSION', '490fbee8-1dcb-4fa2-a3f8-23b1e43e102c'), ('XDG_RUNTIME_DIR', '/run/user/1000/'), ('DISPLAY', ':0'), ('LANG', 'en_US.UTF-8'), ('LS_COLORS', 'rs=0:di=01;34:ln=01;36:mh=00:pi=40;33:so=01;35:do=01;35:bd=40;33;01:cd=40;33;01:or=40;31;01:mi=00:su=37;41:sg=30;43:ca=30;41:tw=30;42:ow=34;42:st=37;44:ex=01;32:*.tar=01;31:*.tgz=01;31:*.arc=01;31:*.arj=01;31:*.taz=01;31:*.lha=01;31:*.lz4=01;31:*.lzh=01;31:*.lzma=01;31:*.tlz=01;31:*.txz=01;31:*.tzo=01;31:*.t7z=01;31:*.zip=01;31:*.z=01;31:*.dz=01;31:*.gz=01;31:*.lrz=01;31:*.lz=01;31:*.lzo=01;31:*.xz=01;31:*.zst=01;31:*.tzst=01;31:*.bz2=01;31:*.bz=01;31:*.tbz=01;31:*.tbz2=01;31:*.tz=01;31:*.deb=01;31:*.rpm=01;31:*.jar=01;31:*.war=01;31:*.ear=01;31:*.sar=01;31:*.rar=01;31:*.alz=01;31:*.ace=01;31:*.zoo=01;31:*.cpio=01;31:*.7z=01;31:*.rz=01;31:*.cab=01;31:*.wim=01;31:*.swm=01;31:*.dwm=01;31:*.esd=01;31:*.jpg=01;35:*.jpeg=01;35:*.mjpg=01;35:*.mjpeg=01;35:*.gif=01;35:*.bmp=01;35:*.pbm=01;35:*.pgm=01;35:*.ppm=01;35:*.tga=01;35:*.xbm=01;35:*.xpm=01;35:*.tif=01;35:*.tiff=01;35:*.png=01;35:*.svg=01;35:*.svgz=01;35:*.mng=01;35:*.pcx=01;35:*.mov=01;35:*.mpg=01;35:*.mpeg=01;35:*.m2v=01;35:*.mkv=01;35:*.webm=01;35:*.webp=01;35:*.ogm=01;35:*.mp4=01;35:*.m4v=01;35:*.mp4v=01;35:*.vob=01;35:*.qt=01;35:*.nuv=01;35:*.wmv=01;35:*.asf=01;35:*.rm=01;35:*.rmvb=01;35:*.flc=01;35:*.avi=01;35:*.fli=01;35:*.flv=01;35:*.gl=01;35:*.dl=01;35:*.xcf=01;35:*.xwd=01;35:*.yuv=01;35:*.cgm=01;35:*.emf=01;35:*.ogv=01;35:*.ogx=01;35:*.aac=00;36:*.au=00;36:*.flac=00;36:*.m4a=00;36:*.mid=00;36:*.midi=00;36:*.mka=00;36:*.mp3=00;36:*.mpc=00;36:*.ogg=00;36:*.ra=00;36:*.wav=00;36:*.oga=00;36:*.opus=00;36:*.spx=00;36:*.xspf=00;36:'), ('AMENT_PREFIX_PATH', '/opt/ros/humble'), ('SHELL', '/bin/bash'), ('LESSCLOSE', '/usr/bin/lesspipe %s %s'), ('PWD', '/mnt/g/My Drive/Primary/skl-Course/SP26/EECS 206A - Introduction to Robotics/106a_final_project/drone_simulation/build/tello_msgs'), ('XDG_DATA_DIRS', '/usr/local/share:/usr/share:/var/lib/snapd/desktop'), ('PYTHONPATH', '/opt/ros/humble/lib/python3.10/site-packages:/opt/ros/humble/local/lib/python3.10/dist-packages'), ('COLCON', '1'), ('WSL2_GUI_APPS_ENABLED', '1'), ('HOSTTYPE', 'x86_64'), ('WSLENV', 'WT_SESSION:WT_PROFILE_ID:'), ('CMAKE_PREFIX_PATH', '/opt/ros/humble')]), 'shell': False}
[0.489515] (-) TimerEvent: {}
[0.490225] (ros2_shared) JobProgress: {'identifier': 'ros2_shared', 'progress': 'cmake'}
[0.589735] (-) TimerEvent: {}
[0.607498] (ros2_shared) Command: {'cmd': ['/usr/bin/cmake', '/mnt/g/My Drive/Primary/skl-Course/SP26/EECS 206A - Introduction to Robotics/106a_final_project/drone_simulation/src/ros2_shared', '-DCMAKE_INSTALL_PREFIX=/mnt/g/My Drive/Primary/skl-Course/SP26/EECS 206A - Introduction to Robotics/106a_final_project/drone_simulation/install/ros2_shared'], 'cwd': '/mnt/g/My Drive/Primary/skl-Course/SP26/EECS 206A - Introduction to Robotics/106a_final_project/drone_simulation/build/ros2_shared', 'env': OrderedDict([('LESSOPEN', '| /usr/bin/lesspipe %s'), ('USER', 'happygaj'), ('SHLVL', '1'), ('LD_LIBRARY_PATH', '/opt/ros/humble/opt/rviz_ogre_vendor/lib:/opt/ros/humble/lib/x86_64-linux-gnu:/opt/ros/humble/lib'), ('WT_PROFILE_ID', '{bce5ad17-2bdc-5d74-b2f9-07b5c1c5975c}'), ('HOME', '/home/happygaj'), ('OLDPWD', '/home/happygaj/my_project/drone_simulation'), ('ROS_PYTHON_VERSION', '3'), ('DBUS_SESSION_BUS_ADDRESS', 'unix:path=/run/user/1000/bus'), ('WSL_DISTRO_NAME', 'Ubuntu-22.04'), ('WAYLAND_DISPLAY', 'wayland-0'), ('ROS_DISTRO', 'humble'), ('LOGNAME', 'happygaj'), ('NAME', 'skl'), ('WSL_INTEROP', '/run/WSL/21553_interop'), ('PULSE_SERVER', 'unix:/mnt/wslg/PulseServer'), ('_', '/usr/bin/colcon'), ('ROS_VERSION', '2'), ('TERM', 'xterm-256color'), ('ROS_LOCALHOST_ONLY', '0'), ('PATH', '/opt/ros/humble/bin:/usr/local/sbin:/usr/local/bin:/usr/sbin:/usr/bin:/sbin:/bin:/usr/games:/usr/local/games:/usr/lib/wsl/lib:/mnt/c/WINDOWS/system32:/mnt/c/WINDOWS:/mnt/c/WINDOWS/System32/Wbem:/mnt/c/WINDOWS/System32/WindowsPowerShell/v1.0/:/mnt/c/WINDOWS/System32/OpenSSH/:/mnt/c/Program Files/MATLAB/R2025a/bin:/mnt/c/Program Files (x86)/Windows Kits/10/Windows Performance Toolkit/:/mnt/c/Program Files/dotnet/:/mnt/c/Program Files (x86)/Windows Kits/8.1/Windows Performance Toolkit/:/mnt/c/Program Files/Git/cmd:/mnt/c/Program Files/cursor/resources/app/bin:/mnt/c/Program Files/Tailscale/:/Docker/host/bin:/mnt/c/Users/happy/AppData/Local/Microsoft/WindowsApps:/mnt/c/Users/happy/AppData/Local/Programs/Microsoft VS Code/bin:/mnt/c/Users/happy/AppData/Local/Programs/cursor/resources/app/bin:/mnt/c/Users/happy/.local/bin:/snap/bin'), ('WT_SESSION', '490fbee8-1dcb-4fa2-a3f8-23b1e43e102c'), ('XDG_RUNTIME_DIR', '/run/user/1000/'), ('DISPLAY', ':0'), ('LANG', 'en_US.UTF-8'), ('LS_COLORS', 'rs=0:di=01;34:ln=01;36:mh=00:pi=40;33:so=01;35:do=01;35:bd=40;33;01:cd=40;33;01:or=40;31;01:mi=00:su=37;41:sg=30;43:ca=30;41:tw=30;42:ow=34;42:st=37;44:ex=01;32:*.tar=01;31:*.tgz=01;31:*.arc=01;31:*.arj=01;31:*.taz=01;31:*.lha=01;31:*.lz4=01;31:*.lzh=01;31:*.lzma=01;31:*.tlz=01;31:*.txz=01;31:*.tzo=01;31:*.t7z=01;31:*.zip=01;31:*.z=01;31:*.dz=01;31:*.gz=01;31:*.lrz=01;31:*.lz=01;31:*.lzo=01;31:*.xz=01;31:*.zst=01;31:*.tzst=01;31:*.bz2=01;31:*.bz=01;31:*.tbz=01;31:*.tbz2=01;31:*.tz=01;31:*.deb=01;31:*.rpm=01;31:*.jar=01;31:*.war=01;31:*.ear=01;31:*.sar=01;31:*.rar=01;31:*.alz=01;31:*.ace=01;31:*.zoo=01;31:*.cpio=01;31:*.7z=01;31:*.rz=01;31:*.cab=01;31:*.wim=01;31:*.swm=01;31:*.dwm=01;31:*.esd=01;31:*.jpg=01;35:*.jpeg=01;35:*.mjpg=01;35:*.mjpeg=01;35:*.gif=01;35:*.bmp=01;35:*.pbm=01;35:*.pgm=01;35:*.ppm=01;35:*.tga=01;35:*.xbm=01;35:*.xpm=01;35:*.tif=01;35:*.tiff=01;35:*.png=01;35:*.svg=01;35:*.svgz=01;35:*.mng=01;35:*.pcx=01;35:*.mov=01;35:*.mpg=01;35:*.mpeg=01;35:*.m2v=01;35:*.mkv=01;35:*.webm=01;35:*.webp=01;35:*.ogm=01;35:*.mp4=01;35:*.m4v=01;35:*.mp4v=01;35:*.vob=01;35:*.qt=01;35:*.nuv=01;35:*.wmv=01;35:*.asf=01;35:*.rm=01;35:*.rmvb=01;35:*.flc=01;35:*.avi=01;35:*.fli=01;35:*.flv=01;35:*.gl=01;35:*.dl=01;35:*.xcf=01;35:*.xwd=01;35:*.yuv=01;35:*.cgm=01;35:*.emf=01;35:*.ogv=01;35:*.ogx=01;35:*.aac=00;36:*.au=00;36:*.flac=00;36:*.m4a=00;36:*.mid=00;36:*.midi=00;36:*.mka=00;36:*.mp3=00;36:*.mpc=00;36:*.ogg=00;36:*.ra=00;36:*.wav=00;36:*.oga=00;36:*.opus=00;36:*.spx=00;36:*.xspf=00;36:'), ('AMENT_PREFIX_PATH', '/opt/ros/humble'), ('SHELL', '/bin/bash'), ('LESSCLOSE', '/usr/bin/lesspipe %s %s'), ('PWD', '/mnt/g/My Drive/Primary/skl-Course/SP26/EECS 206A - Introduction to Robotics/106a_final_project/drone_simulation/build/ros2_shared'), ('XDG_DATA_DIRS', '/usr/local/share:/usr/share:/var/lib/snapd/desktop'), ('PYTHONPATH', '/opt/ros/humble/lib/python3.10/site-packages:/opt/ros/humble/local/lib/python3.10/dist-packages'), ('COLCON', '1'), ('WSL2_GUI_APPS_ENABLED', '1'), ('HOSTTYPE', 'x86_64'), ('WSLENV', 'WT_SESSION:WT_PROFILE_ID:'), ('CMAKE_PREFIX_PATH', '/opt/ros/humble')]), 'shell': False}
[0.760239] (-) TimerEvent: {}
[0.761750] (tello_description) JobProgress: {'identifier': 'tello_description', 'progress': 'cmake'}
[0.860435] (-) TimerEvent: {}
[0.902947] (tello_description) Command: {'cmd': ['/usr/bin/cmake', '/mnt/g/My Drive/Primary/skl-Course/SP26/EECS 206A - Introduction to Robotics/106a_final_project/drone_simulation/src/tello_ros/tello_description', '-DCMAKE_INSTALL_PREFIX=/mnt/g/My Drive/Primary/skl-Course/SP26/EECS 206A - Introduction to Robotics/106a_final_project/drone_simulation/install/tello_description'], 'cwd': '/mnt/g/My Drive/Primary/skl-Course/SP26/EECS 206A - Introduction to Robotics/106a_final_project/drone_simulation/build/tello_description', 'env': OrderedDict([('LESSOPEN', '| /usr/bin/lesspipe %s'), ('USER', 'happygaj'), ('SHLVL', '1'), ('LD_LIBRARY_PATH', '/opt/ros/humble/opt/rviz_ogre_vendor/lib:/opt/ros/humble/lib/x86_64-linux-gnu:/opt/ros/humble/lib'), ('WT_PROFILE_ID', '{bce5ad17-2bdc-5d74-b2f9-07b5c1c5975c}'), ('HOME', '/home/happygaj'), ('OLDPWD', '/home/happygaj/my_project/drone_simulation'), ('ROS_PYTHON_VERSION', '3'), ('DBUS_SESSION_BUS_ADDRESS', 'unix:path=/run/user/1000/bus'), ('WSL_DISTRO_NAME', 'Ubuntu-22.04'), ('WAYLAND_DISPLAY', 'wayland-0'), ('ROS_DISTRO', 'humble'), ('LOGNAME', 'happygaj'), ('NAME', 'skl'), ('WSL_INTEROP', '/run/WSL/21553_interop'), ('PULSE_SERVER', 'unix:/mnt/wslg/PulseServer'), ('_', '/usr/bin/colcon'), ('ROS_VERSION', '2'), ('TERM', 'xterm-256color'), ('ROS_LOCALHOST_ONLY', '0'), ('PATH', '/opt/ros/humble/bin:/usr/local/sbin:/usr/local/bin:/usr/sbin:/usr/bin:/sbin:/bin:/usr/games:/usr/local/games:/usr/lib/wsl/lib:/mnt/c/WINDOWS/system32:/mnt/c/WINDOWS:/mnt/c/WINDOWS/System32/Wbem:/mnt/c/WINDOWS/System32/WindowsPowerShell/v1.0/:/mnt/c/WINDOWS/System32/OpenSSH/:/mnt/c/Program Files/MATLAB/R2025a/bin:/mnt/c/Program Files (x86)/Windows Kits/10/Windows Performance Toolkit/:/mnt/c/Program Files/dotnet/:/mnt/c/Program Files (x86)/Windows Kits/8.1/Windows Performance Toolkit/:/mnt/c/Program Files/Git/cmd:/mnt/c/Program Files/cursor/resources/app/bin:/mnt/c/Program Files/Tailscale/:/Docker/host/bin:/mnt/c/Users/happy/AppData/Local/Microsoft/WindowsApps:/mnt/c/Users/happy/AppData/Local/Programs/Microsoft VS Code/bin:/mnt/c/Users/happy/AppData/Local/Programs/cursor/resources/app/bin:/mnt/c/Users/happy/.local/bin:/snap/bin'), ('WT_SESSION', '490fbee8-1dcb-4fa2-a3f8-23b1e43e102c'), ('XDG_RUNTIME_DIR', '/run/user/1000/'), ('DISPLAY', ':0'), ('LANG', 'en_US.UTF-8'), ('LS_COLORS', 'rs=0:di=01;34:ln=01;36:mh=00:pi=40;33:so=01;35:do=01;35:bd=40;33;01:cd=40;33;01:or=40;31;01:mi=00:su=37;41:sg=30;43:ca=30;41:tw=30;42:ow=34;42:st=37;44:ex=01;32:*.tar=01;31:*.tgz=01;31:*.arc=01;31:*.arj=01;31:*.taz=01;31:*.lha=01;31:*.lz4=01;31:*.lzh=01;31:*.lzma=01;31:*.tlz=01;31:*.txz=01;31:*.tzo=01;31:*.t7z=01;31:*.zip=01;31:*.z=01;31:*.dz=01;31:*.gz=01;31:*.lrz=01;31:*.lz=01;31:*.lzo=01;31:*.xz=01;31:*.zst=01;31:*.tzst=01;31:*.bz2=01;31:*.bz=01;31:*.tbz=01;31:*.tbz2=01;31:*.tz=01;31:*.deb=01;31:*.rpm=01;31:*.jar=01;31:*.war=01;31:*.ear=01;31:*.sar=01;31:*.rar=01;31:*.alz=01;31:*.ace=01;31:*.zoo=01;31:*.cpio=01;31:*.7z=01;31:*.rz=01;31:*.cab=01;31:*.wim=01;31:*.swm=01;31:*.dwm=01;31:*.esd=01;31:*.jpg=01;35:*.jpeg=01;35:*.mjpg=01;35:*.mjpeg=01;35:*.gif=01;35:*.bmp=01;35:*.pbm=01;35:*.pgm=01;35:*.ppm=01;35:*.tga=01;35:*.xbm=01;35:*.xpm=01;35:*.tif=01;35:*.tiff=01;35:*.png=01;35:*.svg=01;35:*.svgz=01;35:*.mng=01;35:*.pcx=01;35:*.mov=01;35:*.mpg=01;35:*.mpeg=01;35:*.m2v=01;35:*.mkv=01;35:*.webm=01;35:*.webp=01;35:*.ogm=01;35:*.mp4=01;35:*.m4v=01;35:*.mp4v=01;35:*.vob=01;35:*.qt=01;35:*.nuv=01;35:*.wmv=01;35:*.asf=01;35:*.rm=01;35:*.rmvb=01;35:*.flc=01;35:*.avi=01;35:*.fli=01;35:*.flv=01;35:*.gl=01;35:*.dl=01;35:*.xcf=01;35:*.xwd=01;35:*.yuv=01;35:*.cgm=01;35:*.emf=01;35:*.ogv=01;35:*.ogx=01;35:*.aac=00;36:*.au=00;36:*.flac=00;36:*.m4a=00;36:*.mid=00;36:*.midi=00;36:*.mka=00;36:*.mp3=00;36:*.mpc=00;36:*.ogg=00;36:*.ra=00;36:*.wav=00;36:*.oga=00;36:*.opus=00;36:*.spx=00;36:*.xspf=00;36:'), ('AMENT_PREFIX_PATH', '/opt/ros/humble'), ('SHELL', '/bin/bash'), ('LESSCLOSE', '/usr/bin/lesspipe %s %s'), ('PWD', '/mnt/g/My Drive/Primary/skl-Course/SP26/EECS 206A - Introduction to Robotics/106a_final_project/drone_simulation/build/tello_description'), ('XDG_DATA_DIRS', '/usr/local/share:/usr/share:/var/lib/snapd/desktop'), ('PYTHONPATH', '/opt/ros/humble/lib/python3.10/site-packages:/opt/ros/humble/local/lib/python3.10/dist-packages'), ('COLCON', '1'), ('WSL2_GUI_APPS_ENABLED', '1'), ('HOSTTYPE', 'x86_64'), ('WSLENV', 'WT_SESSION:WT_PROFILE_ID:'), ('CMAKE_PREFIX_PATH', '/opt/ros/humble')]), 'shell': False}
[1.043087] (-) TimerEvent: {}
[1.143909] (-) TimerEvent: {}
[1.244902] (-) TimerEvent: {}
[1.346480] (-) TimerEvent: {}
[1.447520] (-) TimerEvent: {}
[1.548560] (-) TimerEvent: {}
[1.651679] (-) TimerEvent: {}
[1.753669] (-) TimerEvent: {}
[1.855367] (-) TimerEvent: {}
[1.956324] (-) TimerEvent: {}
[2.057515] (-) TimerEvent: {}
[2.158635] (-) TimerEvent: {}
[2.187852] (tello_msgs) StdoutLine: {'line': b'-- The C compiler identification is GNU 11.4.0\n'}
[2.194333] (ros2_shared) StdoutLine: {'line': b'-- The C compiler identification is GNU 11.4.0\n'}
[2.258865] (-) TimerEvent: {}
[2.360000] (-) TimerEvent: {}
[2.415090] (tello_description) StdoutLine: {'line': b'-- The C compiler identification is GNU 11.4.0\n'}
[2.460257] (-) TimerEvent: {}
[2.561788] (-) TimerEvent: {}
[2.662682] (-) TimerEvent: {}
[2.768832] (-) TimerEvent: {}
[2.869977] (-) TimerEvent: {}
[2.971030] (-) TimerEvent: {}
[3.078987] (-) TimerEvent: {}
[3.179841] (-) TimerEvent: {}
[3.281031] (-) TimerEvent: {}
[3.382250] (-) TimerEvent: {}
[3.483402] (-) TimerEvent: {}
[3.584642] (-) TimerEvent: {}
[3.685720] (-) TimerEvent: {}
[3.786639] (-) TimerEvent: {}
[3.813310] (ros2_shared) StdoutLine: {'line': b'-- The CXX compiler identification is GNU 11.4.0\n'}
[3.817499] (tello_msgs) StdoutLine: {'line': b'-- The CXX compiler identification is GNU 11.4.0\n'}
[3.886814] (-) TimerEvent: {}
[3.980750] (tello_description) StdoutLine: {'line': b'-- The CXX compiler identification is GNU 11.4.0\n'}
[3.986920] (-) TimerEvent: {}
[4.087909] (-) TimerEvent: {}
[4.189121] (-) TimerEvent: {}
[4.290816] (-) TimerEvent: {}
[4.391724] (tello_msgs) StdoutLine: {'line': b'-- Detecting C compiler ABI info\n'}
[4.395508] (-) TimerEvent: {}
[4.469684] (ros2_shared) StdoutLine: {'line': b'-- Detecting C compiler ABI info\n'}
[4.495667] (-) TimerEvent: {}
[4.600330] (-) TimerEvent: {}
[4.695147] (tello_description) StdoutLine: {'line': b'-- Detecting C compiler ABI info\n'}
[4.700435] (-) TimerEvent: {}
[4.801384] (-) TimerEvent: {}
[4.903372] (-) TimerEvent: {}
[5.005797] (-) TimerEvent: {}
[5.108139] (-) TimerEvent: {}
[5.211363] (-) TimerEvent: {}
[5.320321] (-) TimerEvent: {}
[5.424893] (-) TimerEvent: {}
[5.525982] (-) TimerEvent: {}
[5.627988] (-) TimerEvent: {}
[5.729467] (-) TimerEvent: {}
[5.837197] (-) TimerEvent: {}
[5.940804] (-) TimerEvent: {}
[6.042472] (-) TimerEvent: {}
[6.144848] (-) TimerEvent: {}
[6.246345] (-) TimerEvent: {}
[6.347726] (-) TimerEvent: {}
[6.448632] (-) TimerEvent: {}
[6.549458] (-) TimerEvent: {}
[6.650598] (-) TimerEvent: {}
[6.751544] (-) TimerEvent: {}
[6.852910] (-) TimerEvent: {}
[6.955386] (-) TimerEvent: {}
[7.059319] (-) TimerEvent: {}
[7.162649] (-) TimerEvent: {}
[7.264322] (-) TimerEvent: {}
[7.367243] (-) TimerEvent: {}
[7.471462] (-) TimerEvent: {}
[7.578283] (-) TimerEvent: {}
[7.682019] (-) TimerEvent: {}
[7.785336] (-) TimerEvent: {}
[7.888292] (-) TimerEvent: {}
[8.077702] (-) TimerEvent: {}
[8.180463] (-) TimerEvent: {}
[8.288439] (-) TimerEvent: {}
[8.391848] (-) TimerEvent: {}
[8.498862] (-) TimerEvent: {}
[8.506371] (tello_msgs) StdoutLine: {'line': b'-- Detecting C compiler ABI info - done\n'}
[8.599440] (-) TimerEvent: {}
[8.630698] (ros2_shared) StdoutLine: {'line': b'-- Detecting C compiler ABI info - done\n'}
[8.699735] (-) TimerEvent: {}
[8.720161] (tello_msgs) StdoutLine: {'line': b'-- Check for working C compiler: /usr/bin/cc - skipped\n'}
[8.724197] (tello_msgs) StdoutLine: {'line': b'-- Detecting C compile features\n'}
[8.728609] (tello_msgs) StdoutLine: {'line': b'-- Detecting C compile features - done\n'}
[8.801105] (-) TimerEvent: {}
[8.869644] (ros2_shared) StdoutLine: {'line': b'-- Check for working C compiler: /usr/bin/cc - skipped\n'}
[8.874379] (ros2_shared) StdoutLine: {'line': b'-- Detecting C compile features\n'}
[8.877417] (ros2_shared) StdoutLine: {'line': b'-- Detecting C compile features - done\n'}
[8.901688] (-) TimerEvent: {}
[8.928861] (tello_description) StdoutLine: {'line': b'-- Detecting C compiler ABI info - done\n'}
[9.001950] (-) TimerEvent: {}
[9.103448] (-) TimerEvent: {}
[9.128979] (tello_description) StdoutLine: {'line': b'-- Check for working C compiler: /usr/bin/cc - skipped\n'}
[9.132193] (tello_description) StdoutLine: {'line': b'-- Detecting C compile features\n'}
[9.134453] (tello_description) StdoutLine: {'line': b'-- Detecting C compile features - done\n'}
[9.179558] (tello_msgs) StdoutLine: {'line': b'-- Detecting CXX compiler ABI info\n'}
[9.203880] (-) TimerEvent: {}
[9.274931] (ros2_shared) StdoutLine: {'line': b'-- Detecting CXX compiler ABI info\n'}
[9.304462] (-) TimerEvent: {}
[9.421654] (-) TimerEvent: {}
[9.523663] (-) TimerEvent: {}
[9.560666] (tello_description) StdoutLine: {'line': b'-- Detecting CXX compiler ABI info\n'}
[9.624717] (-) TimerEvent: {}
[9.726558] (-) TimerEvent: {}
[9.828744] (-) TimerEvent: {}
[9.941939] (-) TimerEvent: {}
[10.044751] (-) TimerEvent: {}
[10.147821] (-) TimerEvent: {}
[10.250420] (-) TimerEvent: {}
[10.353712] (-) TimerEvent: {}
[10.458357] (-) TimerEvent: {}
[10.560811] (-) TimerEvent: {}
[10.664588] (-) TimerEvent: {}
[10.765889] (-) TimerEvent: {}
[10.870425] (-) TimerEvent: {}
[10.973160] (-) TimerEvent: {}
[11.075331] (-) TimerEvent: {}
[11.176630] (-) TimerEvent: {}
[11.279172] (-) TimerEvent: {}
[11.380148] (-) TimerEvent: {}
[11.481347] (-) TimerEvent: {}
[11.582917] (-) TimerEvent: {}
[11.683826] (-) TimerEvent: {}
[11.784960] (-) TimerEvent: {}
[11.886680] (-) TimerEvent: {}
[11.988978] (-) TimerEvent: {}
[12.094956] (-) TimerEvent: {}
[12.197213] (-) TimerEvent: {}
[12.299233] (-) TimerEvent: {}
[12.402415] (-) TimerEvent: {}
[12.504563] (-) TimerEvent: {}
[12.608872] (-) TimerEvent: {}
[12.710286] (-) TimerEvent: {}
[12.811551] (-) TimerEvent: {}
[12.913180] (-) TimerEvent: {}
[13.014463] (-) TimerEvent: {}
[13.115694] (-) TimerEvent: {}
[13.217126] (-) TimerEvent: {}
[13.318350] (-) TimerEvent: {}
[13.340566] (tello_msgs) StdoutLine: {'line': b'-- Detecting CXX compiler ABI info - done\n'}
[13.345726] (ros2_shared) StdoutLine: {'line': b'-- Detecting CXX compiler ABI info - done\n'}
[13.418919] (-) TimerEvent: {}
[13.522011] (-) TimerEvent: {}
[13.524446] (ros2_shared) StdoutLine: {'line': b'-- Check for working CXX compiler: /usr/bin/c++ - skipped\n'}
[13.529392] (ros2_shared) StdoutLine: {'line': b'-- Detecting CXX compile features\n'}
[13.532750] (ros2_shared) StdoutLine: {'line': b'-- Detecting CXX compile features - done\n'}
[13.538009] (tello_msgs) StdoutLine: {'line': b'-- Check for working CXX compiler: /usr/bin/c++ - skipped\n'}
[13.541747] (tello_msgs) StdoutLine: {'line': b'-- Detecting CXX compile features\n'}
[13.545089] (tello_msgs) StdoutLine: {'line': b'-- Detecting CXX compile features - done\n'}
[13.622606] (-) TimerEvent: {}
[13.724260] (-) TimerEvent: {}
[13.774970] (tello_description) StdoutLine: {'line': b'-- Detecting CXX compiler ABI info - done\n'}
[13.824631] (-) TimerEvent: {}
[13.938581] (-) TimerEvent: {}
[13.971079] (tello_description) StdoutLine: {'line': b'-- Check for working CXX compiler: /usr/bin/c++ - skipped\n'}
[13.973776] (tello_description) StdoutLine: {'line': b'-- Detecting CXX compile features\n'}
[13.976110] (tello_msgs) StdoutLine: {'line': b'-- Found ament_cmake: 1.3.14 (/opt/ros/humble/share/ament_cmake/cmake)\n'}
[13.978092] (tello_description) StdoutLine: {'line': b'-- Detecting CXX compile features - done\n'}
[13.980193] (ros2_shared) StdoutLine: {'line': b'-- Found ament_cmake: 1.3.14 (/opt/ros/humble/share/ament_cmake/cmake)\n'}
[14.038804] (-) TimerEvent: {}
[14.139751] (-) TimerEvent: {}
[14.240683] (-) TimerEvent: {}
[14.251774] (tello_description) StdoutLine: {'line': b'-- Found ament_cmake: 1.3.14 (/opt/ros/humble/share/ament_cmake/cmake)\n'}
[14.254964] (tello_msgs) StdoutLine: {'line': b'-- Found Python3: /usr/bin/python3 (found version "3.10.12") found components: Interpreter \n'}
[14.256557] (ros2_shared) StdoutLine: {'line': b'-- Found Python3: /usr/bin/python3 (found version "3.10.12") found components: Interpreter \n'}
[14.340872] (-) TimerEvent: {}
[14.442103] (-) TimerEvent: {}
[14.495726] (tello_description) StdoutLine: {'line': b'-- Found Python3: /usr/bin/python3 (found version "3.10.12") found components: Interpreter \n'}
[14.542355] (-) TimerEvent: {}
[14.647050] (-) TimerEvent: {}
[14.751533] (-) TimerEvent: {}
[14.852434] (-) TimerEvent: {}
[14.953597] (-) TimerEvent: {}
[15.055827] (-) TimerEvent: {}
[15.074052] (ros2_shared) StdoutLine: {'line': b'-- Found rclcpp: 16.0.19 (/opt/ros/humble/share/rclcpp/cmake)\n'}
[15.085710] (tello_msgs) StdoutLine: {'line': b'-- Found rosidl_default_generators: 1.2.1 (/opt/ros/humble/share/rosidl_default_generators/cmake)\n'}
[15.104879] (tello_msgs) StdoutLine: {'line': b'-- Using all available rosidl_typesupport_c: rosidl_typesupport_fastrtps_c;rosidl_typesupport_introspection_c\n'}
[15.112143] (tello_msgs) StdoutLine: {'line': b'-- Found rosidl_adapter: 3.1.8 (/opt/ros/humble/share/rosidl_adapter/cmake)\n'}
[15.156181] (-) TimerEvent: {}
[15.257643] (-) TimerEvent: {}
[15.267287] (ros2_shared) StdoutLine: {'line': b'-- Found rosidl_generator_c: 3.1.8 (/opt/ros/humble/share/rosidl_generator_c/cmake)\n'}
[15.273405] (ros2_shared) StdoutLine: {'line': b'-- Found rosidl_adapter: 3.1.8 (/opt/ros/humble/share/rosidl_adapter/cmake)\n'}
[15.286050] (ros2_shared) StdoutLine: {'line': b'-- Found rosidl_generator_cpp: 3.1.8 (/opt/ros/humble/share/rosidl_generator_cpp/cmake)\n'}
[15.304437] (ros2_shared) StdoutLine: {'line': b'-- Using all available rosidl_typesupport_c: rosidl_typesupport_fastrtps_c;rosidl_typesupport_introspection_c\n'}
[15.307416] (tello_msgs) StdoutLine: {'line': b'-- Using all available rosidl_typesupport_cpp: rosidl_typesupport_fastrtps_cpp;rosidl_typesupport_introspection_cpp\n'}
[15.309127] (tello_description) StdoutLine: {'line': b'-- creating rules for /mnt/g/My Drive/Primary/skl-Course/SP26/EECS 206A - Introduction to Robotics/106a_final_project/drone_simulation/build/tello_description/urdf/tello.urdf\n'}
[15.310889] (tello_description) StdoutLine: {'line': b'-- creating rules for /mnt/g/My Drive/Primary/skl-Course/SP26/EECS 206A - Introduction to Robotics/106a_final_project/drone_simulation/build/tello_description/urdf/tello_1.urdf\n'}
[15.312844] (tello_description) StdoutLine: {'line': b'-- creating rules for /mnt/g/My Drive/Primary/skl-Course/SP26/EECS 206A - Introduction to Robotics/106a_final_project/drone_simulation/build/tello_description/urdf/tello_2.urdf\n'}
[15.314606] (tello_description) StdoutLine: {'line': b'-- creating rules for /mnt/g/My Drive/Primary/skl-Course/SP26/EECS 206A - Introduction to Robotics/106a_final_project/drone_simulation/build/tello_description/urdf/tello_3.urdf\n'}
[15.317127] (tello_description) StdoutLine: {'line': b'-- creating rules for /mnt/g/My Drive/Primary/skl-Course/SP26/EECS 206A - Introduction to Robotics/106a_final_project/drone_simulation/build/tello_description/urdf/tello_4.urdf\n'}
[15.319172] (tello_description) StdoutLine: {'line': b'-- creating rules for /mnt/g/My Drive/Primary/skl-Course/SP26/EECS 206A - Introduction to Robotics/106a_final_project/drone_simulation/build/tello_description/urdf/tello_5.urdf\n'}
[15.321154] (tello_description) StdoutLine: {'line': b'-- creating rules for /mnt/g/My Drive/Primary/skl-Course/SP26/EECS 206A - Introduction to Robotics/106a_final_project/drone_simulation/build/tello_description/urdf/tello_6.urdf\n'}
[15.323218] (tello_description) StdoutLine: {'line': b'-- creating rules for /mnt/g/My Drive/Primary/skl-Course/SP26/EECS 206A - Introduction to Robotics/106a_final_project/drone_simulation/build/tello_description/urdf/tello_7.urdf\n'}
[15.325803] (tello_description) StdoutLine: {'line': b'-- creating rules for /mnt/g/My Drive/Primary/skl-Course/SP26/EECS 206A - Introduction to Robotics/106a_final_project/drone_simulation/build/tello_description/urdf/tello_8.urdf\n'}
[15.327704] (ros2_shared) StdoutLine: {'line': b'-- Using all available rosidl_typesupport_cpp: rosidl_typesupport_fastrtps_cpp;rosidl_typesupport_introspection_cpp\n'}
[15.347079] (tello_msgs) StdoutLine: {'line': b'-- Found std_msgs: 4.9.1 (/opt/ros/humble/share/std_msgs/cmake)\n'}
[15.357808] (-) TimerEvent: {}
[15.383418] (ros2_shared) StdoutLine: {'line': b'-- Found rmw_implementation_cmake: 6.1.2 (/opt/ros/humble/share/rmw_implementation_cmake/cmake)\n'}
[15.391593] (ros2_shared) StdoutLine: {'line': b'-- Found rmw_fastrtps_cpp: 6.2.10 (/opt/ros/humble/share/rmw_fastrtps_cpp/cmake)\n'}
[15.458057] (-) TimerEvent: {}
[15.559655] (-) TimerEvent: {}
[15.660789] (-) TimerEvent: {}
[15.762446] (-) TimerEvent: {}
[15.863832] (-) TimerEvent: {}
[15.964995] (-) TimerEvent: {}
[16.065875] (-) TimerEvent: {}
[16.166943] (-) TimerEvent: {}
[16.273411] (-) TimerEvent: {}
[16.374380] (-) TimerEvent: {}
[16.485122] (-) TimerEvent: {}
[16.586037] (-) TimerEvent: {}
[16.687052] (-) TimerEvent: {}
[16.787927] (-) TimerEvent: {}
[16.889024] (-) TimerEvent: {}
[16.990150] (-) TimerEvent: {}
[17.000574] (ros2_shared) StdoutLine: {'line': b'-- Found OpenSSL: /usr/lib/x86_64-linux-gnu/libcrypto.so (found version "3.0.2")  \n'}
[17.090341] (-) TimerEvent: {}
[17.196511] (-) TimerEvent: {}
[17.297688] (-) TimerEvent: {}
[17.400791] (-) TimerEvent: {}
[17.501940] (-) TimerEvent: {}
[17.602877] (-) TimerEvent: {}
[17.703789] (-) TimerEvent: {}
[17.804809] (-) TimerEvent: {}
[17.821094] (tello_description) StdoutLine: {'line': b'-- Configuring done\n'}
[17.904999] (-) TimerEvent: {}
[18.005935] (-) TimerEvent: {}
[18.107230] (-) TimerEvent: {}
[18.208535] (-) TimerEvent: {}
[18.309516] (-) TimerEvent: {}
[18.410955] (-) TimerEvent: {}
[18.515358] (-) TimerEvent: {}
[18.618804] (-) TimerEvent: {}
[18.719933] (-) TimerEvent: {}
[18.738886] (ros2_shared) StdoutLine: {'line': b'-- Found FastRTPS: /opt/ros/humble/include  \n'}
[18.820112] (-) TimerEvent: {}
[18.920979] (-) TimerEvent: {}
[19.022232] (-) TimerEvent: {}
[19.123164] (-) TimerEvent: {}
[19.224214] (-) TimerEvent: {}
[19.325311] (-) TimerEvent: {}
[19.429133] (-) TimerEvent: {}
[19.530631] (-) TimerEvent: {}
[19.631586] (-) TimerEvent: {}
[19.733661] (-) TimerEvent: {}
[19.835578] (-) TimerEvent: {}
[19.936913] (-) TimerEvent: {}
[20.037878] (-) TimerEvent: {}
[20.138819] (-) TimerEvent: {}
[20.239845] (-) TimerEvent: {}
[20.340823] (-) TimerEvent: {}
[20.442959] (-) TimerEvent: {}
[20.543855] (-) TimerEvent: {}
[20.645869] (-) TimerEvent: {}
[20.747236] (-) TimerEvent: {}
[20.849399] (-) TimerEvent: {}
[20.952208] (-) TimerEvent: {}
[21.054652] (-) TimerEvent: {}
[21.155717] (-) TimerEvent: {}
[21.256594] (-) TimerEvent: {}
[21.358220] (-) TimerEvent: {}
[21.460049] (-) TimerEvent: {}
[21.561086] (-) TimerEvent: {}
[21.662028] (-) TimerEvent: {}
[21.763105] (-) TimerEvent: {}
[21.854370] (ros2_shared) StdoutLine: {'line': b"-- Using RMW implementation 'rmw_fastrtps_cpp' as default\n"}
[21.863293] (-) TimerEvent: {}
[21.964655] (-) TimerEvent: {}
[22.066138] (-) TimerEvent: {}
[22.215897] (-) TimerEvent: {}
[22.228658] (ros2_shared) StdoutLine: {'line': b'-- Looking for pthread.h\n'}
[22.316147] (-) TimerEvent: {}
[22.424003] (-) TimerEvent: {}
[22.448800] (tello_description) StdoutLine: {'line': b'-- Generating done\n'}
[22.524192] (-) TimerEvent: {}
[22.626912] (-) TimerEvent: {}
[22.732390] (-) TimerEvent: {}
[22.834075] (-) TimerEvent: {}
[22.937711] (-) TimerEvent: {}
[22.996048] (tello_msgs) StdoutLine: {'line': b'-- Found ament_cmake_ros: 0.10.0 (/opt/ros/humble/share/ament_cmake_ros/cmake)\n'}
[23.274153] (-) TimerEvent: {}
[23.375726] (-) TimerEvent: {}
[23.482764] (-) TimerEvent: {}
[23.583742] (-) TimerEvent: {}
[23.686016] (-) TimerEvent: {}
[23.787169] (-) TimerEvent: {}
[23.888354] (-) TimerEvent: {}
[23.989291] (-) TimerEvent: {}
[24.091219] (-) TimerEvent: {}
[24.192481] (-) TimerEvent: {}
[24.293446] (-) TimerEvent: {}
[24.394793] (-) TimerEvent: {}
[24.496877] (-) TimerEvent: {}
[24.598193] (-) TimerEvent: {}
[24.704213] (-) TimerEvent: {}
[24.805089] (-) TimerEvent: {}
[24.906854] (-) TimerEvent: {}
[25.012800] (-) TimerEvent: {}
[25.117754] (-) TimerEvent: {}
[25.218746] (-) TimerEvent: {}
[25.320841] (-) TimerEvent: {}
[25.422396] (-) TimerEvent: {}
[25.524061] (-) TimerEvent: {}
[25.625617] (-) TimerEvent: {}
[25.727898] (-) TimerEvent: {}
[25.832751] (-) TimerEvent: {}
[25.860415] (tello_description) StdoutLine: {'line': b'-- Build files have been written to: /mnt/g/My Drive/Primary/skl-Course/SP26/EECS 206A - Introduction to Robotics/106a_final_project/drone_simulation/build/tello_description\n'}
[25.868256] (tello_description) CommandEnded: {'returncode': 0}
[25.914197] (tello_description) JobProgress: {'identifier': 'tello_description', 'progress': 'build'}
[25.932889] (-) TimerEvent: {}
[25.938565] (tello_description) Command: {'cmd': ['/usr/bin/cmake', '--build', '/mnt/g/My Drive/Primary/skl-Course/SP26/EECS 206A - Introduction to Robotics/106a_final_project/drone_simulation/build/tello_description', '--', '-j16', '-l16'], 'cwd': '/mnt/g/My Drive/Primary/skl-Course/SP26/EECS 206A - Introduction to Robotics/106a_final_project/drone_simulation/build/tello_description', 'env': OrderedDict([('LESSOPEN', '| /usr/bin/lesspipe %s'), ('USER', 'happygaj'), ('SHLVL', '1'), ('LD_LIBRARY_PATH', '/opt/ros/humble/opt/rviz_ogre_vendor/lib:/opt/ros/humble/lib/x86_64-linux-gnu:/opt/ros/humble/lib'), ('WT_PROFILE_ID', '{bce5ad17-2bdc-5d74-b2f9-07b5c1c5975c}'), ('HOME', '/home/happygaj'), ('OLDPWD', '/home/happygaj/my_project/drone_simulation'), ('ROS_PYTHON_VERSION', '3'), ('DBUS_SESSION_BUS_ADDRESS', 'unix:path=/run/user/1000/bus'), ('WSL_DISTRO_NAME', 'Ubuntu-22.04'), ('WAYLAND_DISPLAY', 'wayland-0'), ('ROS_DISTRO', 'humble'), ('LOGNAME', 'happygaj'), ('NAME', 'skl'), ('WSL_INTEROP', '/run/WSL/21553_interop'), ('PULSE_SERVER', 'unix:/mnt/wslg/PulseServer'), ('_', '/usr/bin/colcon'), ('ROS_VERSION', '2'), ('TERM', 'xterm-256color'), ('ROS_LOCALHOST_ONLY', '0'), ('PATH', '/opt/ros/humble/bin:/usr/local/sbin:/usr/local/bin:/usr/sbin:/usr/bin:/sbin:/bin:/usr/games:/usr/local/games:/usr/lib/wsl/lib:/mnt/c/WINDOWS/system32:/mnt/c/WINDOWS:/mnt/c/WINDOWS/System32/Wbem:/mnt/c/WINDOWS/System32/WindowsPowerShell/v1.0/:/mnt/c/WINDOWS/System32/OpenSSH/:/mnt/c/Program Files/MATLAB/R2025a/bin:/mnt/c/Program Files (x86)/Windows Kits/10/Windows Performance Toolkit/:/mnt/c/Program Files/dotnet/:/mnt/c/Program Files (x86)/Windows Kits/8.1/Windows Performance Toolkit/:/mnt/c/Program Files/Git/cmd:/mnt/c/Program Files/cursor/resources/app/bin:/mnt/c/Program Files/Tailscale/:/Docker/host/bin:/mnt/c/Users/happy/AppData/Local/Microsoft/WindowsApps:/mnt/c/Users/happy/AppData/Local/Programs/Microsoft VS Code/bin:/mnt/c/Users/happy/AppData/Local/Programs/cursor/resources/app/bin:/mnt/c/Users/happy/.local/bin:/snap/bin'), ('WT_SESSION', '490fbee8-1dcb-4fa2-a3f8-23b1e43e102c'), ('XDG_RUNTIME_DIR', '/run/user/1000/'), ('DISPLAY', ':0'), ('LANG', 'en_US.UTF-8'), ('LS_COLORS', 'rs=0:di=01;34:ln=01;36:mh=00:pi=40;33:so=01;35:do=01;35:bd=40;33;01:cd=40;33;01:or=40;31;01:mi=00:su=37;41:sg=30;43:ca=30;41:tw=30;42:ow=34;42:st=37;44:ex=01;32:*.tar=01;31:*.tgz=01;31:*.arc=01;31:*.arj=01;31:*.taz=01;31:*.lha=01;31:*.lz4=01;31:*.lzh=01;31:*.lzma=01;31:*.tlz=01;31:*.txz=01;31:*.tzo=01;31:*.t7z=01;31:*.zip=01;31:*.z=01;31:*.dz=01;31:*.gz=01;31:*.lrz=01;31:*.lz=01;31:*.lzo=01;31:*.xz=01;31:*.zst=01;31:*.tzst=01;31:*.bz2=01;31:*.bz=01;31:*.tbz=01;31:*.tbz2=01;31:*.tz=01;31:*.deb=01;31:*.rpm=01;31:*.jar=01;31:*.war=01;31:*.ear=01;31:*.sar=01;31:*.rar=01;31:*.alz=01;31:*.ace=01;31:*.zoo=01;31:*.cpio=01;31:*.7z=01;31:*.rz=01;31:*.cab=01;31:*.wim=01;31:*.swm=01;31:*.dwm=01;31:*.esd=01;31:*.jpg=01;35:*.jpeg=01;35:*.mjpg=01;35:*.mjpeg=01;35:*.gif=01;35:*.bmp=01;35:*.pbm=01;35:*.pgm=01;35:*.ppm=01;35:*.tga=01;35:*.xbm=01;35:*.xpm=01;35:*.tif=01;35:*.tiff=01;35:*.png=01;35:*.svg=01;35:*.svgz=01;35:*.mng=01;35:*.pcx=01;35:*.mov=01;35:*.mpg=01;35:*.mpeg=01;35:*.m2v=01;35:*.mkv=01;35:*.webm=01;35:*.webp=01;35:*.ogm=01;35:*.mp4=01;35:*.m4v=01;35:*.mp4v=01;35:*.vob=01;35:*.qt=01;35:*.nuv=01;35:*.wmv=01;35:*.asf=01;35:*.rm=01;35:*.rmvb=01;35:*.flc=01;35:*.avi=01;35:*.fli=01;35:*.flv=01;35:*.gl=01;35:*.dl=01;35:*.xcf=01;35:*.xwd=01;35:*.yuv=01;35:*.cgm=01;35:*.emf=01;35:*.ogv=01;35:*.ogx=01;35:*.aac=00;36:*.au=00;36:*.flac=00;36:*.m4a=00;36:*.mid=00;36:*.midi=00;36:*.mka=00;36:*.mp3=00;36:*.mpc=00;36:*.ogg=00;36:*.ra=00;36:*.wav=00;36:*.oga=00;36:*.opus=00;36:*.spx=00;36:*.xspf=00;36:'), ('AMENT_PREFIX_PATH', '/opt/ros/humble'), ('SHELL', '/bin/bash'), ('LESSCLOSE', '/usr/bin/lesspipe %s %s'), ('PWD', '/mnt/g/My Drive/Primary/skl-Course/SP26/EECS 206A - Introduction to Robotics/106a_final_project/drone_simulation/build/tello_description'), ('XDG_DATA_DIRS', '/usr/local/share:/usr/share:/var/lib/snapd/desktop'), ('PYTHONPATH', '/opt/ros/humble/lib/python3.10/site-packages:/opt/ros/humble/local/lib/python3.10/dist-packages'), ('COLCON', '1'), ('WSL2_GUI_APPS_ENABLED', '1'), ('HOSTTYPE', 'x86_64'), ('WSLENV', 'WT_SESSION:WT_PROFILE_ID:'), ('CMAKE_PREFIX_PATH', '/opt/ros/humble')]), 'shell': False}
[26.033094] (-) TimerEvent: {}
[26.136794] (-) TimerEvent: {}
[26.185541] (ros2_shared) StdoutLine: {'line': b'-- Looking for pthread.h - found\n'}
[26.236967] (-) TimerEvent: {}
[26.269065] (ros2_shared) StdoutLine: {'line': b'-- Performing Test CMAKE_HAVE_LIBC_PTHREAD\n'}
[26.337138] (-) TimerEvent: {}
[26.441367] (-) TimerEvent: {}
[26.542369] (-) TimerEvent: {}
[26.643414] (-) TimerEvent: {}
[26.745208] (-) TimerEvent: {}
[26.831426] (tello_description) StdoutLine: {'line': b'-- Found ament_cmake: 1.3.14 (/opt/ros/humble/share/ament_cmake/cmake)\n'}
[26.845326] (-) TimerEvent: {}
[26.946406] (-) TimerEvent: {}
[27.047711] (-) TimerEvent: {}
[27.155759] (-) TimerEvent: {}
[27.256791] (-) TimerEvent: {}
[27.358792] (-) TimerEvent: {}
[27.461031] (-) TimerEvent: {}
[27.562350] (-) TimerEvent: {}
[27.569252] (tello_description) StdoutLine: {'line': b'-- creating rules for /mnt/g/My Drive/Primary/skl-Course/SP26/EECS 206A - Introduction to Robotics/106a_final_project/drone_simulation/build/tello_description/urdf/tello.urdf\n'}
[27.572108] (tello_description) StdoutLine: {'line': b'-- creating rules for /mnt/g/My Drive/Primary/skl-Course/SP26/EECS 206A - Introduction to Robotics/106a_final_project/drone_simulation/build/tello_description/urdf/tello_1.urdf\n'}
[27.574422] (tello_description) StdoutLine: {'line': b'-- creating rules for /mnt/g/My Drive/Primary/skl-Course/SP26/EECS 206A - Introduction to Robotics/106a_final_project/drone_simulation/build/tello_description/urdf/tello_2.urdf\n'}
[27.576168] (tello_description) StdoutLine: {'line': b'-- creating rules for /mnt/g/My Drive/Primary/skl-Course/SP26/EECS 206A - Introduction to Robotics/106a_final_project/drone_simulation/build/tello_description/urdf/tello_3.urdf\n'}
[27.578029] (tello_description) StdoutLine: {'line': b'-- creating rules for /mnt/g/My Drive/Primary/skl-Course/SP26/EECS 206A - Introduction to Robotics/106a_final_project/drone_simulation/build/tello_description/urdf/tello_4.urdf\n'}
[27.579832] (tello_description) StdoutLine: {'line': b'-- creating rules for /mnt/g/My Drive/Primary/skl-Course/SP26/EECS 206A - Introduction to Robotics/106a_final_project/drone_simulation/build/tello_description/urdf/tello_5.urdf\n'}
[27.581782] (tello_description) StdoutLine: {'line': b'-- creating rules for /mnt/g/My Drive/Primary/skl-Course/SP26/EECS 206A - Introduction to Robotics/106a_final_project/drone_simulation/build/tello_description/urdf/tello_6.urdf\n'}
[27.583420] (tello_description) StdoutLine: {'line': b'-- creating rules for /mnt/g/My Drive/Primary/skl-Course/SP26/EECS 206A - Introduction to Robotics/106a_final_project/drone_simulation/build/tello_description/urdf/tello_7.urdf\n'}
[27.585168] (tello_description) StdoutLine: {'line': b'-- creating rules for /mnt/g/My Drive/Primary/skl-Course/SP26/EECS 206A - Introduction to Robotics/106a_final_project/drone_simulation/build/tello_description/urdf/tello_8.urdf\n'}
[27.662629] (-) TimerEvent: {}
[27.789381] (-) TimerEvent: {}
[27.890284] (-) TimerEvent: {}
[27.991267] (-) TimerEvent: {}
[28.092297] (-) TimerEvent: {}
[28.193902] (-) TimerEvent: {}
[28.295075] (-) TimerEvent: {}
[28.395954] (-) TimerEvent: {}
[28.496832] (-) TimerEvent: {}
[28.598626] (-) TimerEvent: {}
[28.700310] (-) TimerEvent: {}
[28.801338] (-) TimerEvent: {}
[28.903338] (-) TimerEvent: {}
[29.004875] (-) TimerEvent: {}
[29.105976] (-) TimerEvent: {}
[29.206858] (-) TimerEvent: {}
[29.307772] (-) TimerEvent: {}
[29.409336] (-) TimerEvent: {}
[29.436855] (tello_description) StdoutLine: {'line': b'-- Configuring done\n'}
[29.509568] (-) TimerEvent: {}
[29.611004] (-) TimerEvent: {}
[29.716074] (-) TimerEvent: {}
[29.817734] (-) TimerEvent: {}
[29.892558] (ros2_shared) StdoutLine: {'line': b'-- Performing Test CMAKE_HAVE_LIBC_PTHREAD - Success\n'}
[29.917966] (-) TimerEvent: {}
[29.937414] (ros2_shared) StdoutLine: {'line': b'-- Found Threads: TRUE  \n'}
[30.018145] (-) TimerEvent: {}
[30.119540] (-) TimerEvent: {}
[30.221154] (-) TimerEvent: {}
[30.622313] (-) TimerEvent: {}
[30.725460] (-) TimerEvent: {}
[30.826681] (-) TimerEvent: {}
[30.928548] (-) TimerEvent: {}
[31.029910] (-) TimerEvent: {}
[31.131556] (-) TimerEvent: {}
[31.233062] (-) TimerEvent: {}
[31.337779] (-) TimerEvent: {}
[31.438631] (-) TimerEvent: {}
[31.541538] (-) TimerEvent: {}
[31.643541] (-) TimerEvent: {}
[31.744883] (-) TimerEvent: {}
[31.847355] (-) TimerEvent: {}
[31.948725] (-) TimerEvent: {}
[32.050374] (-) TimerEvent: {}
[32.152954] (-) TimerEvent: {}
[32.253948] (-) TimerEvent: {}
[32.354859] (-) TimerEvent: {}
[32.457639] (-) TimerEvent: {}
[32.558796] (-) TimerEvent: {}
[32.665755] (-) TimerEvent: {}
[32.773815] (-) TimerEvent: {}
[32.874701] (-) TimerEvent: {}
[32.975924] (-) TimerEvent: {}
[33.079406] (-) TimerEvent: {}
[33.180690] (-) TimerEvent: {}
[33.282625] (-) TimerEvent: {}
[33.383525] (-) TimerEvent: {}
[33.485018] (-) TimerEvent: {}
[33.586028] (-) TimerEvent: {}
[33.687273] (-) TimerEvent: {}
[33.793377] (-) TimerEvent: {}
[33.895006] (-) TimerEvent: {}
[33.996087] (-) TimerEvent: {}
[34.096987] (-) TimerEvent: {}
[34.198645] (-) TimerEvent: {}
[34.299808] (-) TimerEvent: {}
[34.320153] (ros2_shared) StdoutLine: {'line': b'-- Configuring done\n'}
[34.399997] (-) TimerEvent: {}
[34.504036] (-) TimerEvent: {}
[34.605279] (-) TimerEvent: {}
[34.706187] (-) TimerEvent: {}
[34.787778] (tello_description) StdoutLine: {'line': b'-- Generating done\n'}
[34.806386] (-) TimerEvent: {}
[34.907763] (-) TimerEvent: {}
[35.013444] (-) TimerEvent: {}
[35.114385] (-) TimerEvent: {}
[35.216122] (-) TimerEvent: {}
[35.314155] (tello_msgs) StdoutLine: {'line': b'-- Using all available rosidl_typesupport_c: rosidl_typesupport_fastrtps_c;rosidl_typesupport_introspection_c\n'}
[35.317850] (-) TimerEvent: {}
[35.419409] (-) TimerEvent: {}
[35.520377] (-) TimerEvent: {}
[35.621863] (-) TimerEvent: {}
[35.722997] (-) TimerEvent: {}
[35.827273] (-) TimerEvent: {}
[35.928499] (-) TimerEvent: {}
[36.031325] (-) TimerEvent: {}
[36.132383] (-) TimerEvent: {}
[36.234539] (-) TimerEvent: {}
[36.335373] (-) TimerEvent: {}
[36.436959] (-) TimerEvent: {}
[36.538438] (-) TimerEvent: {}
[36.639718] (-) TimerEvent: {}
[36.662305] (ros2_shared) StdoutLine: {'line': b'-- Generating done\n'}
[36.741009] (-) TimerEvent: {}
[36.846901] (-) TimerEvent: {}
[36.948172] (-) TimerEvent: {}
[37.050718] (-) TimerEvent: {}
[37.154093] (-) TimerEvent: {}
[37.257823] (-) TimerEvent: {}
[37.359368] (-) TimerEvent: {}
[37.463291] (-) TimerEvent: {}
[37.566473] (-) TimerEvent: {}
[37.669532] (-) TimerEvent: {}
[37.772289] (-) TimerEvent: {}
[37.842196] (ros2_shared) StdoutLine: {'line': b'-- Build files have been written to: /mnt/g/My Drive/Primary/skl-Course/SP26/EECS 206A - Introduction to Robotics/106a_final_project/drone_simulation/build/ros2_shared\n'}
[37.857405] (ros2_shared) CommandEnded: {'returncode': 0}
[37.872688] (-) TimerEvent: {}
[37.882231] (ros2_shared) JobProgress: {'identifier': 'ros2_shared', 'progress': 'build'}
[37.904611] (ros2_shared) Command: {'cmd': ['/usr/bin/cmake', '--build', '/mnt/g/My Drive/Primary/skl-Course/SP26/EECS 206A - Introduction to Robotics/106a_final_project/drone_simulation/build/ros2_shared', '--', '-j16', '-l16'], 'cwd': '/mnt/g/My Drive/Primary/skl-Course/SP26/EECS 206A - Introduction to Robotics/106a_final_project/drone_simulation/build/ros2_shared', 'env': OrderedDict([('LESSOPEN', '| /usr/bin/lesspipe %s'), ('USER', 'happygaj'), ('SHLVL', '1'), ('LD_LIBRARY_PATH', '/opt/ros/humble/opt/rviz_ogre_vendor/lib:/opt/ros/humble/lib/x86_64-linux-gnu:/opt/ros/humble/lib'), ('WT_PROFILE_ID', '{bce5ad17-2bdc-5d74-b2f9-07b5c1c5975c}'), ('HOME', '/home/happygaj'), ('OLDPWD', '/home/happygaj/my_project/drone_simulation'), ('ROS_PYTHON_VERSION', '3'), ('DBUS_SESSION_BUS_ADDRESS', 'unix:path=/run/user/1000/bus'), ('WSL_DISTRO_NAME', 'Ubuntu-22.04'), ('WAYLAND_DISPLAY', 'wayland-0'), ('ROS_DISTRO', 'humble'), ('LOGNAME', 'happygaj'), ('NAME', 'skl'), ('WSL_INTEROP', '/run/WSL/21553_interop'), ('PULSE_SERVER', 'unix:/mnt/wslg/PulseServer'), ('_', '/usr/bin/colcon'), ('ROS_VERSION', '2'), ('TERM', 'xterm-256color'), ('ROS_LOCALHOST_ONLY', '0'), ('PATH', '/opt/ros/humble/bin:/usr/local/sbin:/usr/local/bin:/usr/sbin:/usr/bin:/sbin:/bin:/usr/games:/usr/local/games:/usr/lib/wsl/lib:/mnt/c/WINDOWS/system32:/mnt/c/WINDOWS:/mnt/c/WINDOWS/System32/Wbem:/mnt/c/WINDOWS/System32/WindowsPowerShell/v1.0/:/mnt/c/WINDOWS/System32/OpenSSH/:/mnt/c/Program Files/MATLAB/R2025a/bin:/mnt/c/Program Files (x86)/Windows Kits/10/Windows Performance Toolkit/:/mnt/c/Program Files/dotnet/:/mnt/c/Program Files (x86)/Windows Kits/8.1/Windows Performance Toolkit/:/mnt/c/Program Files/Git/cmd:/mnt/c/Program Files/cursor/resources/app/bin:/mnt/c/Program Files/Tailscale/:/Docker/host/bin:/mnt/c/Users/happy/AppData/Local/Microsoft/WindowsApps:/mnt/c/Users/happy/AppData/Local/Programs/Microsoft VS Code/bin:/mnt/c/Users/happy/AppData/Local/Programs/cursor/resources/app/bin:/mnt/c/Users/happy/.local/bin:/snap/bin'), ('WT_SESSION', '490fbee8-1dcb-4fa2-a3f8-23b1e43e102c'), ('XDG_RUNTIME_DIR', '/run/user/1000/'), ('DISPLAY', ':0'), ('LANG', 'en_US.UTF-8'), ('LS_COLORS', 'rs=0:di=01;34:ln=01;36:mh=00:pi=40;33:so=01;35:do=01;35:bd=40;33;01:cd=40;33;01:or=40;31;01:mi=00:su=37;41:sg=30;43:ca=30;41:tw=30;42:ow=34;42:st=37;44:ex=01;32:*.tar=01;31:*.tgz=01;31:*.arc=01;31:*.arj=01;31:*.taz=01;31:*.lha=01;31:*.lz4=01;31:*.lzh=01;31:*.lzma=01;31:*.tlz=01;31:*.txz=01;31:*.tzo=01;31:*.t7z=01;31:*.zip=01;31:*.z=01;31:*.dz=01;31:*.gz=01;31:*.lrz=01;31:*.lz=01;31:*.lzo=01;31:*.xz=01;31:*.zst=01;31:*.tzst=01;31:*.bz2=01;31:*.bz=01;31:*.tbz=01;31:*.tbz2=01;31:*.tz=01;31:*.deb=01;31:*.rpm=01;31:*.jar=01;31:*.war=01;31:*.ear=01;31:*.sar=01;31:*.rar=01;31:*.alz=01;31:*.ace=01;31:*.zoo=01;31:*.cpio=01;31:*.7z=01;31:*.rz=01;31:*.cab=01;31:*.wim=01;31:*.swm=01;31:*.dwm=01;31:*.esd=01;31:*.jpg=01;35:*.jpeg=01;35:*.mjpg=01;35:*.mjpeg=01;35:*.gif=01;35:*.bmp=01;35:*.pbm=01;35:*.pgm=01;35:*.ppm=01;35:*.tga=01;35:*.xbm=01;35:*.xpm=01;35:*.tif=01;35:*.tiff=01;35:*.png=01;35:*.svg=01;35:*.svgz=01;35:*.mng=01;35:*.pcx=01;35:*.mov=01;35:*.mpg=01;35:*.mpeg=01;35:*.m2v=01;35:*.mkv=01;35:*.webm=01;35:*.webp=01;35:*.ogm=01;35:*.mp4=01;35:*.m4v=01;35:*.mp4v=01;35:*.vob=01;35:*.qt=01;35:*.nuv=01;35:*.wmv=01;35:*.asf=01;35:*.rm=01;35:*.rmvb=01;35:*.flc=01;35:*.avi=01;35:*.fli=01;35:*.flv=01;35:*.gl=01;35:*.dl=01;35:*.xcf=01;35:*.xwd=01;35:*.yuv=01;35:*.cgm=01;35:*.emf=01;35:*.ogv=01;35:*.ogx=01;35:*.aac=00;36:*.au=00;36:*.flac=00;36:*.m4a=00;36:*.mid=00;36:*.midi=00;36:*.mka=00;36:*.mp3=00;36:*.mpc=00;36:*.ogg=00;36:*.ra=00;36:*.wav=00;36:*.oga=00;36:*.opus=00;36:*.spx=00;36:*.xspf=00;36:'), ('AMENT_PREFIX_PATH', '/opt/ros/humble'), ('SHELL', '/bin/bash'), ('LESSCLOSE', '/usr/bin/lesspipe %s %s'), ('PWD', '/mnt/g/My Drive/Primary/skl-Course/SP26/EECS 206A - Introduction to Robotics/106a_final_project/drone_simulation/build/ros2_shared'), ('XDG_DATA_DIRS', '/usr/local/share:/usr/share:/var/lib/snapd/desktop'), ('PYTHONPATH', '/opt/ros/humble/lib/python3.10/site-packages:/opt/ros/humble/local/lib/python3.10/dist-packages'), ('COLCON', '1'), ('WSL2_GUI_APPS_ENABLED', '1'), ('HOSTTYPE', 'x86_64'), ('WSLENV', 'WT_SESSION:WT_PROFILE_ID:'), ('CMAKE_PREFIX_PATH', '/opt/ros/humble')]), 'shell': False}
[37.973576] (-) TimerEvent: {}
[38.060723] (tello_description) StdoutLine: {'line': b'-- Build files have been written to: /mnt/g/My Drive/Primary/skl-Course/SP26/EECS 206A - Introduction to Robotics/106a_final_project/drone_simulation/build/tello_description\n'}
[38.073975] (-) TimerEvent: {}
[38.175521] (-) TimerEvent: {}
[38.276800] (-) TimerEvent: {}
[39.027993] (-) TimerEvent: {}
[39.100911] (ros2_shared) CommandEnded: {'returncode': 0}
[39.128179] (-) TimerEvent: {}
[39.229483] (-) TimerEvent: {}
[39.308226] (ros2_shared) JobProgress: {'identifier': 'ros2_shared', 'progress': 'install'}
[39.329648] (-) TimerEvent: {}
[39.383197] (ros2_shared) Command: {'cmd': ['/usr/bin/cmake', '--install', '/mnt/g/My Drive/Primary/skl-Course/SP26/EECS 206A - Introduction to Robotics/106a_final_project/drone_simulation/build/ros2_shared'], 'cwd': '/mnt/g/My Drive/Primary/skl-Course/SP26/EECS 206A - Introduction to Robotics/106a_final_project/drone_simulation/build/ros2_shared', 'env': OrderedDict([('LESSOPEN', '| /usr/bin/lesspipe %s'), ('USER', 'happygaj'), ('SHLVL', '1'), ('LD_LIBRARY_PATH', '/opt/ros/humble/opt/rviz_ogre_vendor/lib:/opt/ros/humble/lib/x86_64-linux-gnu:/opt/ros/humble/lib'), ('WT_PROFILE_ID', '{bce5ad17-2bdc-5d74-b2f9-07b5c1c5975c}'), ('HOME', '/home/happygaj'), ('OLDPWD', '/home/happygaj/my_project/drone_simulation'), ('ROS_PYTHON_VERSION', '3'), ('DBUS_SESSION_BUS_ADDRESS', 'unix:path=/run/user/1000/bus'), ('WSL_DISTRO_NAME', 'Ubuntu-22.04'), ('WAYLAND_DISPLAY', 'wayland-0'), ('ROS_DISTRO', 'humble'), ('LOGNAME', 'happygaj'), ('NAME', 'skl'), ('WSL_INTEROP', '/run/WSL/21553_interop'), ('PULSE_SERVER', 'unix:/mnt/wslg/PulseServer'), ('_', '/usr/bin/colcon'), ('ROS_VERSION', '2'), ('TERM', 'xterm-256color'), ('ROS_LOCALHOST_ONLY', '0'), ('PATH', '/opt/ros/humble/bin:/usr/local/sbin:/usr/local/bin:/usr/sbin:/usr/bin:/sbin:/bin:/usr/games:/usr/local/games:/usr/lib/wsl/lib:/mnt/c/WINDOWS/system32:/mnt/c/WINDOWS:/mnt/c/WINDOWS/System32/Wbem:/mnt/c/WINDOWS/System32/WindowsPowerShell/v1.0/:/mnt/c/WINDOWS/System32/OpenSSH/:/mnt/c/Program Files/MATLAB/R2025a/bin:/mnt/c/Program Files (x86)/Windows Kits/10/Windows Performance Toolkit/:/mnt/c/Program Files/dotnet/:/mnt/c/Program Files (x86)/Windows Kits/8.1/Windows Performance Toolkit/:/mnt/c/Program Files/Git/cmd:/mnt/c/Program Files/cursor/resources/app/bin:/mnt/c/Program Files/Tailscale/:/Docker/host/bin:/mnt/c/Users/happy/AppData/Local/Microsoft/WindowsApps:/mnt/c/Users/happy/AppData/Local/Programs/Microsoft VS Code/bin:/mnt/c/Users/happy/AppData/Local/Programs/cursor/resources/app/bin:/mnt/c/Users/happy/.local/bin:/snap/bin'), ('WT_SESSION', '490fbee8-1dcb-4fa2-a3f8-23b1e43e102c'), ('XDG_RUNTIME_DIR', '/run/user/1000/'), ('DISPLAY', ':0'), ('LANG', 'en_US.UTF-8'), ('LS_COLORS', 'rs=0:di=01;34:ln=01;36:mh=00:pi=40;33:so=01;35:do=01;35:bd=40;33;01:cd=40;33;01:or=40;31;01:mi=00:su=37;41:sg=30;43:ca=30;41:tw=30;42:ow=34;42:st=37;44:ex=01;32:*.tar=01;31:*.tgz=01;31:*.arc=01;31:*.arj=01;31:*.taz=01;31:*.lha=01;31:*.lz4=01;31:*.lzh=01;31:*.lzma=01;31:*.tlz=01;31:*.txz=01;31:*.tzo=01;31:*.t7z=01;31:*.zip=01;31:*.z=01;31:*.dz=01;31:*.gz=01;31:*.lrz=01;31:*.lz=01;31:*.lzo=01;31:*.xz=01;31:*.zst=01;31:*.tzst=01;31:*.bz2=01;31:*.bz=01;31:*.tbz=01;31:*.tbz2=01;31:*.tz=01;31:*.deb=01;31:*.rpm=01;31:*.jar=01;31:*.war=01;31:*.ear=01;31:*.sar=01;31:*.rar=01;31:*.alz=01;31:*.ace=01;31:*.zoo=01;31:*.cpio=01;31:*.7z=01;31:*.rz=01;31:*.cab=01;31:*.wim=01;31:*.swm=01;31:*.dwm=01;31:*.esd=01;31:*.jpg=01;35:*.jpeg=01;35:*.mjpg=01;35:*.mjpeg=01;35:*.gif=01;35:*.bmp=01;35:*.pbm=01;35:*.pgm=01;35:*.ppm=01;35:*.tga=01;35:*.xbm=01;35:*.xpm=01;35:*.tif=01;35:*.tiff=01;35:*.png=01;35:*.svg=01;35:*.svgz=01;35:*.mng=01;35:*.pcx=01;35:*.mov=01;35:*.mpg=01;35:*.mpeg=01;35:*.m2v=01;35:*.mkv=01;35:*.webm=01;35:*.webp=01;35:*.ogm=01;35:*.mp4=01;35:*.m4v=01;35:*.mp4v=01;35:*.vob=01;35:*.qt=01;35:*.nuv=01;35:*.wmv=01;35:*.asf=01;35:*.rm=01;35:*.rmvb=01;35:*.flc=01;35:*.avi=01;35:*.fli=01;35:*.flv=01;35:*.gl=01;35:*.dl=01;35:*.xcf=01;35:*.xwd=01;35:*.yuv=01;35:*.cgm=01;35:*.emf=01;35:*.ogv=01;35:*.ogx=01;35:*.aac=00;36:*.au=00;36:*.flac=00;36:*.m4a=00;36:*.mid=00;36:*.midi=00;36:*.mka=00;36:*.mp3=00;36:*.mpc=00;36:*.ogg=00;36:*.ra=00;36:*.wav=00;36:*.oga=00;36:*.opus=00;36:*.spx=00;36:*.xspf=00;36:'), ('AMENT_PREFIX_PATH', '/opt/ros/humble'), ('SHELL', '/bin/bash'), ('LESSCLOSE', '/usr/bin/lesspipe %s %s'), ('PWD', '/mnt/g/My Drive/Primary/skl-Course/SP26/EECS 206A - Introduction to Robotics/106a_final_project/drone_simulation/build/ros2_shared'), ('XDG_DATA_DIRS', '/usr/local/share:/usr/share:/var/lib/snapd/desktop'), ('PYTHONPATH', '/opt/ros/humble/lib/python3.10/site-packages:/opt/ros/humble/local/lib/python3.10/dist-packages'), ('COLCON', '1'), ('WSL2_GUI_APPS_ENABLED', '1'), ('HOSTTYPE', 'x86_64'), ('WSLENV', 'WT_SESSION:WT_PROFILE_ID:'), ('CMAKE_PREFIX_PATH', '/opt/ros/humble')]), 'shell': False}
[39.429879] (-) TimerEvent: {}
[39.460670] (ros2_shared) StdoutLine: {'line': b'-- Install configuration: ""\n'}
[39.520131] (ros2_shared) StdoutLine: {'line': b'-- Installing: /mnt/g/My Drive/Primary/skl-Course/SP26/EECS 206A - Introduction to Robotics/106a_final_project/drone_simulation/install/ros2_shared/include\n'}
[39.530155] (-) TimerEvent: {}
[39.633164] (-) TimerEvent: {}
[39.664643] (tello_description) StdoutLine: {'line': b'[100%] \x1b[34m\x1b[1mGenerate /mnt/g/My Drive/Primary/skl-Course/SP26/EECS 206A - Introduction to Robotics/106a_final_project/drone_simulation/build/tello_description/urdf/tello.urdf\x1b[0m\n'}
[39.679821] (tello_description) StdoutLine: {'line': b'[100%] \x1b[34m\x1b[1mGenerate /mnt/g/My Drive/Primary/skl-Course/SP26/EECS 206A - Introduction to Robotics/106a_final_project/drone_simulation/build/tello_description/urdf/tello_7.urdf\x1b[0m\n'}
[39.691095] (tello_description) StdoutLine: {'line': b'[100%] \x1b[34m\x1b[1mGenerate /mnt/g/My Drive/Primary/skl-Course/SP26/EECS 206A - Introduction to Robotics/106a_final_project/drone_simulation/build/tello_description/urdf/tello_2.urdf\x1b[0m\n'}
[39.704190] (tello_description) StdoutLine: {'line': b'[100%] \x1b[34m\x1b[1mGenerate /mnt/g/My Drive/Primary/skl-Course/SP26/EECS 206A - Introduction to Robotics/106a_final_project/drone_simulation/build/tello_description/urdf/tello_3.urdf\x1b[0m\n'}
[39.718688] (tello_description) StdoutLine: {'line': b'[100%] \x1b[34m\x1b[1mGenerate /mnt/g/My Drive/Primary/skl-Course/SP26/EECS 206A - Introduction to Robotics/106a_final_project/drone_simulation/build/tello_description/urdf/tello_1.urdf\x1b[0m\n'}
[39.722430] (tello_description) StdoutLine: {'line': b'[100%] \x1b[34m\x1b[1mGenerate /mnt/g/My Drive/Primary/skl-Course/SP26/EECS 206A - Introduction to Robotics/106a_final_project/drone_simulation/build/tello_description/urdf/tello_8.urdf\x1b[0m\n'}
[39.725680] (tello_description) StdoutLine: {'line': b'[100%] \x1b[34m\x1b[1mGenerate /mnt/g/My Drive/Primary/skl-Course/SP26/EECS 206A - Introduction to Robotics/106a_final_project/drone_simulation/build/tello_description/urdf/tello_4.urdf\x1b[0m\n'}
[39.739442] (-) TimerEvent: {}
[39.740808] (tello_description) StdoutLine: {'line': b'[100%] \x1b[34m\x1b[1mGenerate /mnt/g/My Drive/Primary/skl-Course/SP26/EECS 206A - Introduction to Robotics/106a_final_project/drone_simulation/build/tello_description/urdf/tello_6.urdf\x1b[0m\n'}
[39.750748] (tello_description) StdoutLine: {'line': b'[100%] \x1b[34m\x1b[1mGenerate /mnt/g/My Drive/Primary/skl-Course/SP26/EECS 206A - Introduction to Robotics/106a_final_project/drone_simulation/build/tello_description/urdf/tello_5.urdf\x1b[0m\n'}
[39.791977] (ros2_shared) StdoutLine: {'line': b'-- Installing: /mnt/g/My Drive/Primary/skl-Course/SP26/EECS 206A - Introduction to Robotics/106a_final_project/drone_simulation/install/ros2_shared/include/ros2_shared\n'}
[39.839678] (-) TimerEvent: {}
[39.956799] (-) TimerEvent: {}
[40.060643] (-) TimerEvent: {}
[40.132793] (tello_description) StdoutLine: {'line': b'[100%] Built target generate_urdf_6\n'}
[40.175687] (-) TimerEvent: {}
[40.177604] (tello_description) StdoutLine: {'line': b'[100%] Built target generate_urdf_3\n'}
[40.185476] (tello_description) StdoutLine: {'line': b'[100%] Built target generate_urdf_5\n'}
[40.192197] (ros2_shared) StdoutLine: {'line': b'-- Installing: /mnt/g/My Drive/Primary/skl-Course/SP26/EECS 206A - Introduction to Robotics/106a_final_project/drone_simulation/install/ros2_shared/include/ros2_shared/context_macros.hpp\n'}
[40.196416] (tello_description) StdoutLine: {'line': b'[100%] Built target generate_urdf_4\n'}
[40.200472] (tello_description) StdoutLine: {'line': b'[100%] Built target generate_urdf_1\n'}
[40.205146] (tello_description) StdoutLine: {'line': b'[100%] Built target generate_urdf_8\n'}
[40.275943] (-) TimerEvent: {}
[40.333662] (tello_description) StdoutLine: {'line': b'[100%] Built target generate_urdf\n'}
[40.338030] (tello_description) StdoutLine: {'line': b'[100%] Built target generate_urdf_2\n'}
[40.342704] (tello_description) StdoutLine: {'line': b'[100%] Built target generate_urdf_7\n'}
[40.376165] (-) TimerEvent: {}
[40.477458] (-) TimerEvent: {}
[40.578535] (-) TimerEvent: {}
[40.679577] (-) TimerEvent: {}
[40.694977] (tello_description) CommandEnded: {'returncode': 0}
[40.725283] (ros2_shared) StdoutLine: {'line': b'-- Installing: /mnt/g/My Drive/Primary/skl-Course/SP26/EECS 206A - Introduction to Robotics/106a_final_project/drone_simulation/install/ros2_shared/include/ros2_shared/param_macros.hpp\n'}
[40.779778] (-) TimerEvent: {}
[40.832892] (tello_description) JobProgress: {'identifier': 'tello_description', 'progress': 'install'}
[40.879880] (tello_description) Command: {'cmd': ['/usr/bin/cmake', '--install', '/mnt/g/My Drive/Primary/skl-Course/SP26/EECS 206A - Introduction to Robotics/106a_final_project/drone_simulation/build/tello_description'], 'cwd': '/mnt/g/My Drive/Primary/skl-Course/SP26/EECS 206A - Introduction to Robotics/106a_final_project/drone_simulation/build/tello_description', 'env': OrderedDict([('LESSOPEN', '| /usr/bin/lesspipe %s'), ('USER', 'happygaj'), ('SHLVL', '1'), ('LD_LIBRARY_PATH', '/opt/ros/humble/opt/rviz_ogre_vendor/lib:/opt/ros/humble/lib/x86_64-linux-gnu:/opt/ros/humble/lib'), ('WT_PROFILE_ID', '{bce5ad17-2bdc-5d74-b2f9-07b5c1c5975c}'), ('HOME', '/home/happygaj'), ('OLDPWD', '/home/happygaj/my_project/drone_simulation'), ('ROS_PYTHON_VERSION', '3'), ('DBUS_SESSION_BUS_ADDRESS', 'unix:path=/run/user/1000/bus'), ('WSL_DISTRO_NAME', 'Ubuntu-22.04'), ('WAYLAND_DISPLAY', 'wayland-0'), ('ROS_DISTRO', 'humble'), ('LOGNAME', 'happygaj'), ('NAME', 'skl'), ('WSL_INTEROP', '/run/WSL/21553_interop'), ('PULSE_SERVER', 'unix:/mnt/wslg/PulseServer'), ('_', '/usr/bin/colcon'), ('ROS_VERSION', '2'), ('TERM', 'xterm-256color'), ('ROS_LOCALHOST_ONLY', '0'), ('PATH', '/opt/ros/humble/bin:/usr/local/sbin:/usr/local/bin:/usr/sbin:/usr/bin:/sbin:/bin:/usr/games:/usr/local/games:/usr/lib/wsl/lib:/mnt/c/WINDOWS/system32:/mnt/c/WINDOWS:/mnt/c/WINDOWS/System32/Wbem:/mnt/c/WINDOWS/System32/WindowsPowerShell/v1.0/:/mnt/c/WINDOWS/System32/OpenSSH/:/mnt/c/Program Files/MATLAB/R2025a/bin:/mnt/c/Program Files (x86)/Windows Kits/10/Windows Performance Toolkit/:/mnt/c/Program Files/dotnet/:/mnt/c/Program Files (x86)/Windows Kits/8.1/Windows Performance Toolkit/:/mnt/c/Program Files/Git/cmd:/mnt/c/Program Files/cursor/resources/app/bin:/mnt/c/Program Files/Tailscale/:/Docker/host/bin:/mnt/c/Users/happy/AppData/Local/Microsoft/WindowsApps:/mnt/c/Users/happy/AppData/Local/Programs/Microsoft VS Code/bin:/mnt/c/Users/happy/AppData/Local/Programs/cursor/resources/app/bin:/mnt/c/Users/happy/.local/bin:/snap/bin'), ('WT_SESSION', '490fbee8-1dcb-4fa2-a3f8-23b1e43e102c'), ('XDG_RUNTIME_DIR', '/run/user/1000/'), ('DISPLAY', ':0'), ('LANG', 'en_US.UTF-8'), ('LS_COLORS', 'rs=0:di=01;34:ln=01;36:mh=00:pi=40;33:so=01;35:do=01;35:bd=40;33;01:cd=40;33;01:or=40;31;01:mi=00:su=37;41:sg=30;43:ca=30;41:tw=30;42:ow=34;42:st=37;44:ex=01;32:*.tar=01;31:*.tgz=01;31:*.arc=01;31:*.arj=01;31:*.taz=01;31:*.lha=01;31:*.lz4=01;31:*.lzh=01;31:*.lzma=01;31:*.tlz=01;31:*.txz=01;31:*.tzo=01;31:*.t7z=01;31:*.zip=01;31:*.z=01;31:*.dz=01;31:*.gz=01;31:*.lrz=01;31:*.lz=01;31:*.lzo=01;31:*.xz=01;31:*.zst=01;31:*.tzst=01;31:*.bz2=01;31:*.bz=01;31:*.tbz=01;31:*.tbz2=01;31:*.tz=01;31:*.deb=01;31:*.rpm=01;31:*.jar=01;31:*.war=01;31:*.ear=01;31:*.sar=01;31:*.rar=01;31:*.alz=01;31:*.ace=01;31:*.zoo=01;31:*.cpio=01;31:*.7z=01;31:*.rz=01;31:*.cab=01;31:*.wim=01;31:*.swm=01;31:*.dwm=01;31:*.esd=01;31:*.jpg=01;35:*.jpeg=01;35:*.mjpg=01;35:*.mjpeg=01;35:*.gif=01;35:*.bmp=01;35:*.pbm=01;35:*.pgm=01;35:*.ppm=01;35:*.tga=01;35:*.xbm=01;35:*.xpm=01;35:*.tif=01;35:*.tiff=01;35:*.png=01;35:*.svg=01;35:*.svgz=01;35:*.mng=01;35:*.pcx=01;35:*.mov=01;35:*.mpg=01;35:*.mpeg=01;35:*.m2v=01;35:*.mkv=01;35:*.webm=01;35:*.webp=01;35:*.ogm=01;35:*.mp4=01;35:*.m4v=01;35:*.mp4v=01;35:*.vob=01;35:*.qt=01;35:*.nuv=01;35:*.wmv=01;35:*.asf=01;35:*.rm=01;35:*.rmvb=01;35:*.flc=01;35:*.avi=01;35:*.fli=01;35:*.flv=01;35:*.gl=01;35:*.dl=01;35:*.xcf=01;35:*.xwd=01;35:*.yuv=01;35:*.cgm=01;35:*.emf=01;35:*.ogv=01;35:*.ogx=01;35:*.aac=00;36:*.au=00;36:*.flac=00;36:*.m4a=00;36:*.mid=00;36:*.midi=00;36:*.mka=00;36:*.mp3=00;36:*.mpc=00;36:*.ogg=00;36:*.ra=00;36:*.wav=00;36:*.oga=00;36:*.opus=00;36:*.spx=00;36:*.xspf=00;36:'), ('AMENT_PREFIX_PATH', '/opt/ros/humble'), ('SHELL', '/bin/bash'), ('LESSCLOSE', '/usr/bin/lesspipe %s %s'), ('PWD', '/mnt/g/My Drive/Primary/skl-Course/SP26/EECS 206A - Introduction to Robotics/106a_final_project/drone_simulation/build/tello_description'), ('XDG_DATA_DIRS', '/usr/local/share:/usr/share:/var/lib/snapd/desktop'), ('PYTHONPATH', '/opt/ros/humble/lib/python3.10/site-packages:/opt/ros/humble/local/lib/python3.10/dist-packages'), ('COLCON', '1'), ('WSL2_GUI_APPS_ENABLED', '1'), ('HOSTTYPE', 'x86_64'), ('WSLENV', 'WT_SESSION:WT_PROFILE_ID:'), ('CMAKE_PREFIX_PATH', '/opt/ros/humble')]), 'shell': False}
[40.882985] (-) TimerEvent: {}
[40.913936] (tello_description) StdoutLine: {'line': b'-- Install configuration: ""\n'}
[40.926734] (tello_description) StdoutLine: {'line': b'-- Installing: /mnt/g/My Drive/Primary/skl-Course/SP26/EECS 206A - Introduction to Robotics/106a_final_project/drone_simulation/install/tello_description/share/tello_description/urdf\n'}
[40.983425] (-) TimerEvent: {}
[41.086965] (-) TimerEvent: {}
[41.118647] (tello_description) StdoutLine: {'line': b'-- Installing: /mnt/g/My Drive/Primary/skl-Course/SP26/EECS 206A - Introduction to Robotics/106a_final_project/drone_simulation/install/tello_description/share/tello_description/urdf/tello_6.urdf\n'}
[41.187385] (-) TimerEvent: {}
[41.223825] (ros2_shared) StdoutLine: {'line': b'-- Installing: /mnt/g/My Drive/Primary/skl-Course/SP26/EECS 206A - Introduction to Robotics/106a_final_project/drone_simulation/install/ros2_shared/include/ros2_shared/string_printf.hpp\n'}
[41.288159] (-) TimerEvent: {}
[41.389395] (-) TimerEvent: {}
[41.491476] (-) TimerEvent: {}
[41.554236] (tello_description) StdoutLine: {'line': b'-- Installing: /mnt/g/My Drive/Primary/skl-Course/SP26/EECS 206A - Introduction to Robotics/106a_final_project/drone_simulation/install/tello_description/share/tello_description/urdf/tello_5.urdf\n'}
[41.591794] (-) TimerEvent: {}
[41.693235] (-) TimerEvent: {}
[41.795511] (-) TimerEvent: {}
[41.837525] (ros2_shared) StdoutLine: {'line': b'-- Installing: /mnt/g/My Drive/Primary/skl-Course/SP26/EECS 206A - Introduction to Robotics/106a_final_project/drone_simulation/install/ros2_shared/share/ament_index/resource_index/package_run_dependencies/ros2_shared\n'}
[41.896098] (-) TimerEvent: {}
[41.987496] (tello_description) StdoutLine: {'line': b'-- Installing: /mnt/g/My Drive/Primary/skl-Course/SP26/EECS 206A - Introduction to Robotics/106a_final_project/drone_simulation/install/tello_description/share/tello_description/urdf/tello_3.urdf\n'}
[41.996361] (-) TimerEvent: {}
[42.098165] (-) TimerEvent: {}
[42.200842] (-) TimerEvent: {}
[42.302015] (-) TimerEvent: {}
[42.403428] (-) TimerEvent: {}
[42.424041] (tello_description) StdoutLine: {'line': b'-- Installing: /mnt/g/My Drive/Primary/skl-Course/SP26/EECS 206A - Introduction to Robotics/106a_final_project/drone_simulation/install/tello_description/share/tello_description/urdf/tello_1.urdf\n'}
[42.503623] (-) TimerEvent: {}
[42.586755] (ros2_shared) StdoutLine: {'line': b'-- Installing: /mnt/g/My Drive/Primary/skl-Course/SP26/EECS 206A - Introduction to Robotics/106a_final_project/drone_simulation/install/ros2_shared/share/ament_index/resource_index/parent_prefix_path/ros2_shared\n'}
[42.603770] (-) TimerEvent: {}
[42.706050] (-) TimerEvent: {}
[42.807377] (-) TimerEvent: {}
[42.867024] (tello_description) StdoutLine: {'line': b'-- Installing: /mnt/g/My Drive/Primary/skl-Course/SP26/EECS 206A - Introduction to Robotics/106a_final_project/drone_simulation/install/tello_description/share/tello_description/urdf/tello_4.urdf\n'}
[42.907753] (-) TimerEvent: {}
[43.009182] (-) TimerEvent: {}
[43.111420] (-) TimerEvent: {}
[43.190473] (ros2_shared) StdoutLine: {'line': b'-- Installing: /mnt/g/My Drive/Primary/skl-Course/SP26/EECS 206A - Introduction to Robotics/106a_final_project/drone_simulation/install/ros2_shared/share/ros2_shared/environment/ament_prefix_path.sh\n'}
[43.211699] (-) TimerEvent: {}
[43.292613] (tello_description) StdoutLine: {'line': b'-- Installing: /mnt/g/My Drive/Primary/skl-Course/SP26/EECS 206A - Introduction to Robotics/106a_final_project/drone_simulation/install/tello_description/share/tello_description/urdf/tello_8.urdf\n'}
[43.311946] (-) TimerEvent: {}
[43.413856] (-) TimerEvent: {}
[43.517847] (-) TimerEvent: {}
[43.600218] (ros2_shared) StdoutLine: {'line': b'-- Installing: /mnt/g/My Drive/Primary/skl-Course/SP26/EECS 206A - Introduction to Robotics/106a_final_project/drone_simulation/install/ros2_shared/share/ros2_shared/environment/ament_prefix_path.dsv\n'}
[43.618113] (-) TimerEvent: {}
[43.705023] (tello_description) StdoutLine: {'line': b'-- Installing: /mnt/g/My Drive/Primary/skl-Course/SP26/EECS 206A - Introduction to Robotics/106a_final_project/drone_simulation/install/tello_description/share/tello_description/urdf/tello.urdf\n'}
[43.718331] (-) TimerEvent: {}
[43.819609] (-) TimerEvent: {}
[43.927489] (-) TimerEvent: {}
[43.991437] (ros2_shared) StdoutLine: {'line': b'-- Installing: /mnt/g/My Drive/Primary/skl-Course/SP26/EECS 206A - Introduction to Robotics/106a_final_project/drone_simulation/install/ros2_shared/share/ros2_shared/environment/path.sh\n'}
[44.027643] (-) TimerEvent: {}
[44.107860] (tello_description) StdoutLine: {'line': b'-- Installing: /mnt/g/My Drive/Primary/skl-Course/SP26/EECS 206A - Introduction to Robotics/106a_final_project/drone_simulation/install/tello_description/share/tello_description/urdf/tello_2.urdf\n'}
[44.127916] (-) TimerEvent: {}
[44.231376] (-) TimerEvent: {}
[44.332506] (-) TimerEvent: {}
[44.610674] (ros2_shared) StdoutLine: {'line': b'-- Installing: /mnt/g/My Drive/Primary/skl-Course/SP26/EECS 206A - Introduction to Robotics/106a_final_project/drone_simulation/install/ros2_shared/share/ros2_shared/environment/path.dsv\n'}
[44.613705] (-) TimerEvent: {}
[44.715061] (-) TimerEvent: {}
[44.816160] (-) TimerEvent: {}
[44.841712] (tello_description) StdoutLine: {'line': b'-- Installing: /mnt/g/My Drive/Primary/skl-Course/SP26/EECS 206A - Introduction to Robotics/106a_final_project/drone_simulation/install/tello_description/share/tello_description/urdf/tello_7.urdf\n'}
[44.916455] (-) TimerEvent: {}
[44.947759] (ros2_shared) StdoutLine: {'line': b'-- Installing: /mnt/g/My Drive/Primary/skl-Course/SP26/EECS 206A - Introduction to Robotics/106a_final_project/drone_simulation/install/ros2_shared/share/ros2_shared/local_setup.bash\n'}
[45.016729] (-) TimerEvent: {}
[45.119875] (-) TimerEvent: {}
[45.221284] (-) TimerEvent: {}
[45.322404] (-) TimerEvent: {}
[45.354186] (ros2_shared) StdoutLine: {'line': b'-- Installing: /mnt/g/My Drive/Primary/skl-Course/SP26/EECS 206A - Introduction to Robotics/106a_final_project/drone_simulation/install/ros2_shared/share/ros2_shared/local_setup.sh\n'}
[45.422685] (-) TimerEvent: {}
[45.466649] (tello_description) StdoutLine: {'line': b'-- Installing: /mnt/g/My Drive/Primary/skl-Course/SP26/EECS 206A - Introduction to Robotics/106a_final_project/drone_simulation/install/tello_description/share/ament_index/resource_index/package_run_dependencies/tello_description\n'}
[45.522963] (-) TimerEvent: {}
[45.624008] (-) TimerEvent: {}
[45.725691] (-) TimerEvent: {}
[45.827198] (-) TimerEvent: {}
[45.829952] (ros2_shared) StdoutLine: {'line': b'-- Installing: /mnt/g/My Drive/Primary/skl-Course/SP26/EECS 206A - Introduction to Robotics/106a_final_project/drone_simulation/install/ros2_shared/share/ros2_shared/local_setup.zsh\n'}
[45.927398] (-) TimerEvent: {}
[46.029926] (-) TimerEvent: {}
[46.131132] (-) TimerEvent: {}
[46.205152] (tello_description) StdoutLine: {'line': b'-- Installing: /mnt/g/My Drive/Primary/skl-Course/SP26/EECS 206A - Introduction to Robotics/106a_final_project/drone_simulation/install/tello_description/share/ament_index/resource_index/parent_prefix_path/tello_description\n'}
[46.211737] (ros2_shared) StdoutLine: {'line': b'-- Installing: /mnt/g/My Drive/Primary/skl-Course/SP26/EECS 206A - Introduction to Robotics/106a_final_project/drone_simulation/install/ros2_shared/share/ros2_shared/local_setup.dsv\n'}
[46.231374] (-) TimerEvent: {}
[46.332339] (-) TimerEvent: {}
[46.433289] (-) TimerEvent: {}
[46.534338] (-) TimerEvent: {}
[46.588356] (ros2_shared) StdoutLine: {'line': b'-- Installing: /mnt/g/My Drive/Primary/skl-Course/SP26/EECS 206A - Introduction to Robotics/106a_final_project/drone_simulation/install/ros2_shared/share/ros2_shared/package.dsv\n'}
[46.634532] (-) TimerEvent: {}
[46.735558] (-) TimerEvent: {}
[46.803923] (tello_description) StdoutLine: {'line': b'-- Installing: /mnt/g/My Drive/Primary/skl-Course/SP26/EECS 206A - Introduction to Robotics/106a_final_project/drone_simulation/install/tello_description/share/tello_description/environment/ament_prefix_path.sh\n'}
[46.835747] (-) TimerEvent: {}
[46.936791] (-) TimerEvent: {}
[47.037917] (-) TimerEvent: {}
[47.117655] (ros2_shared) StdoutLine: {'line': b'-- Installing: /mnt/g/My Drive/Primary/skl-Course/SP26/EECS 206A - Introduction to Robotics/106a_final_project/drone_simulation/install/ros2_shared/share/ament_index/resource_index/packages/ros2_shared\n'}
[47.138088] (-) TimerEvent: {}
[47.191408] (tello_description) StdoutLine: {'line': b'-- Installing: /mnt/g/My Drive/Primary/skl-Course/SP26/EECS 206A - Introduction to Robotics/106a_final_project/drone_simulation/install/tello_description/share/tello_description/environment/ament_prefix_path.dsv\n'}
[47.238217] (-) TimerEvent: {}
[47.339447] (-) TimerEvent: {}
[47.443478] (-) TimerEvent: {}
[47.545219] (-) TimerEvent: {}
[47.611460] (tello_description) StdoutLine: {'line': b'-- Installing: /mnt/g/My Drive/Primary/skl-Course/SP26/EECS 206A - Introduction to Robotics/106a_final_project/drone_simulation/install/tello_description/share/tello_description/environment/path.sh\n'}
[47.645418] (-) TimerEvent: {}
[47.749114] (-) TimerEvent: {}
[47.800270] (ros2_shared) StdoutLine: {'line': b'-- Installing: /mnt/g/My Drive/Primary/skl-Course/SP26/EECS 206A - Introduction to Robotics/106a_final_project/drone_simulation/install/ros2_shared/share/ros2_shared/cmake/ros2_shared_targetsExport.cmake\n'}
[47.849248] (-) TimerEvent: {}
[47.950828] (-) TimerEvent: {}
[48.013747] (tello_description) StdoutLine: {'line': b'-- Installing: /mnt/g/My Drive/Primary/skl-Course/SP26/EECS 206A - Introduction to Robotics/106a_final_project/drone_simulation/install/tello_description/share/tello_description/environment/path.dsv\n'}
[48.050936] (-) TimerEvent: {}
[48.151959] (-) TimerEvent: {}
[48.253176] (-) TimerEvent: {}
[48.303350] (ros2_shared) StdoutLine: {'line': b'-- Installing: /mnt/g/My Drive/Primary/skl-Course/SP26/EECS 206A - Introduction to Robotics/106a_final_project/drone_simulation/install/ros2_shared/share/ros2_shared/cmake/ament_cmake_export_targets-extras.cmake\n'}
[48.353354] (-) TimerEvent: {}
[48.432380] (tello_description) StdoutLine: {'line': b'-- Installing: /mnt/g/My Drive/Primary/skl-Course/SP26/EECS 206A - Introduction to Robotics/106a_final_project/drone_simulation/install/tello_description/share/tello_description/local_setup.bash\n'}
[48.453510] (-) TimerEvent: {}
[48.557086] (-) TimerEvent: {}
[48.657956] (-) TimerEvent: {}
[48.734793] (ros2_shared) StdoutLine: {'line': b'-- Installing: /mnt/g/My Drive/Primary/skl-Course/SP26/EECS 206A - Introduction to Robotics/106a_final_project/drone_simulation/install/ros2_shared/share/ros2_shared/cmake/ament_cmake_export_dependencies-extras.cmake\n'}
[48.758084] (-) TimerEvent: {}
[48.799045] (tello_description) StdoutLine: {'line': b'-- Installing: /mnt/g/My Drive/Primary/skl-Course/SP26/EECS 206A - Introduction to Robotics/106a_final_project/drone_simulation/install/tello_description/share/tello_description/local_setup.sh\n'}
[48.858209] (-) TimerEvent: {}
[48.959113] (-) TimerEvent: {}
[49.060131] (-) TimerEvent: {}
[49.164455] (-) TimerEvent: {}
[49.172353] (ros2_shared) StdoutLine: {'line': b'-- Installing: /mnt/g/My Drive/Primary/skl-Course/SP26/EECS 206A - Introduction to Robotics/106a_final_project/drone_simulation/install/ros2_shared/share/ros2_shared/cmake/ros2_sharedConfig.cmake\n'}
[49.199327] (tello_description) StdoutLine: {'line': b'-- Installing: /mnt/g/My Drive/Primary/skl-Course/SP26/EECS 206A - Introduction to Robotics/106a_final_project/drone_simulation/install/tello_description/share/tello_description/local_setup.zsh\n'}
[49.359822] (-) TimerEvent: {}
[49.461049] (-) TimerEvent: {}
[49.586669] (-) TimerEvent: {}
[49.688349] (-) TimerEvent: {}
[49.746162] (tello_description) StdoutLine: {'line': b'-- Installing: /mnt/g/My Drive/Primary/skl-Course/SP26/EECS 206A - Introduction to Robotics/106a_final_project/drone_simulation/install/tello_description/share/tello_description/local_setup.dsv\n'}
[49.755363] (ros2_shared) StdoutLine: {'line': b'-- Installing: /mnt/g/My Drive/Primary/skl-Course/SP26/EECS 206A - Introduction to Robotics/106a_final_project/drone_simulation/install/ros2_shared/share/ros2_shared/cmake/ros2_sharedConfig-version.cmake\n'}
[49.788525] (-) TimerEvent: {}
[49.889946] (-) TimerEvent: {}
[49.990937] (-) TimerEvent: {}
[50.092429] (-) TimerEvent: {}
[50.142033] (tello_description) StdoutLine: {'line': b'-- Installing: /mnt/g/My Drive/Primary/skl-Course/SP26/EECS 206A - Introduction to Robotics/106a_final_project/drone_simulation/install/tello_description/share/tello_description/package.dsv\n'}
[50.186960] (ros2_shared) StdoutLine: {'line': b'-- Installing: /mnt/g/My Drive/Primary/skl-Course/SP26/EECS 206A - Introduction to Robotics/106a_final_project/drone_simulation/install/ros2_shared/share/ros2_shared/package.xml\n'}
[50.192576] (-) TimerEvent: {}
[50.294461] (-) TimerEvent: {}
[50.400665] (-) TimerEvent: {}
[50.502175] (-) TimerEvent: {}
[50.519186] (ros2_shared) CommandEnded: {'returncode': 0}
[50.602339] (-) TimerEvent: {}
[50.667749] (tello_description) StdoutLine: {'line': b'-- Installing: /mnt/g/My Drive/Primary/skl-Course/SP26/EECS 206A - Introduction to Robotics/106a_final_project/drone_simulation/install/tello_description/share/ament_index/resource_index/packages/tello_description\n'}
[50.702601] (-) TimerEvent: {}
[50.803984] (-) TimerEvent: {}
[50.904961] (-) TimerEvent: {}
[51.006302] (-) TimerEvent: {}
[51.107921] (-) TimerEvent: {}
[51.208869] (-) TimerEvent: {}
[51.264307] (tello_description) StdoutLine: {'line': b'-- Installing: /mnt/g/My Drive/Primary/skl-Course/SP26/EECS 206A - Introduction to Robotics/106a_final_project/drone_simulation/install/tello_description/share/tello_description/cmake/tello_descriptionConfig.cmake\n'}
[51.309047] (-) TimerEvent: {}
[51.411525] (-) TimerEvent: {}
[51.512920] (-) TimerEvent: {}
[51.613912] (-) TimerEvent: {}
[51.657718] (tello_description) StdoutLine: {'line': b'-- Installing: /mnt/g/My Drive/Primary/skl-Course/SP26/EECS 206A - Introduction to Robotics/106a_final_project/drone_simulation/install/tello_description/share/tello_description/cmake/tello_descriptionConfig-version.cmake\n'}
[51.714076] (-) TimerEvent: {}
[51.815559] (-) TimerEvent: {}
[51.918100] (-) TimerEvent: {}
[52.019663] (-) TimerEvent: {}
[52.112610] (tello_description) StdoutLine: {'line': b'-- Installing: /mnt/g/My Drive/Primary/skl-Course/SP26/EECS 206A - Introduction to Robotics/106a_final_project/drone_simulation/install/tello_description/share/tello_description/package.xml\n'}
[52.119795] (-) TimerEvent: {}
[52.220800] (-) TimerEvent: {}
[52.321835] (-) TimerEvent: {}
[52.422892] (-) TimerEvent: {}
[52.528641] (-) TimerEvent: {}
[52.629689] (-) TimerEvent: {}
[52.730650] (-) TimerEvent: {}
[52.831543] (-) TimerEvent: {}
[52.856768] (tello_msgs) StdoutLine: {'line': b'-- Using all available rosidl_typesupport_cpp: rosidl_typesupport_fastrtps_cpp;rosidl_typesupport_introspection_cpp\n'}
[52.931747] (-) TimerEvent: {}
[53.013270] (tello_msgs) StdoutLine: {'line': b'-- Found PythonInterp: /usr/bin/python3 (found suitable version "3.10.12", minimum required is "3.6") \n'}
[53.015127] (tello_msgs) StdoutLine: {'line': b'-- Found python_cmake_module: 0.10.0 (/opt/ros/humble/share/python_cmake_module/cmake)\n'}
[53.031912] (-) TimerEvent: {}
[53.133251] (-) TimerEvent: {}
[53.234579] (-) TimerEvent: {}
[53.335354] (-) TimerEvent: {}
[53.436306] (-) TimerEvent: {}
[53.473144] (tello_msgs) StdoutLine: {'line': b'-- Found PythonLibs: /usr/lib/x86_64-linux-gnu/libpython3.10.so (found suitable version "3.10.12", minimum required is "3.5") \n'}
[53.475441] (tello_msgs) StdoutLine: {'line': b'-- Using PYTHON_EXECUTABLE: /usr/bin/python3\n'}
[53.478039] (tello_msgs) StdoutLine: {'line': b'-- Using PYTHON_INCLUDE_DIRS: /usr/include/python3.10\n'}
[53.480016] (tello_msgs) StdoutLine: {'line': b'-- Using PYTHON_LIBRARIES: /usr/lib/x86_64-linux-gnu/libpython3.10.so\n'}
[53.508656] (tello_msgs) StdoutLine: {'line': b'-- Found PythonExtra: .so  \n'}
[53.536515] (-) TimerEvent: {}
[53.637888] (-) TimerEvent: {}
[53.740218] (-) TimerEvent: {}
[53.762249] (ros2_shared) JobEnded: {'identifier': 'ros2_shared', 'rc': 0}
[53.820361] (tello_description) CommandEnded: {'returncode': 0}
[53.840350] (-) TimerEvent: {}
[53.941986] (-) TimerEvent: {}
[54.042850] (-) TimerEvent: {}
[54.143738] (-) TimerEvent: {}
[54.244803] (-) TimerEvent: {}
[54.346048] (-) TimerEvent: {}
[54.447167] (-) TimerEvent: {}
[54.552733] (-) TimerEvent: {}
[54.654290] (-) TimerEvent: {}
[54.755292] (-) TimerEvent: {}
[54.856214] (-) TimerEvent: {}
[54.957391] (-) TimerEvent: {}
[55.059680] (-) TimerEvent: {}
[55.197664] (-) TimerEvent: {}
[55.298849] (-) TimerEvent: {}
[55.400047] (-) TimerEvent: {}
[55.501152] (-) TimerEvent: {}
[55.602456] (-) TimerEvent: {}
[55.703666] (-) TimerEvent: {}
[55.804864] (-) TimerEvent: {}
[55.932733] (-) TimerEvent: {}
[56.033878] (-) TimerEvent: {}
[56.134755] (-) TimerEvent: {}
[56.235825] (-) TimerEvent: {}
[56.336795] (-) TimerEvent: {}
[56.437741] (-) TimerEvent: {}
[56.457842] (tello_description) JobEnded: {'identifier': 'tello_description', 'rc': 0}
[56.538013] (-) TimerEvent: {}
[56.639397] (-) TimerEvent: {}
[56.740393] (-) TimerEvent: {}
[56.841234] (-) TimerEvent: {}
[56.942511] (-) TimerEvent: {}
[57.043814] (-) TimerEvent: {}
[57.144696] (-) TimerEvent: {}
[57.245906] (-) TimerEvent: {}
[57.347125] (-) TimerEvent: {}
[57.449698] (-) TimerEvent: {}
[57.550874] (-) TimerEvent: {}
[57.651885] (-) TimerEvent: {}
[57.753009] (-) TimerEvent: {}
[57.854128] (-) TimerEvent: {}
[57.955325] (-) TimerEvent: {}
[58.056544] (-) TimerEvent: {}
[58.157803] (-) TimerEvent: {}
[58.259152] (-) TimerEvent: {}
[58.360228] (-) TimerEvent: {}
[58.461358] (-) TimerEvent: {}
[58.562603] (-) TimerEvent: {}
[58.663887] (-) TimerEvent: {}
[58.765037] (-) TimerEvent: {}
[58.866076] (-) TimerEvent: {}
[58.966957] (-) TimerEvent: {}
[59.067762] (-) TimerEvent: {}
[59.168828] (-) TimerEvent: {}
[59.269972] (-) TimerEvent: {}
[59.370990] (-) TimerEvent: {}
[59.472632] (-) TimerEvent: {}
[59.573688] (-) TimerEvent: {}
[59.674851] (-) TimerEvent: {}
[59.776100] (-) TimerEvent: {}
[59.877355] (-) TimerEvent: {}
[59.978287] (-) TimerEvent: {}
[60.079375] (-) TimerEvent: {}
[60.180288] (-) TimerEvent: {}
[60.281433] (-) TimerEvent: {}
[60.382456] (-) TimerEvent: {}
[60.483774] (-) TimerEvent: {}
[60.584761] (-) TimerEvent: {}
[60.686363] (-) TimerEvent: {}
[60.787365] (-) TimerEvent: {}
[60.888418] (-) TimerEvent: {}
[60.989344] (-) TimerEvent: {}
[61.094287] (-) TimerEvent: {}
[61.195441] (-) TimerEvent: {}
[61.296726] (-) TimerEvent: {}
[61.397814] (-) TimerEvent: {}
[61.498762] (-) TimerEvent: {}
[61.600682] (-) TimerEvent: {}
[61.701928] (-) TimerEvent: {}
[61.802761] (-) TimerEvent: {}
[61.903740] (-) TimerEvent: {}
[62.007016] (-) TimerEvent: {}
[62.107853] (-) TimerEvent: {}
[62.211953] (-) TimerEvent: {}
[62.312813] (-) TimerEvent: {}
[62.413779] (-) TimerEvent: {}
[62.519403] (-) TimerEvent: {}
[62.620450] (-) TimerEvent: {}
[62.723360] (-) TimerEvent: {}
[62.824368] (-) TimerEvent: {}
[62.925312] (-) TimerEvent: {}
[63.026352] (-) TimerEvent: {}
[63.127349] (-) TimerEvent: {}
[63.229361] (-) TimerEvent: {}
[63.330333] (-) TimerEvent: {}
[63.431610] (-) TimerEvent: {}
[63.532460] (-) TimerEvent: {}
[63.636963] (-) TimerEvent: {}
[63.737883] (-) TimerEvent: {}
[63.838794] (-) TimerEvent: {}
[63.939951] (-) TimerEvent: {}
[64.040956] (-) TimerEvent: {}
[64.144168] (-) TimerEvent: {}
[64.245114] (-) TimerEvent: {}
[64.346036] (-) TimerEvent: {}
[64.447062] (-) TimerEvent: {}
[64.547995] (-) TimerEvent: {}
[64.649208] (-) TimerEvent: {}
[64.750502] (-) TimerEvent: {}
[64.852766] (-) TimerEvent: {}
[64.953723] (-) TimerEvent: {}
[64.974737] (tello_msgs) StdoutLine: {'line': b'-- Configuring done\n'}
[65.053973] (-) TimerEvent: {}
[65.155184] (-) TimerEvent: {}
[65.256381] (-) TimerEvent: {}
[65.357392] (-) TimerEvent: {}
[65.458632] (-) TimerEvent: {}
[65.559568] (-) TimerEvent: {}
[65.660506] (-) TimerEvent: {}
[65.761417] (-) TimerEvent: {}
[65.862285] (-) TimerEvent: {}
[65.963341] (-) TimerEvent: {}
[66.064618] (-) TimerEvent: {}
[66.170007] (-) TimerEvent: {}
[66.272940] (-) TimerEvent: {}
[66.373907] (-) TimerEvent: {}
[66.474718] (-) TimerEvent: {}
[66.575654] (-) TimerEvent: {}
[66.678752] (-) TimerEvent: {}
[66.781875] (-) TimerEvent: {}
[66.885069] (-) TimerEvent: {}
[66.988515] (-) TimerEvent: {}
[67.092748] (-) TimerEvent: {}
[67.197140] (-) TimerEvent: {}
[67.303374] (-) TimerEvent: {}
[67.407167] (-) TimerEvent: {}
[67.510409] (-) TimerEvent: {}
[67.614038] (-) TimerEvent: {}
[67.717045] (-) TimerEvent: {}
[67.819730] (-) TimerEvent: {}
[67.922902] (-) TimerEvent: {}
[68.026854] (-) TimerEvent: {}
[68.130014] (-) TimerEvent: {}
[68.232814] (-) TimerEvent: {}
[68.335495] (-) TimerEvent: {}
[68.438665] (-) TimerEvent: {}
[68.545836] (-) TimerEvent: {}
[68.647684] (-) TimerEvent: {}
[68.750218] (-) TimerEvent: {}
[68.852635] (-) TimerEvent: {}
[68.953646] (-) TimerEvent: {}
[69.056003] (-) TimerEvent: {}
[69.158455] (-) TimerEvent: {}
[69.265287] (-) TimerEvent: {}
[69.372118] (-) TimerEvent: {}
[69.474977] (-) TimerEvent: {}
[69.578153] (-) TimerEvent: {}
[69.684698] (-) TimerEvent: {}
[69.786714] (-) TimerEvent: {}
[69.888988] (-) TimerEvent: {}
[69.991334] (-) TimerEvent: {}
[70.093622] (-) TimerEvent: {}
[70.195812] (-) TimerEvent: {}
[70.298499] (-) TimerEvent: {}
[70.401858] (-) TimerEvent: {}
[70.504475] (-) TimerEvent: {}
[70.606551] (-) TimerEvent: {}
[70.707849] (-) TimerEvent: {}
[70.809731] (-) TimerEvent: {}
[70.910862] (-) TimerEvent: {}
[71.012836] (-) TimerEvent: {}
[71.114976] (-) TimerEvent: {}
[71.216952] (-) TimerEvent: {}
[71.318896] (-) TimerEvent: {}
[71.423107] (-) TimerEvent: {}
[71.525246] (-) TimerEvent: {}
[71.627432] (-) TimerEvent: {}
[71.729187] (-) TimerEvent: {}
[71.831305] (-) TimerEvent: {}
[71.937182] (-) TimerEvent: {}
[72.039073] (-) TimerEvent: {}
[72.140668] (-) TimerEvent: {}
[72.242392] (-) TimerEvent: {}
[72.344090] (-) TimerEvent: {}
[72.446596] (-) TimerEvent: {}
[72.548338] (-) TimerEvent: {}
[72.649985] (-) TimerEvent: {}
[72.751615] (-) TimerEvent: {}
[72.854469] (-) TimerEvent: {}
[72.956829] (-) TimerEvent: {}
[73.059872] (-) TimerEvent: {}
[73.176545] (-) TimerEvent: {}
[73.278310] (-) TimerEvent: {}
[73.380056] (-) TimerEvent: {}
[73.482222] (-) TimerEvent: {}
[73.587875] (-) TimerEvent: {}
[73.689604] (-) TimerEvent: {}
[73.790894] (-) TimerEvent: {}
[73.892496] (-) TimerEvent: {}
[73.993862] (-) TimerEvent: {}
[74.095598] (-) TimerEvent: {}
[74.197143] (-) TimerEvent: {}
[74.298471] (-) TimerEvent: {}
[74.399854] (-) TimerEvent: {}
[74.501363] (-) TimerEvent: {}
[74.602689] (-) TimerEvent: {}
[74.703921] (-) TimerEvent: {}
[74.804931] (-) TimerEvent: {}
[74.906593] (-) TimerEvent: {}
[75.008051] (-) TimerEvent: {}
[75.113030] (-) TimerEvent: {}
[75.214426] (-) TimerEvent: {}
[75.315836] (-) TimerEvent: {}
[75.417067] (-) TimerEvent: {}
[75.518359] (-) TimerEvent: {}
[75.619862] (-) TimerEvent: {}
[75.721009] (-) TimerEvent: {}
[75.822026] (-) TimerEvent: {}
[75.923023] (-) TimerEvent: {}
[76.027182] (-) TimerEvent: {}
[76.128388] (-) TimerEvent: {}
[76.208922] (tello_msgs) StdoutLine: {'line': b'-- Generating done\n'}
[76.228682] (-) TimerEvent: {}
[76.330181] (-) TimerEvent: {}
[76.431388] (-) TimerEvent: {}
[76.532482] (-) TimerEvent: {}
[76.635234] (-) TimerEvent: {}
[76.737650] (-) TimerEvent: {}
[76.838552] (-) TimerEvent: {}
[76.939544] (-) TimerEvent: {}
[77.049037] (-) TimerEvent: {}
[77.150017] (-) TimerEvent: {}
[77.251024] (-) TimerEvent: {}
[77.352303] (-) TimerEvent: {}
[77.453252] (-) TimerEvent: {}
[77.555106] (-) TimerEvent: {}
[77.659962] (-) TimerEvent: {}
[77.763699] (-) TimerEvent: {}
[77.864780] (-) TimerEvent: {}
[77.965635] (-) TimerEvent: {}
[78.066511] (-) TimerEvent: {}
[78.167688] (-) TimerEvent: {}
[78.268549] (-) TimerEvent: {}
[78.369418] (-) TimerEvent: {}
[78.470280] (-) TimerEvent: {}
[78.571977] (-) TimerEvent: {}
[78.673261] (-) TimerEvent: {}
[78.774347] (-) TimerEvent: {}
[78.875593] (-) TimerEvent: {}
[78.976637] (-) TimerEvent: {}
[79.077521] (-) TimerEvent: {}
[79.181326] (-) TimerEvent: {}
[79.282469] (-) TimerEvent: {}
[79.385237] (-) TimerEvent: {}
[79.486479] (-) TimerEvent: {}
[79.587413] (-) TimerEvent: {}
[79.688468] (-) TimerEvent: {}
[79.789682] (-) TimerEvent: {}
[79.890616] (-) TimerEvent: {}
[79.991768] (-) TimerEvent: {}
[80.023748] (tello_msgs) StdoutLine: {'line': b'-- Build files have been written to: /mnt/g/My Drive/Primary/skl-Course/SP26/EECS 206A - Introduction to Robotics/106a_final_project/drone_simulation/build/tello_msgs\n'}
[80.039138] (tello_msgs) CommandEnded: {'returncode': 0}
[80.058520] (tello_msgs) JobProgress: {'identifier': 'tello_msgs', 'progress': 'build'}
[80.075901] (tello_msgs) Command: {'cmd': ['/usr/bin/cmake', '--build', '/mnt/g/My Drive/Primary/skl-Course/SP26/EECS 206A - Introduction to Robotics/106a_final_project/drone_simulation/build/tello_msgs', '--', '-j16', '-l16'], 'cwd': '/mnt/g/My Drive/Primary/skl-Course/SP26/EECS 206A - Introduction to Robotics/106a_final_project/drone_simulation/build/tello_msgs', 'env': OrderedDict([('LESSOPEN', '| /usr/bin/lesspipe %s'), ('USER', 'happygaj'), ('SHLVL', '1'), ('LD_LIBRARY_PATH', '/opt/ros/humble/opt/rviz_ogre_vendor/lib:/opt/ros/humble/lib/x86_64-linux-gnu:/opt/ros/humble/lib'), ('WT_PROFILE_ID', '{bce5ad17-2bdc-5d74-b2f9-07b5c1c5975c}'), ('HOME', '/home/happygaj'), ('OLDPWD', '/home/happygaj/my_project/drone_simulation'), ('ROS_PYTHON_VERSION', '3'), ('DBUS_SESSION_BUS_ADDRESS', 'unix:path=/run/user/1000/bus'), ('WSL_DISTRO_NAME', 'Ubuntu-22.04'), ('WAYLAND_DISPLAY', 'wayland-0'), ('ROS_DISTRO', 'humble'), ('LOGNAME', 'happygaj'), ('NAME', 'skl'), ('WSL_INTEROP', '/run/WSL/21553_interop'), ('PULSE_SERVER', 'unix:/mnt/wslg/PulseServer'), ('_', '/usr/bin/colcon'), ('ROS_VERSION', '2'), ('TERM', 'xterm-256color'), ('ROS_LOCALHOST_ONLY', '0'), ('PATH', '/opt/ros/humble/bin:/usr/local/sbin:/usr/local/bin:/usr/sbin:/usr/bin:/sbin:/bin:/usr/games:/usr/local/games:/usr/lib/wsl/lib:/mnt/c/WINDOWS/system32:/mnt/c/WINDOWS:/mnt/c/WINDOWS/System32/Wbem:/mnt/c/WINDOWS/System32/WindowsPowerShell/v1.0/:/mnt/c/WINDOWS/System32/OpenSSH/:/mnt/c/Program Files/MATLAB/R2025a/bin:/mnt/c/Program Files (x86)/Windows Kits/10/Windows Performance Toolkit/:/mnt/c/Program Files/dotnet/:/mnt/c/Program Files (x86)/Windows Kits/8.1/Windows Performance Toolkit/:/mnt/c/Program Files/Git/cmd:/mnt/c/Program Files/cursor/resources/app/bin:/mnt/c/Program Files/Tailscale/:/Docker/host/bin:/mnt/c/Users/happy/AppData/Local/Microsoft/WindowsApps:/mnt/c/Users/happy/AppData/Local/Programs/Microsoft VS Code/bin:/mnt/c/Users/happy/AppData/Local/Programs/cursor/resources/app/bin:/mnt/c/Users/happy/.local/bin:/snap/bin'), ('WT_SESSION', '490fbee8-1dcb-4fa2-a3f8-23b1e43e102c'), ('XDG_RUNTIME_DIR', '/run/user/1000/'), ('DISPLAY', ':0'), ('LANG', 'en_US.UTF-8'), ('LS_COLORS', 'rs=0:di=01;34:ln=01;36:mh=00:pi=40;33:so=01;35:do=01;35:bd=40;33;01:cd=40;33;01:or=40;31;01:mi=00:su=37;41:sg=30;43:ca=30;41:tw=30;42:ow=34;42:st=37;44:ex=01;32:*.tar=01;31:*.tgz=01;31:*.arc=01;31:*.arj=01;31:*.taz=01;31:*.lha=01;31:*.lz4=01;31:*.lzh=01;31:*.lzma=01;31:*.tlz=01;31:*.txz=01;31:*.tzo=01;31:*.t7z=01;31:*.zip=01;31:*.z=01;31:*.dz=01;31:*.gz=01;31:*.lrz=01;31:*.lz=01;31:*.lzo=01;31:*.xz=01;31:*.zst=01;31:*.tzst=01;31:*.bz2=01;31:*.bz=01;31:*.tbz=01;31:*.tbz2=01;31:*.tz=01;31:*.deb=01;31:*.rpm=01;31:*.jar=01;31:*.war=01;31:*.ear=01;31:*.sar=01;31:*.rar=01;31:*.alz=01;31:*.ace=01;31:*.zoo=01;31:*.cpio=01;31:*.7z=01;31:*.rz=01;31:*.cab=01;31:*.wim=01;31:*.swm=01;31:*.dwm=01;31:*.esd=01;31:*.jpg=01;35:*.jpeg=01;35:*.mjpg=01;35:*.mjpeg=01;35:*.gif=01;35:*.bmp=01;35:*.pbm=01;35:*.pgm=01;35:*.ppm=01;35:*.tga=01;35:*.xbm=01;35:*.xpm=01;35:*.tif=01;35:*.tiff=01;35:*.png=01;35:*.svg=01;35:*.svgz=01;35:*.mng=01;35:*.pcx=01;35:*.mov=01;35:*.mpg=01;35:*.mpeg=01;35:*.m2v=01;35:*.mkv=01;35:*.webm=01;35:*.webp=01;35:*.ogm=01;35:*.mp4=01;35:*.m4v=01;35:*.mp4v=01;35:*.vob=01;35:*.qt=01;35:*.nuv=01;35:*.wmv=01;35:*.asf=01;35:*.rm=01;35:*.rmvb=01;35:*.flc=01;35:*.avi=01;35:*.fli=01;35:*.flv=01;35:*.gl=01;35:*.dl=01;35:*.xcf=01;35:*.xwd=01;35:*.yuv=01;35:*.cgm=01;35:*.emf=01;35:*.ogv=01;35:*.ogx=01;35:*.aac=00;36:*.au=00;36:*.flac=00;36:*.m4a=00;36:*.mid=00;36:*.midi=00;36:*.mka=00;36:*.mp3=00;36:*.mpc=00;36:*.ogg=00;36:*.ra=00;36:*.wav=00;36:*.oga=00;36:*.opus=00;36:*.spx=00;36:*.xspf=00;36:'), ('AMENT_PREFIX_PATH', '/opt/ros/humble'), ('SHELL', '/bin/bash'), ('LESSCLOSE', '/usr/bin/lesspipe %s %s'), ('PWD', '/mnt/g/My Drive/Primary/skl-Course/SP26/EECS 206A - Introduction to Robotics/106a_final_project/drone_simulation/build/tello_msgs'), ('XDG_DATA_DIRS', '/usr/local/share:/usr/share:/var/lib/snapd/desktop'), ('PYTHONPATH', '/opt/ros/humble/lib/python3.10/site-packages:/opt/ros/humble/local/lib/python3.10/dist-packages'), ('COLCON', '1'), ('WSL2_GUI_APPS_ENABLED', '1'), ('HOSTTYPE', 'x86_64'), ('WSLENV', 'WT_SESSION:WT_PROFILE_ID:'), ('CMAKE_PREFIX_PATH', '/opt/ros/humble')]), 'shell': False}
[80.091908] (-) TimerEvent: {}
[80.193117] (-) TimerEvent: {}
[80.294212] (-) TimerEvent: {}
[80.395405] (-) TimerEvent: {}
[80.496659] (-) TimerEvent: {}
[80.597816] (-) TimerEvent: {}
[80.699097] (-) TimerEvent: {}
[80.800325] (-) TimerEvent: {}
[80.901491] (-) TimerEvent: {}
[81.011909] (-) TimerEvent: {}
[81.113077] (-) TimerEvent: {}
[81.214054] (-) TimerEvent: {}
[81.315375] (-) TimerEvent: {}
[81.321530] (tello_msgs) StdoutLine: {'line': b'[  2%] \x1b[34m\x1b[1mGenerating C code for ROS interfaces\x1b[0m\n'}
[81.415530] (-) TimerEvent: {}
[81.507413] (tello_msgs) StdoutLine: {'line': b'[  4%] \x1b[34m\x1b[1mGenerating Rust code for ROS interfaces\x1b[0m\n'}
[81.515701] (-) TimerEvent: {}
[81.572301] (tello_msgs) StdoutLine: {'line': b'[  6%] \x1b[34m\x1b[1mGenerating C++ code for ROS interfaces\x1b[0m\n'}
[81.575175] (tello_msgs) StdoutLine: {'line': b'[  6%] Built target ament_cmake_python_copy_tello_msgs\n'}
[81.615878] (-) TimerEvent: {}
[81.716974] (-) TimerEvent: {}
[81.818045] (-) TimerEvent: {}
[81.919203] (-) TimerEvent: {}
[82.020460] (-) TimerEvent: {}
[82.121716] (-) TimerEvent: {}
[82.222831] (-) TimerEvent: {}
[82.329521] (-) TimerEvent: {}
[82.430525] (-) TimerEvent: {}
[82.531994] (-) TimerEvent: {}
[82.633174] (-) TimerEvent: {}
[82.692956] (tello_msgs) StdoutLine: {'line': b'running egg_info\n'}
[82.697622] (tello_msgs) StdoutLine: {'line': b'creating tello_msgs.egg-info\n'}
[82.733416] (-) TimerEvent: {}
[82.739180] (tello_msgs) StdoutLine: {'line': b'writing tello_msgs.egg-info/PKG-INFO\n'}
[82.786519] (tello_msgs) StdoutLine: {'line': b'writing dependency_links to tello_msgs.egg-info/dependency_links.txt\n'}
[82.833564] (-) TimerEvent: {}
[82.842579] (tello_msgs) StdoutLine: {'line': b'writing top-level names to tello_msgs.egg-info/top_level.txt\n'}
[82.896159] (tello_msgs) StdoutLine: {'line': b"writing manifest file 'tello_msgs.egg-info/SOURCES.txt'\n"}
[82.933775] (-) TimerEvent: {}
[83.002451] (tello_msgs) StdoutLine: {'line': b"reading manifest file 'tello_msgs.egg-info/SOURCES.txt'\n"}
[83.055725] (-) TimerEvent: {}
[83.157351] (-) TimerEvent: {}
[83.194718] (tello_msgs) StdoutLine: {'line': b"writing manifest file 'tello_msgs.egg-info/SOURCES.txt'\n"}
[83.257505] (-) TimerEvent: {}
[83.358402] (-) TimerEvent: {}
[83.365734] (tello_msgs) StdoutLine: {'line': b'[  6%] Built target ament_cmake_python_build_tello_msgs_egg\n'}
[83.458672] (-) TimerEvent: {}
[83.560325] (-) TimerEvent: {}
[83.653891] (tello_msgs) StdoutLine: {'line': b'[  6%] Built target tello_msgs__rs\n'}
[83.660446] (-) TimerEvent: {}
[83.761573] (-) TimerEvent: {}
[83.873769] (-) TimerEvent: {}
[83.976701] (-) TimerEvent: {}
[84.077577] (-) TimerEvent: {}
[84.178666] (-) TimerEvent: {}
[84.280578] (-) TimerEvent: {}
[84.381620] (-) TimerEvent: {}
[84.451872] (tello_msgs) StdoutLine: {'line': b'[  6%] Built target tello_msgs__cpp\n'}
[84.481813] (-) TimerEvent: {}
[84.582789] (-) TimerEvent: {}
[84.661051] (tello_msgs) StdoutLine: {'line': b'[  8%] \x1b[32mBuilding C object CMakeFiles/tello_msgs__rosidl_generator_c.dir/rosidl_generator_c/tello_msgs/msg/detail/flight_data__functions.c.o\x1b[0m\n'}
[84.682916] (-) TimerEvent: {}
[84.701554] (tello_msgs) StdoutLine: {'line': b'[ 10%] \x1b[32mBuilding C object CMakeFiles/tello_msgs__rosidl_generator_c.dir/rosidl_generator_c/tello_msgs/msg/detail/tello_response__functions.c.o\x1b[0m\n'}
[84.748638] (tello_msgs) StdoutLine: {'line': b'[ 12%] \x1b[32mBuilding C object CMakeFiles/tello_msgs__rosidl_generator_c.dir/rosidl_generator_c/tello_msgs/srv/detail/tello_action__functions.c.o\x1b[0m\n'}
[84.783106] (-) TimerEvent: {}
[84.821469] (tello_msgs) StdoutLine: {'line': b'[ 18%] \x1b[34m\x1b[1mGenerating C++ type support for eProsima Fast-RTPS\x1b[0m\n'}
[84.826222] (tello_msgs) StdoutLine: {'line': b'[ 18%] \x1b[34m\x1b[1mGenerating C++ introspection for ROS interfaces\x1b[0m\n'}
[84.837335] (tello_msgs) StdoutLine: {'line': b'[ 18%] \x1b[34m\x1b[1mGenerating C++ type support dispatch for ROS interfaces\x1b[0m\n'}
[84.883392] (-) TimerEvent: {}
[84.984716] (-) TimerEvent: {}
[85.087922] (-) TimerEvent: {}
[85.188940] (-) TimerEvent: {}
[85.290955] (-) TimerEvent: {}
[85.392526] (-) TimerEvent: {}
[85.493843] (-) TimerEvent: {}
[85.567514] (tello_msgs) StdoutLine: {'line': b'[ 20%] \x1b[32m\x1b[1mLinking C shared library libtello_msgs__rosidl_generator_c.so\x1b[0m\n'}
[85.597639] (-) TimerEvent: {}
[85.699086] (-) TimerEvent: {}
[85.809669] (-) TimerEvent: {}
[85.912136] (-) TimerEvent: {}
[86.014074] (-) TimerEvent: {}
[86.115540] (-) TimerEvent: {}
[86.216440] (-) TimerEvent: {}
[86.321822] (-) TimerEvent: {}
[86.424617] (-) TimerEvent: {}
[86.528494] (-) TimerEvent: {}
[86.646926] (-) TimerEvent: {}
[86.748529] (tello_msgs) StdoutLine: {'line': b'[ 22%] \x1b[32mBuilding CXX object CMakeFiles/tello_msgs__rosidl_typesupport_cpp.dir/rosidl_typesupport_cpp/tello_msgs/msg/flight_data__type_support.cpp.o\x1b[0m\n'}
[86.762592] (-) TimerEvent: {}
[86.788807] (tello_msgs) StdoutLine: {'line': b'[ 25%] \x1b[32mBuilding CXX object CMakeFiles/tello_msgs__rosidl_typesupport_cpp.dir/rosidl_typesupport_cpp/tello_msgs/msg/tello_response__type_support.cpp.o\x1b[0m\n'}
[86.832777] (tello_msgs) StdoutLine: {'line': b'[ 27%] \x1b[32mBuilding CXX object CMakeFiles/tello_msgs__rosidl_typesupport_cpp.dir/rosidl_typesupport_cpp/tello_msgs/srv/tello_action__type_support.cpp.o\x1b[0m\n'}
[86.862783] (-) TimerEvent: {}
[86.963998] (-) TimerEvent: {}
[87.065089] (-) TimerEvent: {}
[87.134218] (tello_msgs) StdoutLine: {'line': b'[ 27%] Built target tello_msgs__rosidl_generator_c\n'}
[87.165336] (-) TimerEvent: {}
[87.267056] (-) TimerEvent: {}
[87.368320] (-) TimerEvent: {}
[87.461678] (tello_msgs) StdoutLine: {'line': b'[ 29%] \x1b[32mBuilding CXX object CMakeFiles/tello_msgs__rosidl_typesupport_introspection_cpp.dir/rosidl_typesupport_introspection_cpp/tello_msgs/msg/detail/flight_data__type_support.cpp.o\x1b[0m\n'}
[87.475531] (-) TimerEvent: {}
[87.569757] (tello_msgs) StdoutLine: {'line': b'[ 37%] \x1b[34m\x1b[1mGenerating C introspection for ROS interfaces\x1b[0m\n'}
[87.578869] (-) TimerEvent: {}
[87.579961] (tello_msgs) StdoutLine: {'line': b'[ 37%] \x1b[32mBuilding CXX object CMakeFiles/tello_msgs__rosidl_typesupport_fastrtps_cpp.dir/rosidl_typesupport_fastrtps_cpp/tello_msgs/msg/detail/dds_fastrtps/flight_data__type_support.cpp.o\x1b[0m\n'}
[87.588722] (tello_msgs) StdoutLine: {'line': b'[ 37%] \x1b[34m\x1b[1mGenerating C type support dispatch for ROS interfaces\x1b[0m\n'}
[87.679023] (-) TimerEvent: {}
[87.696223] (tello_msgs) StdoutLine: {'line': b'[ 45%] \x1b[32mBuilding CXX object CMakeFiles/tello_msgs__rosidl_typesupport_introspection_cpp.dir/rosidl_typesupport_introspection_cpp/tello_msgs/msg/detail/tello_response__type_support.cpp.o\x1b[0m\n'}
[87.702439] (tello_msgs) StdoutLine: {'line': b'[ 45%] \x1b[32mBuilding CXX object CMakeFiles/tello_msgs__rosidl_typesupport_fastrtps_cpp.dir/rosidl_typesupport_fastrtps_cpp/tello_msgs/srv/detail/dds_fastrtps/tello_action__type_support.cpp.o\x1b[0m\n'}
[87.709435] (tello_msgs) StdoutLine: {'line': b'[ 45%] \x1b[32mBuilding CXX object CMakeFiles/tello_msgs__rosidl_typesupport_introspection_cpp.dir/rosidl_typesupport_introspection_cpp/tello_msgs/srv/detail/tello_action__type_support.cpp.o\x1b[0m\n'}
[87.718266] (tello_msgs) StdoutLine: {'line': b'[ 45%] \x1b[32mBuilding CXX object CMakeFiles/tello_msgs__rosidl_typesupport_fastrtps_cpp.dir/rosidl_typesupport_fastrtps_cpp/tello_msgs/msg/detail/dds_fastrtps/tello_response__type_support.cpp.o\x1b[0m\n'}
[87.723988] (tello_msgs) StdoutLine: {'line': b'[ 45%] \x1b[34m\x1b[1mGenerating C type support for eProsima Fast-RTPS\x1b[0m\n'}
[87.779333] (-) TimerEvent: {}
[87.880793] (-) TimerEvent: {}
[87.982649] (-) TimerEvent: {}
[88.083900] (-) TimerEvent: {}
[88.185487] (-) TimerEvent: {}
[88.287940] (-) TimerEvent: {}
[88.389865] (-) TimerEvent: {}
[88.491399] (-) TimerEvent: {}
[88.594647] (-) TimerEvent: {}
[88.700339] (-) TimerEvent: {}
[88.802362] (-) TimerEvent: {}
[88.905062] (-) TimerEvent: {}
[89.006035] (-) TimerEvent: {}
[89.107373] (-) TimerEvent: {}
[89.209747] (-) TimerEvent: {}
[89.298483] (tello_msgs) StdoutLine: {'line': b'[ 47%] \x1b[32m\x1b[1mLinking CXX shared library libtello_msgs__rosidl_typesupport_cpp.so\x1b[0m\n'}
[89.309913] (-) TimerEvent: {}
[89.413062] (-) TimerEvent: {}
[89.514084] (-) TimerEvent: {}
[89.616259] (-) TimerEvent: {}
[89.718450] (-) TimerEvent: {}
[89.821991] (-) TimerEvent: {}
[89.934414] (-) TimerEvent: {}
[90.036516] (-) TimerEvent: {}
[90.139959] (-) TimerEvent: {}
[90.242694] (-) TimerEvent: {}
[90.265052] (tello_msgs) StdoutLine: {'line': b'[ 50%] \x1b[32mBuilding CXX object CMakeFiles/tello_msgs__rosidl_typesupport_c.dir/rosidl_typesupport_c/tello_msgs/msg/flight_data__type_support.cpp.o\x1b[0m\n'}
[90.321495] (tello_msgs) StdoutLine: {'line': b'[ 52%] \x1b[32mBuilding CXX object CMakeFiles/tello_msgs__rosidl_typesupport_c.dir/rosidl_typesupport_c/tello_msgs/msg/tello_response__type_support.cpp.o\x1b[0m\n'}
[90.342799] (-) TimerEvent: {}
[90.389504] (tello_msgs) StdoutLine: {'line': b'[ 54%] \x1b[32mBuilding CXX object CMakeFiles/tello_msgs__rosidl_typesupport_c.dir/rosidl_typesupport_c/tello_msgs/srv/tello_action__type_support.cpp.o\x1b[0m\n'}
[90.442977] (-) TimerEvent: {}
[90.544677] (-) TimerEvent: {}
[90.647158] (-) TimerEvent: {}
[90.748518] (-) TimerEvent: {}
[90.849483] (-) TimerEvent: {}
[90.952180] (-) TimerEvent: {}
[91.054746] (-) TimerEvent: {}
[91.157255] (-) TimerEvent: {}
[91.275161] (-) TimerEvent: {}
[91.399710] (-) TimerEvent: {}
[91.445094] (tello_msgs) StdoutLine: {'line': b'[ 56%] \x1b[32mBuilding C object CMakeFiles/tello_msgs__rosidl_typesupport_introspection_c.dir/rosidl_typesupport_introspection_c/tello_msgs/msg/detail/flight_data__type_support.c.o\x1b[0m\n'}
[91.499966] (-) TimerEvent: {}
[91.534758] (tello_msgs) StdoutLine: {'line': b'[ 58%] \x1b[32mBuilding C object CMakeFiles/tello_msgs__rosidl_typesupport_introspection_c.dir/rosidl_typesupport_introspection_c/tello_msgs/msg/detail/tello_response__type_support.c.o\x1b[0m\n'}
[91.600176] (-) TimerEvent: {}
[91.628818] (tello_msgs) StdoutLine: {'line': b'[ 60%] Built target tello_msgs__rosidl_typesupport_cpp\n'}
[91.639764] (tello_msgs) StdoutLine: {'line': b'[ 60%] \x1b[32mBuilding C object CMakeFiles/tello_msgs__rosidl_typesupport_introspection_c.dir/rosidl_typesupport_introspection_c/tello_msgs/srv/detail/tello_action__type_support.c.o\x1b[0m\n'}
[91.700382] (-) TimerEvent: {}
[91.733210] (tello_msgs) StdoutLine: {'line': b'[ 62%] \x1b[32mBuilding CXX object CMakeFiles/tello_msgs__rosidl_typesupport_fastrtps_c.dir/rosidl_typesupport_fastrtps_c/tello_msgs/msg/detail/flight_data__type_support_c.cpp.o\x1b[0m\n'}
[91.800526] (-) TimerEvent: {}
[91.813725] (tello_msgs) StdoutLine: {'line': b'[ 64%] \x1b[32mBuilding CXX object CMakeFiles/tello_msgs__rosidl_typesupport_fastrtps_c.dir/rosidl_typesupport_fastrtps_c/tello_msgs/msg/detail/tello_response__type_support_c.cpp.o\x1b[0m\n'}
[91.900725] (-) TimerEvent: {}
[91.921436] (tello_msgs) StdoutLine: {'line': b'[ 66%] \x1b[32mBuilding CXX object CMakeFiles/tello_msgs__rosidl_typesupport_fastrtps_c.dir/rosidl_typesupport_fastrtps_c/tello_msgs/srv/detail/tello_action__type_support_c.cpp.o\x1b[0m\n'}
[92.000946] (-) TimerEvent: {}
[92.020400] (tello_msgs) StdoutLine: {'line': b'[ 68%] \x1b[32m\x1b[1mLinking CXX shared library libtello_msgs__rosidl_typesupport_c.so\x1b[0m\n'}
[92.101122] (-) TimerEvent: {}
[92.114770] (tello_msgs) StdoutLine: {'line': b'[ 70%] \x1b[32m\x1b[1mLinking CXX shared library libtello_msgs__rosidl_typesupport_introspection_cpp.so\x1b[0m\n'}
[92.201302] (-) TimerEvent: {}
[92.303569] (-) TimerEvent: {}
[92.405225] (-) TimerEvent: {}
[92.506531] (-) TimerEvent: {}
[92.607670] (-) TimerEvent: {}
[92.709428] (-) TimerEvent: {}
[92.810718] (-) TimerEvent: {}
[92.916986] (-) TimerEvent: {}
[93.038408] (-) TimerEvent: {}
[93.140793] (-) TimerEvent: {}
[93.189141] (tello_msgs) StdoutLine: {'line': b'[ 72%] \x1b[32m\x1b[1mLinking CXX shared library libtello_msgs__rosidl_typesupport_fastrtps_cpp.so\x1b[0m\n'}
[93.240958] (-) TimerEvent: {}
[93.341941] (-) TimerEvent: {}
[93.444153] (-) TimerEvent: {}
[93.509767] (tello_msgs) StdoutLine: {'line': b'[ 75%] \x1b[32m\x1b[1mLinking C shared library libtello_msgs__rosidl_typesupport_introspection_c.so\x1b[0m\n'}
[93.544327] (-) TimerEvent: {}
[93.646420] (-) TimerEvent: {}
[93.748282] (-) TimerEvent: {}
[93.793210] (tello_msgs) StdoutLine: {'line': b'[ 75%] Built target tello_msgs__rosidl_typesupport_c\n'}
[93.848521] (-) TimerEvent: {}
[93.950389] (-) TimerEvent: {}
[94.051770] (-) TimerEvent: {}
[94.153515] (-) TimerEvent: {}
[94.187704] (tello_msgs) StdoutLine: {'line': b'[ 75%] Built target tello_msgs__rosidl_typesupport_introspection_cpp\n'}
[94.253667] (-) TimerEvent: {}
[94.354582] (-) TimerEvent: {}
[94.455832] (-) TimerEvent: {}
[94.557476] (-) TimerEvent: {}
[94.658601] (-) TimerEvent: {}
[94.760001] (-) TimerEvent: {}
[94.861530] (-) TimerEvent: {}
[94.965074] (-) TimerEvent: {}
[95.010876] (tello_msgs) StdoutLine: {'line': b'[ 75%] Built target tello_msgs__rosidl_typesupport_introspection_c\n'}
[95.039681] (tello_msgs) StdoutLine: {'line': b'[ 75%] Built target tello_msgs__rosidl_typesupport_fastrtps_cpp\n'}
[95.065231] (-) TimerEvent: {}
[95.166204] (-) TimerEvent: {}
[95.267905] (-) TimerEvent: {}
[95.369601] (-) TimerEvent: {}
[95.470704] (-) TimerEvent: {}
[95.572343] (-) TimerEvent: {}
[95.673726] (-) TimerEvent: {}
[95.709721] (tello_msgs) StdoutLine: {'line': b'[ 77%] \x1b[32m\x1b[1mLinking CXX shared library libtello_msgs__rosidl_typesupport_fastrtps_c.so\x1b[0m\n'}
[95.773896] (-) TimerEvent: {}
[95.875222] (-) TimerEvent: {}
[95.976515] (-) TimerEvent: {}
[96.077497] (-) TimerEvent: {}
[96.178909] (-) TimerEvent: {}
[96.280053] (-) TimerEvent: {}
[96.381098] (-) TimerEvent: {}
[96.482025] (-) TimerEvent: {}
[96.584000] (-) TimerEvent: {}
[96.684905] (-) TimerEvent: {}
[96.786237] (-) TimerEvent: {}
[96.789521] (tello_msgs) StdoutLine: {'line': b'[ 77%] Built target tello_msgs__rosidl_typesupport_fastrtps_c\n'}
[96.886636] (-) TimerEvent: {}
[96.987936] (-) TimerEvent: {}
[97.040503] (tello_msgs) StdoutLine: {'line': b'[ 77%] Built target tello_msgs\n'}
[97.088218] (-) TimerEvent: {}
[97.190005] (-) TimerEvent: {}
[97.291392] (-) TimerEvent: {}
[97.392563] (-) TimerEvent: {}
[97.399510] (tello_msgs) StdoutLine: {'line': b'[ 79%] \x1b[34m\x1b[1mGenerating Python code for ROS interfaces\x1b[0m\n'}
[97.492857] (-) TimerEvent: {}
[97.594518] (-) TimerEvent: {}
[97.696538] (-) TimerEvent: {}
[97.799198] (-) TimerEvent: {}
[97.900540] (-) TimerEvent: {}
[98.001876] (-) TimerEvent: {}
[98.103136] (-) TimerEvent: {}
[98.204505] (-) TimerEvent: {}
[98.305794] (-) TimerEvent: {}
[98.406836] (-) TimerEvent: {}
[98.509301] (-) TimerEvent: {}
[98.610454] (-) TimerEvent: {}
[98.711513] (-) TimerEvent: {}
[98.813350] (-) TimerEvent: {}
[98.914550] (-) TimerEvent: {}
[99.016017] (-) TimerEvent: {}
[99.117239] (-) TimerEvent: {}
[99.177482] (tello_msgs) StdoutLine: {'line': b'[ 79%] Built target tello_msgs__py\n'}
[99.217423] (-) TimerEvent: {}
[99.318601] (-) TimerEvent: {}
[99.420149] (-) TimerEvent: {}
[99.522891] (-) TimerEvent: {}
[99.624032] (-) TimerEvent: {}
[99.643688] (tello_msgs) StdoutLine: {'line': b'[ 81%] \x1b[32mBuilding C object CMakeFiles/tello_msgs__rosidl_generator_py.dir/rosidl_generator_py/tello_msgs/msg/_flight_data_s.c.o\x1b[0m\n'}
[99.676803] (tello_msgs) StdoutLine: {'line': b'[ 83%] \x1b[32mBuilding C object CMakeFiles/tello_msgs__rosidl_generator_py.dir/rosidl_generator_py/tello_msgs/msg/_tello_response_s.c.o\x1b[0m\n'}
[99.724734] (-) TimerEvent: {}
[99.726138] (tello_msgs) StdoutLine: {'line': b'[ 85%] \x1b[32mBuilding C object CMakeFiles/tello_msgs__rosidl_generator_py.dir/rosidl_generator_py/tello_msgs/srv/_tello_action_s.c.o\x1b[0m\n'}
[99.825806] (-) TimerEvent: {}
[99.927229] (-) TimerEvent: {}
[100.029653] (-) TimerEvent: {}
[100.131174] (-) TimerEvent: {}
[100.232616] (-) TimerEvent: {}
[100.334896] (-) TimerEvent: {}
[100.437291] (-) TimerEvent: {}
[100.539388] (-) TimerEvent: {}
[100.640306] (-) TimerEvent: {}
[100.742532] (-) TimerEvent: {}
[100.854559] (-) TimerEvent: {}
[100.956744] (-) TimerEvent: {}
[101.057939] (-) TimerEvent: {}
[101.075534] (tello_msgs) StdoutLine: {'line': b'[ 87%] \x1b[32m\x1b[1mLinking C shared library rosidl_generator_py/tello_msgs/libtello_msgs__rosidl_generator_py.so\x1b[0m\n'}
[101.158692] (-) TimerEvent: {}
[101.260765] (-) TimerEvent: {}
[101.362952] (-) TimerEvent: {}
[101.465227] (-) TimerEvent: {}
[101.566459] (-) TimerEvent: {}
[101.667574] (-) TimerEvent: {}
[101.768779] (-) TimerEvent: {}
[101.869867] (-) TimerEvent: {}
[101.970845] (-) TimerEvent: {}
[101.987497] (tello_msgs) StdoutLine: {'line': b'[ 87%] Built target tello_msgs__rosidl_generator_py\n'}
[102.071474] (-) TimerEvent: {}
[102.173324] (-) TimerEvent: {}
[102.274959] (-) TimerEvent: {}
[102.376041] (-) TimerEvent: {}
[102.439600] (tello_msgs) StdoutLine: {'line': b'[ 93%] \x1b[32mBuilding C object CMakeFiles/tello_msgs__rosidl_typesupport_c__pyext.dir/rosidl_generator_py/tello_msgs/_tello_msgs_s.ep.rosidl_typesupport_c.c.o\x1b[0m\n'}
[102.443481] (tello_msgs) StdoutLine: {'line': b'[ 93%] \x1b[32mBuilding C object CMakeFiles/tello_msgs__rosidl_typesupport_fastrtps_c__pyext.dir/rosidl_generator_py/tello_msgs/_tello_msgs_s.ep.rosidl_typesupport_fastrtps_c.c.o\x1b[0m\n'}
[102.451957] (tello_msgs) StdoutLine: {'line': b'[ 93%] \x1b[32mBuilding C object CMakeFiles/tello_msgs__rosidl_typesupport_introspection_c__pyext.dir/rosidl_generator_py/tello_msgs/_tello_msgs_s.ep.rosidl_typesupport_introspection_c.c.o\x1b[0m\n'}
[102.476224] (-) TimerEvent: {}
[102.578052] (-) TimerEvent: {}
[102.678981] (-) TimerEvent: {}
[102.779913] (-) TimerEvent: {}
[102.881324] (-) TimerEvent: {}
[102.982455] (-) TimerEvent: {}
[103.083675] (-) TimerEvent: {}
[103.184877] (-) TimerEvent: {}
[103.286295] (-) TimerEvent: {}
[103.387651] (-) TimerEvent: {}
[103.489151] (-) TimerEvent: {}
[103.590108] (-) TimerEvent: {}
[103.691444] (-) TimerEvent: {}
[103.793032] (-) TimerEvent: {}
[103.895023] (-) TimerEvent: {}
[103.940650] (tello_msgs) StdoutLine: {'line': b'[ 95%] \x1b[32m\x1b[1mLinking C shared library rosidl_generator_py/tello_msgs/tello_msgs_s__rosidl_typesupport_c.cpython-310-x86_64-linux-gnu.so\x1b[0m\n'}
[103.995325] (-) TimerEvent: {}
[104.097010] (-) TimerEvent: {}
[104.197900] (-) TimerEvent: {}
[104.214683] (tello_msgs) StdoutLine: {'line': b'[ 97%] \x1b[32m\x1b[1mLinking C shared library rosidl_generator_py/tello_msgs/tello_msgs_s__rosidl_typesupport_fastrtps_c.cpython-310-x86_64-linux-gnu.so\x1b[0m\n'}
[104.276741] (tello_msgs) StdoutLine: {'line': b'[100%] \x1b[32m\x1b[1mLinking C shared library rosidl_generator_py/tello_msgs/tello_msgs_s__rosidl_typesupport_introspection_c.cpython-310-x86_64-linux-gnu.so\x1b[0m\n'}
[104.298088] (-) TimerEvent: {}
[104.399088] (-) TimerEvent: {}
[104.500344] (-) TimerEvent: {}
[104.602385] (-) TimerEvent: {}
[104.707086] (-) TimerEvent: {}
[104.808292] (-) TimerEvent: {}
[104.909565] (-) TimerEvent: {}
[104.994819] (tello_msgs) StdoutLine: {'line': b'[100%] Built target tello_msgs__rosidl_typesupport_c__pyext\n'}
[105.009841] (-) TimerEvent: {}
[105.066093] (tello_msgs) StdoutLine: {'line': b'[100%] Built target tello_msgs__rosidl_typesupport_fastrtps_c__pyext\n'}
[105.101150] (tello_msgs) StdoutLine: {'line': b'[100%] Built target tello_msgs__rosidl_typesupport_introspection_c__pyext\n'}
[105.109987] (-) TimerEvent: {}
[105.211052] (-) TimerEvent: {}
[105.311974] (-) TimerEvent: {}
[105.413059] (-) TimerEvent: {}
[105.514108] (-) TimerEvent: {}
[105.615202] (-) TimerEvent: {}
[105.718303] (-) TimerEvent: {}
[105.819676] (-) TimerEvent: {}
[105.920554] (-) TimerEvent: {}
[106.021430] (-) TimerEvent: {}
[106.056561] (tello_msgs) CommandEnded: {'returncode': 0}
[106.121585] (-) TimerEvent: {}
[106.145910] (tello_msgs) JobProgress: {'identifier': 'tello_msgs', 'progress': 'install'}
[106.185995] (tello_msgs) Command: {'cmd': ['/usr/bin/cmake', '--install', '/mnt/g/My Drive/Primary/skl-Course/SP26/EECS 206A - Introduction to Robotics/106a_final_project/drone_simulation/build/tello_msgs'], 'cwd': '/mnt/g/My Drive/Primary/skl-Course/SP26/EECS 206A - Introduction to Robotics/106a_final_project/drone_simulation/build/tello_msgs', 'env': OrderedDict([('LESSOPEN', '| /usr/bin/lesspipe %s'), ('USER', 'happygaj'), ('SHLVL', '1'), ('LD_LIBRARY_PATH', '/opt/ros/humble/opt/rviz_ogre_vendor/lib:/opt/ros/humble/lib/x86_64-linux-gnu:/opt/ros/humble/lib'), ('WT_PROFILE_ID', '{bce5ad17-2bdc-5d74-b2f9-07b5c1c5975c}'), ('HOME', '/home/happygaj'), ('OLDPWD', '/home/happygaj/my_project/drone_simulation'), ('ROS_PYTHON_VERSION', '3'), ('DBUS_SESSION_BUS_ADDRESS', 'unix:path=/run/user/1000/bus'), ('WSL_DISTRO_NAME', 'Ubuntu-22.04'), ('WAYLAND_DISPLAY', 'wayland-0'), ('ROS_DISTRO', 'humble'), ('LOGNAME', 'happygaj'), ('NAME', 'skl'), ('WSL_INTEROP', '/run/WSL/21553_interop'), ('PULSE_SERVER', 'unix:/mnt/wslg/PulseServer'), ('_', '/usr/bin/colcon'), ('ROS_VERSION', '2'), ('TERM', 'xterm-256color'), ('ROS_LOCALHOST_ONLY', '0'), ('PATH', '/opt/ros/humble/bin:/usr/local/sbin:/usr/local/bin:/usr/sbin:/usr/bin:/sbin:/bin:/usr/games:/usr/local/games:/usr/lib/wsl/lib:/mnt/c/WINDOWS/system32:/mnt/c/WINDOWS:/mnt/c/WINDOWS/System32/Wbem:/mnt/c/WINDOWS/System32/WindowsPowerShell/v1.0/:/mnt/c/WINDOWS/System32/OpenSSH/:/mnt/c/Program Files/MATLAB/R2025a/bin:/mnt/c/Program Files (x86)/Windows Kits/10/Windows Performance Toolkit/:/mnt/c/Program Files/dotnet/:/mnt/c/Program Files (x86)/Windows Kits/8.1/Windows Performance Toolkit/:/mnt/c/Program Files/Git/cmd:/mnt/c/Program Files/cursor/resources/app/bin:/mnt/c/Program Files/Tailscale/:/Docker/host/bin:/mnt/c/Users/happy/AppData/Local/Microsoft/WindowsApps:/mnt/c/Users/happy/AppData/Local/Programs/Microsoft VS Code/bin:/mnt/c/Users/happy/AppData/Local/Programs/cursor/resources/app/bin:/mnt/c/Users/happy/.local/bin:/snap/bin'), ('WT_SESSION', '490fbee8-1dcb-4fa2-a3f8-23b1e43e102c'), ('XDG_RUNTIME_DIR', '/run/user/1000/'), ('DISPLAY', ':0'), ('LANG', 'en_US.UTF-8'), ('LS_COLORS', 'rs=0:di=01;34:ln=01;36:mh=00:pi=40;33:so=01;35:do=01;35:bd=40;33;01:cd=40;33;01:or=40;31;01:mi=00:su=37;41:sg=30;43:ca=30;41:tw=30;42:ow=34;42:st=37;44:ex=01;32:*.tar=01;31:*.tgz=01;31:*.arc=01;31:*.arj=01;31:*.taz=01;31:*.lha=01;31:*.lz4=01;31:*.lzh=01;31:*.lzma=01;31:*.tlz=01;31:*.txz=01;31:*.tzo=01;31:*.t7z=01;31:*.zip=01;31:*.z=01;31:*.dz=01;31:*.gz=01;31:*.lrz=01;31:*.lz=01;31:*.lzo=01;31:*.xz=01;31:*.zst=01;31:*.tzst=01;31:*.bz2=01;31:*.bz=01;31:*.tbz=01;31:*.tbz2=01;31:*.tz=01;31:*.deb=01;31:*.rpm=01;31:*.jar=01;31:*.war=01;31:*.ear=01;31:*.sar=01;31:*.rar=01;31:*.alz=01;31:*.ace=01;31:*.zoo=01;31:*.cpio=01;31:*.7z=01;31:*.rz=01;31:*.cab=01;31:*.wim=01;31:*.swm=01;31:*.dwm=01;31:*.esd=01;31:*.jpg=01;35:*.jpeg=01;35:*.mjpg=01;35:*.mjpeg=01;35:*.gif=01;35:*.bmp=01;35:*.pbm=01;35:*.pgm=01;35:*.ppm=01;35:*.tga=01;35:*.xbm=01;35:*.xpm=01;35:*.tif=01;35:*.tiff=01;35:*.png=01;35:*.svg=01;35:*.svgz=01;35:*.mng=01;35:*.pcx=01;35:*.mov=01;35:*.mpg=01;35:*.mpeg=01;35:*.m2v=01;35:*.mkv=01;35:*.webm=01;35:*.webp=01;35:*.ogm=01;35:*.mp4=01;35:*.m4v=01;35:*.mp4v=01;35:*.vob=01;35:*.qt=01;35:*.nuv=01;35:*.wmv=01;35:*.asf=01;35:*.rm=01;35:*.rmvb=01;35:*.flc=01;35:*.avi=01;35:*.fli=01;35:*.flv=01;35:*.gl=01;35:*.dl=01;35:*.xcf=01;35:*.xwd=01;35:*.yuv=01;35:*.cgm=01;35:*.emf=01;35:*.ogv=01;35:*.ogx=01;35:*.aac=00;36:*.au=00;36:*.flac=00;36:*.m4a=00;36:*.mid=00;36:*.midi=00;36:*.mka=00;36:*.mp3=00;36:*.mpc=00;36:*.ogg=00;36:*.ra=00;36:*.wav=00;36:*.oga=00;36:*.opus=00;36:*.spx=00;36:*.xspf=00;36:'), ('AMENT_PREFIX_PATH', '/opt/ros/humble'), ('SHELL', '/bin/bash'), ('LESSCLOSE', '/usr/bin/lesspipe %s %s'), ('PWD', '/mnt/g/My Drive/Primary/skl-Course/SP26/EECS 206A - Introduction to Robotics/106a_final_project/drone_simulation/build/tello_msgs'), ('XDG_DATA_DIRS', '/usr/local/share:/usr/share:/var/lib/snapd/desktop'), ('PYTHONPATH', '/opt/ros/humble/lib/python3.10/site-packages:/opt/ros/humble/local/lib/python3.10/dist-packages'), ('COLCON', '1'), ('WSL2_GUI_APPS_ENABLED', '1'), ('HOSTTYPE', 'x86_64'), ('WSLENV', 'WT_SESSION:WT_PROFILE_ID:'), ('CMAKE_PREFIX_PATH', '/opt/ros/humble')]), 'shell': False}
[106.221774] (-) TimerEvent: {}
[106.231103] (tello_msgs) StdoutLine: {'line': b'-- Install configuration: ""\n'}
[106.321968] (-) TimerEvent: {}
[106.426742] (tello_msgs) StdoutLine: {'line': b'-- Installing: /mnt/g/My Drive/Primary/skl-Course/SP26/EECS 206A - Introduction to Robotics/106a_final_project/drone_simulation/install/tello_msgs/share/ament_index/resource_index/rosidl_interfaces/tello_msgs\n'}
[106.428936] (-) TimerEvent: {}
[106.529776] (-) TimerEvent: {}
[106.630697] (-) TimerEvent: {}
[106.736426] (-) TimerEvent: {}
[106.815484] (tello_msgs) StdoutLine: {'line': b'-- Installing: /mnt/g/My Drive/Primary/skl-Course/SP26/EECS 206A - Introduction to Robotics/106a_final_project/drone_simulation/install/tello_msgs/include/tello_msgs/tello_msgs\n'}
[106.836630] (-) TimerEvent: {}
[106.937458] (tello_msgs) StdoutLine: {'line': b'-- Installing: /mnt/g/My Drive/Primary/skl-Course/SP26/EECS 206A - Introduction to Robotics/106a_final_project/drone_simulation/install/tello_msgs/include/tello_msgs/tello_msgs/msg\n'}
[106.939463] (-) TimerEvent: {}
[107.040238] (-) TimerEvent: {}
[107.088618] (tello_msgs) StdoutLine: {'line': b'-- Installing: /mnt/g/My Drive/Primary/skl-Course/SP26/EECS 206A - Introduction to Robotics/106a_final_project/drone_simulation/install/tello_msgs/include/tello_msgs/tello_msgs/msg/rosidl_generator_c__visibility_control.h\n'}
[107.140410] (-) TimerEvent: {}
[107.241382] (-) TimerEvent: {}
[107.342387] (-) TimerEvent: {}
[107.443769] (-) TimerEvent: {}
[107.489597] (tello_msgs) StdoutLine: {'line': b'-- Installing: /mnt/g/My Drive/Primary/skl-Course/SP26/EECS 206A - Introduction to Robotics/106a_final_project/drone_simulation/install/tello_msgs/include/tello_msgs/tello_msgs/msg/flight_data.h\n'}
[107.543965] (-) TimerEvent: {}
[107.645201] (-) TimerEvent: {}
[107.746202] (-) TimerEvent: {}
[107.847506] (-) TimerEvent: {}
[107.864137] (tello_msgs) StdoutLine: {'line': b'-- Installing: /mnt/g/My Drive/Primary/skl-Course/SP26/EECS 206A - Introduction to Robotics/106a_final_project/drone_simulation/install/tello_msgs/include/tello_msgs/tello_msgs/msg/detail\n'}
[107.947652] (-) TimerEvent: {}
[108.046972] (tello_msgs) StdoutLine: {'line': b'-- Installing: /mnt/g/My Drive/Primary/skl-Course/SP26/EECS 206A - Introduction to Robotics/106a_final_project/drone_simulation/install/tello_msgs/include/tello_msgs/tello_msgs/msg/detail/flight_data__functions.c\n'}
[108.048849] (-) TimerEvent: {}
[108.149552] (-) TimerEvent: {}
[108.250593] (-) TimerEvent: {}
[108.351490] (-) TimerEvent: {}
[108.452660] (-) TimerEvent: {}
[108.478293] (tello_msgs) StdoutLine: {'line': b'-- Installing: /mnt/g/My Drive/Primary/skl-Course/SP26/EECS 206A - Introduction to Robotics/106a_final_project/drone_simulation/install/tello_msgs/include/tello_msgs/tello_msgs/msg/detail/flight_data__functions.h\n'}
[108.552829] (-) TimerEvent: {}
[108.653771] (-) TimerEvent: {}
[108.755650] (-) TimerEvent: {}
[108.856617] (-) TimerEvent: {}
[108.894913] (tello_msgs) StdoutLine: {'line': b'-- Installing: /mnt/g/My Drive/Primary/skl-Course/SP26/EECS 206A - Introduction to Robotics/106a_final_project/drone_simulation/install/tello_msgs/include/tello_msgs/tello_msgs/msg/detail/flight_data__struct.h\n'}
[108.956879] (-) TimerEvent: {}
[109.058039] (-) TimerEvent: {}
[109.160492] (-) TimerEvent: {}
[109.261364] (-) TimerEvent: {}
[109.305981] (tello_msgs) StdoutLine: {'line': b'-- Installing: /mnt/g/My Drive/Primary/skl-Course/SP26/EECS 206A - Introduction to Robotics/106a_final_project/drone_simulation/install/tello_msgs/include/tello_msgs/tello_msgs/msg/detail/flight_data__type_support.h\n'}
[109.361518] (-) TimerEvent: {}
[109.462525] (-) TimerEvent: {}
[109.563488] (-) TimerEvent: {}
[109.664540] (-) TimerEvent: {}
[109.749094] (tello_msgs) StdoutLine: {'line': b'-- Installing: /mnt/g/My Drive/Primary/skl-Course/SP26/EECS 206A - Introduction to Robotics/106a_final_project/drone_simulation/install/tello_msgs/include/tello_msgs/tello_msgs/msg/detail/tello_response__functions.c\n'}
[109.764645] (-) TimerEvent: {}
[109.865602] (-) TimerEvent: {}
[109.966834] (-) TimerEvent: {}
[110.067728] (-) TimerEvent: {}
[110.169011] (-) TimerEvent: {}
[110.210237] (tello_msgs) StdoutLine: {'line': b'-- Installing: /mnt/g/My Drive/Primary/skl-Course/SP26/EECS 206A - Introduction to Robotics/106a_final_project/drone_simulation/install/tello_msgs/include/tello_msgs/tello_msgs/msg/detail/tello_response__functions.h\n'}
[110.269172] (-) TimerEvent: {}
[110.370363] (-) TimerEvent: {}
[110.475941] (-) TimerEvent: {}
[110.578105] (-) TimerEvent: {}
[110.679270] (-) TimerEvent: {}
[110.686700] (tello_msgs) StdoutLine: {'line': b'-- Installing: /mnt/g/My Drive/Primary/skl-Course/SP26/EECS 206A - Introduction to Robotics/106a_final_project/drone_simulation/install/tello_msgs/include/tello_msgs/tello_msgs/msg/detail/tello_response__struct.h\n'}
[110.779432] (-) TimerEvent: {}
[110.880591] (-) TimerEvent: {}
[110.982120] (-) TimerEvent: {}
[111.083419] (-) TimerEvent: {}
[111.176700] (tello_msgs) StdoutLine: {'line': b'-- Installing: /mnt/g/My Drive/Primary/skl-Course/SP26/EECS 206A - Introduction to Robotics/106a_final_project/drone_simulation/install/tello_msgs/include/tello_msgs/tello_msgs/msg/detail/tello_response__type_support.h\n'}
[111.183529] (-) TimerEvent: {}
[111.285116] (-) TimerEvent: {}
[111.386252] (-) TimerEvent: {}
[111.487194] (-) TimerEvent: {}
[111.588245] (-) TimerEvent: {}
[111.605133] (tello_msgs) StdoutLine: {'line': b'-- Installing: /mnt/g/My Drive/Primary/skl-Course/SP26/EECS 206A - Introduction to Robotics/106a_final_project/drone_simulation/install/tello_msgs/include/tello_msgs/tello_msgs/msg/tello_response.h\n'}
[111.688432] (-) TimerEvent: {}
[111.789566] (-) TimerEvent: {}
[111.890816] (-) TimerEvent: {}
[111.972469] (tello_msgs) StdoutLine: {'line': b'-- Installing: /mnt/g/My Drive/Primary/skl-Course/SP26/EECS 206A - Introduction to Robotics/106a_final_project/drone_simulation/install/tello_msgs/include/tello_msgs/tello_msgs/srv\n'}
[111.990904] (-) TimerEvent: {}
[112.091854] (-) TimerEvent: {}
[112.135377] (tello_msgs) StdoutLine: {'line': b'-- Installing: /mnt/g/My Drive/Primary/skl-Course/SP26/EECS 206A - Introduction to Robotics/106a_final_project/drone_simulation/install/tello_msgs/include/tello_msgs/tello_msgs/srv/tello_action.h\n'}
[112.192060] (-) TimerEvent: {}
[112.293417] (-) TimerEvent: {}
[112.394629] (-) TimerEvent: {}
[112.495991] (-) TimerEvent: {}
[112.507343] (tello_msgs) StdoutLine: {'line': b'-- Installing: /mnt/g/My Drive/Primary/skl-Course/SP26/EECS 206A - Introduction to Robotics/106a_final_project/drone_simulation/install/tello_msgs/include/tello_msgs/tello_msgs/srv/detail\n'}
[112.596173] (-) TimerEvent: {}
[112.697504] (-) TimerEvent: {}
[112.706559] (tello_msgs) StdoutLine: {'line': b'-- Installing: /mnt/g/My Drive/Primary/skl-Course/SP26/EECS 206A - Introduction to Robotics/106a_final_project/drone_simulation/install/tello_msgs/include/tello_msgs/tello_msgs/srv/detail/tello_action__functions.c\n'}
[112.797701] (-) TimerEvent: {}
[112.898700] (-) TimerEvent: {}
[112.999695] (-) TimerEvent: {}
[113.100869] (-) TimerEvent: {}
[113.190711] (tello_msgs) StdoutLine: {'line': b'-- Installing: /mnt/g/My Drive/Primary/skl-Course/SP26/EECS 206A - Introduction to Robotics/106a_final_project/drone_simulation/install/tello_msgs/include/tello_msgs/tello_msgs/srv/detail/tello_action__functions.h\n'}
[113.200982] (-) TimerEvent: {}
[113.301866] (-) TimerEvent: {}
[113.402907] (-) TimerEvent: {}
[113.503769] (-) TimerEvent: {}
[113.604772] (-) TimerEvent: {}
[113.654321] (tello_msgs) StdoutLine: {'line': b'-- Installing: /mnt/g/My Drive/Primary/skl-Course/SP26/EECS 206A - Introduction to Robotics/106a_final_project/drone_simulation/install/tello_msgs/include/tello_msgs/tello_msgs/srv/detail/tello_action__struct.h\n'}
[113.704968] (-) TimerEvent: {}
[113.805948] (-) TimerEvent: {}
[113.907065] (-) TimerEvent: {}
[114.008362] (-) TimerEvent: {}
[114.109417] (-) TimerEvent: {}
[114.131749] (tello_msgs) StdoutLine: {'line': b'-- Installing: /mnt/g/My Drive/Primary/skl-Course/SP26/EECS 206A - Introduction to Robotics/106a_final_project/drone_simulation/install/tello_msgs/include/tello_msgs/tello_msgs/srv/detail/tello_action__type_support.h\n'}
[114.209685] (-) TimerEvent: {}
[114.310791] (-) TimerEvent: {}
[114.411764] (-) TimerEvent: {}
[114.512792] (-) TimerEvent: {}
[114.613775] (-) TimerEvent: {}
[114.632681] (tello_msgs) StdoutLine: {'line': b'-- Installing: /mnt/g/My Drive/Primary/skl-Course/SP26/EECS 206A - Introduction to Robotics/106a_final_project/drone_simulation/install/tello_msgs/share/tello_msgs/environment/library_path.sh\n'}
[114.713967] (-) TimerEvent: {}
[114.814863] (-) TimerEvent: {}
[114.915874] (-) TimerEvent: {}
[114.925342] (tello_msgs) StdoutLine: {'line': b'-- Installing: /mnt/g/My Drive/Primary/skl-Course/SP26/EECS 206A - Introduction to Robotics/106a_final_project/drone_simulation/install/tello_msgs/share/tello_msgs/environment/library_path.dsv\n'}
[115.016052] (-) TimerEvent: {}
[115.118963] (-) TimerEvent: {}
[115.220281] (-) TimerEvent: {}
[115.265126] (tello_msgs) StdoutLine: {'line': b'-- Installing: /mnt/g/My Drive/Primary/skl-Course/SP26/EECS 206A - Introduction to Robotics/106a_final_project/drone_simulation/install/tello_msgs/lib/libtello_msgs__rosidl_generator_c.so\n'}
[115.320426] (-) TimerEvent: {}
[115.421447] (-) TimerEvent: {}
[115.522352] (-) TimerEvent: {}
[115.623629] (-) TimerEvent: {}
[115.655874] (tello_msgs) StdoutLine: {'line': b'-- Set runtime path of "/mnt/g/My Drive/Primary/skl-Course/SP26/EECS 206A - Introduction to Robotics/106a_final_project/drone_simulation/install/tello_msgs/lib/libtello_msgs__rosidl_generator_c.so" to ""\n'}
[115.708148] (tello_msgs) StdoutLine: {'line': b'-- Up-to-date: /mnt/g/My Drive/Primary/skl-Course/SP26/EECS 206A - Introduction to Robotics/106a_final_project/drone_simulation/install/tello_msgs/include/tello_msgs/tello_msgs\n'}
[115.723819] (-) TimerEvent: {}
[115.804507] (tello_msgs) StdoutLine: {'line': b'-- Up-to-date: /mnt/g/My Drive/Primary/skl-Course/SP26/EECS 206A - Introduction to Robotics/106a_final_project/drone_simulation/install/tello_msgs/include/tello_msgs/tello_msgs/msg\n'}
[115.823981] (-) TimerEvent: {}
[115.924887] (-) TimerEvent: {}
[115.928935] (tello_msgs) StdoutLine: {'line': b'-- Installing: /mnt/g/My Drive/Primary/skl-Course/SP26/EECS 206A - Introduction to Robotics/106a_final_project/drone_simulation/install/tello_msgs/include/tello_msgs/tello_msgs/msg/rosidl_typesupport_fastrtps_c__visibility_control.h\n'}
[116.025076] (-) TimerEvent: {}
[116.126029] (-) TimerEvent: {}
[116.227080] (-) TimerEvent: {}
[116.311647] (tello_msgs) StdoutLine: {'line': b'-- Up-to-date: /mnt/g/My Drive/Primary/skl-Course/SP26/EECS 206A - Introduction to Robotics/106a_final_project/drone_simulation/install/tello_msgs/include/tello_msgs/tello_msgs/msg/detail\n'}
[116.327344] (-) TimerEvent: {}
[116.428401] (-) TimerEvent: {}
[116.463752] (tello_msgs) StdoutLine: {'line': b'-- Installing: /mnt/g/My Drive/Primary/skl-Course/SP26/EECS 206A - Introduction to Robotics/106a_final_project/drone_simulation/install/tello_msgs/include/tello_msgs/tello_msgs/msg/detail/flight_data__rosidl_typesupport_fastrtps_c.h\n'}
[116.528673] (-) TimerEvent: {}
[116.629849] (-) TimerEvent: {}
[116.730844] (-) TimerEvent: {}
[116.832078] (-) TimerEvent: {}
[116.932102] (tello_msgs) StdoutLine: {'line': b'-- Installing: /mnt/g/My Drive/Primary/skl-Course/SP26/EECS 206A - Introduction to Robotics/106a_final_project/drone_simulation/install/tello_msgs/include/tello_msgs/tello_msgs/msg/detail/tello_response__rosidl_typesupport_fastrtps_c.h\n'}
[116.934896] (-) TimerEvent: {}
[117.035634] (-) TimerEvent: {}
[117.136575] (-) TimerEvent: {}
[117.245559] (-) TimerEvent: {}
[117.346601] (-) TimerEvent: {}
[117.360213] (tello_msgs) StdoutLine: {'line': b'-- Up-to-date: /mnt/g/My Drive/Primary/skl-Course/SP26/EECS 206A - Introduction to Robotics/106a_final_project/drone_simulation/install/tello_msgs/include/tello_msgs/tello_msgs/srv\n'}
[117.446796] (-) TimerEvent: {}
[117.478006] (tello_msgs) StdoutLine: {'line': b'-- Up-to-date: /mnt/g/My Drive/Primary/skl-Course/SP26/EECS 206A - Introduction to Robotics/106a_final_project/drone_simulation/install/tello_msgs/include/tello_msgs/tello_msgs/srv/detail\n'}
[117.546979] (-) TimerEvent: {}
[117.632512] (tello_msgs) StdoutLine: {'line': b'-- Installing: /mnt/g/My Drive/Primary/skl-Course/SP26/EECS 206A - Introduction to Robotics/106a_final_project/drone_simulation/install/tello_msgs/include/tello_msgs/tello_msgs/srv/detail/tello_action__rosidl_typesupport_fastrtps_c.h\n'}
[117.647158] (-) TimerEvent: {}
[117.748059] (-) TimerEvent: {}
[117.848993] (-) TimerEvent: {}
[117.950647] (-) TimerEvent: {}
[118.050676] (tello_msgs) StdoutLine: {'line': b'-- Installing: /mnt/g/My Drive/Primary/skl-Course/SP26/EECS 206A - Introduction to Robotics/106a_final_project/drone_simulation/install/tello_msgs/lib/libtello_msgs__rosidl_typesupport_fastrtps_c.so\n'}
[118.052940] (-) TimerEvent: {}
[118.153677] (-) TimerEvent: {}
[118.255515] (-) TimerEvent: {}
[118.356697] (-) TimerEvent: {}
[118.415130] (tello_msgs) StdoutLine: {'line': b'-- Set runtime path of "/mnt/g/My Drive/Primary/skl-Course/SP26/EECS 206A - Introduction to Robotics/106a_final_project/drone_simulation/install/tello_msgs/lib/libtello_msgs__rosidl_typesupport_fastrtps_c.so" to ""\n'}
[118.456896] (-) TimerEvent: {}
[118.467508] (tello_msgs) StdoutLine: {'line': b'-- Up-to-date: /mnt/g/My Drive/Primary/skl-Course/SP26/EECS 206A - Introduction to Robotics/106a_final_project/drone_simulation/install/tello_msgs/include/tello_msgs/tello_msgs\n'}
[118.557082] (-) TimerEvent: {}
[118.560402] (tello_msgs) StdoutLine: {'line': b'-- Up-to-date: /mnt/g/My Drive/Primary/skl-Course/SP26/EECS 206A - Introduction to Robotics/106a_final_project/drone_simulation/install/tello_msgs/include/tello_msgs/tello_msgs/msg\n'}
[118.657215] (-) TimerEvent: {}
[118.691096] (tello_msgs) StdoutLine: {'line': b'-- Installing: /mnt/g/My Drive/Primary/skl-Course/SP26/EECS 206A - Introduction to Robotics/106a_final_project/drone_simulation/install/tello_msgs/include/tello_msgs/tello_msgs/msg/rosidl_typesupport_introspection_c__visibility_control.h\n'}
[118.757372] (-) TimerEvent: {}
[118.858331] (-) TimerEvent: {}
[118.959296] (-) TimerEvent: {}
[119.060177] (-) TimerEvent: {}
[119.078348] (tello_msgs) StdoutLine: {'line': b'-- Up-to-date: /mnt/g/My Drive/Primary/skl-Course/SP26/EECS 206A - Introduction to Robotics/106a_final_project/drone_simulation/install/tello_msgs/include/tello_msgs/tello_msgs/msg/detail\n'}
[119.160348] (-) TimerEvent: {}
[119.227478] (tello_msgs) StdoutLine: {'line': b'-- Installing: /mnt/g/My Drive/Primary/skl-Course/SP26/EECS 206A - Introduction to Robotics/106a_final_project/drone_simulation/install/tello_msgs/include/tello_msgs/tello_msgs/msg/detail/flight_data__rosidl_typesupport_introspection_c.h\n'}
[119.260526] (-) TimerEvent: {}
[119.361426] (-) TimerEvent: {}
[119.462532] (-) TimerEvent: {}
[119.579833] (-) TimerEvent: {}
[119.754257] (-) TimerEvent: {}
[119.855395] (-) TimerEvent: {}
[119.886381] (tello_msgs) StdoutLine: {'line': b'-- Installing: /mnt/g/My Drive/Primary/skl-Course/SP26/EECS 206A - Introduction to Robotics/106a_final_project/drone_simulation/install/tello_msgs/include/tello_msgs/tello_msgs/msg/detail/flight_data__type_support.c\n'}
[119.955553] (-) TimerEvent: {}
[120.056481] (-) TimerEvent: {}
[120.157700] (-) TimerEvent: {}
[120.258977] (-) TimerEvent: {}
[120.350467] (tello_msgs) StdoutLine: {'line': b'-- Installing: /mnt/g/My Drive/Primary/skl-Course/SP26/EECS 206A - Introduction to Robotics/106a_final_project/drone_simulation/install/tello_msgs/include/tello_msgs/tello_msgs/msg/detail/tello_response__rosidl_typesupport_introspection_c.h\n'}
[120.359095] (-) TimerEvent: {}
[120.459948] (-) TimerEvent: {}
[120.560929] (-) TimerEvent: {}
[120.726975] (-) TimerEvent: {}
[120.828294] (-) TimerEvent: {}
[120.878883] (tello_msgs) StdoutLine: {'line': b'-- Installing: /mnt/g/My Drive/Primary/skl-Course/SP26/EECS 206A - Introduction to Robotics/106a_final_project/drone_simulation/install/tello_msgs/include/tello_msgs/tello_msgs/msg/detail/tello_response__type_support.c\n'}
[120.928441] (-) TimerEvent: {}
[121.029296] (-) TimerEvent: {}
[121.130140] (-) TimerEvent: {}
[121.231188] (-) TimerEvent: {}
[121.247039] (tello_msgs) StdoutLine: {'line': b'-- Up-to-date: /mnt/g/My Drive/Primary/skl-Course/SP26/EECS 206A - Introduction to Robotics/106a_final_project/drone_simulation/install/tello_msgs/include/tello_msgs/tello_msgs/srv\n'}
[121.331362] (-) TimerEvent: {}
[121.358551] (tello_msgs) StdoutLine: {'line': b'-- Up-to-date: /mnt/g/My Drive/Primary/skl-Course/SP26/EECS 206A - Introduction to Robotics/106a_final_project/drone_simulation/install/tello_msgs/include/tello_msgs/tello_msgs/srv/detail\n'}
[121.431611] (-) TimerEvent: {}
[121.499678] (tello_msgs) StdoutLine: {'line': b'-- Installing: /mnt/g/My Drive/Primary/skl-Course/SP26/EECS 206A - Introduction to Robotics/106a_final_project/drone_simulation/install/tello_msgs/include/tello_msgs/tello_msgs/srv/detail/tello_action__rosidl_typesupport_introspection_c.h\n'}
[121.531833] (-) TimerEvent: {}
[121.632883] (-) TimerEvent: {}
[121.740486] (-) TimerEvent: {}
[121.841841] (-) TimerEvent: {}
[121.912225] (tello_msgs) StdoutLine: {'line': b'-- Installing: /mnt/g/My Drive/Primary/skl-Course/SP26/EECS 206A - Introduction to Robotics/106a_final_project/drone_simulation/install/tello_msgs/include/tello_msgs/tello_msgs/srv/detail/tello_action__type_support.c\n'}
[121.942025] (-) TimerEvent: {}
[122.043357] (-) TimerEvent: {}
[122.144593] (-) TimerEvent: {}
[122.245650] (-) TimerEvent: {}
[122.303870] (tello_msgs) StdoutLine: {'line': b'-- Installing: /mnt/g/My Drive/Primary/skl-Course/SP26/EECS 206A - Introduction to Robotics/106a_final_project/drone_simulation/install/tello_msgs/lib/libtello_msgs__rosidl_typesupport_introspection_c.so\n'}
[122.345791] (-) TimerEvent: {}
[122.446702] (-) TimerEvent: {}
[122.547627] (-) TimerEvent: {}
[122.632663] (tello_msgs) StdoutLine: {'line': b'-- Set runtime path of "/mnt/g/My Drive/Primary/skl-Course/SP26/EECS 206A - Introduction to Robotics/106a_final_project/drone_simulation/install/tello_msgs/lib/libtello_msgs__rosidl_typesupport_introspection_c.so" to ""\n'}
[122.647776] (-) TimerEvent: {}
[122.689651] (tello_msgs) StdoutLine: {'line': b'-- Installing: /mnt/g/My Drive/Primary/skl-Course/SP26/EECS 206A - Introduction to Robotics/106a_final_project/drone_simulation/install/tello_msgs/lib/libtello_msgs__rosidl_typesupport_c.so\n'}
[122.748050] (-) TimerEvent: {}
[122.849698] (-) TimerEvent: {}
[122.950975] (-) TimerEvent: {}
[123.016493] (tello_msgs) StdoutLine: {'line': b'-- Set runtime path of "/mnt/g/My Drive/Primary/skl-Course/SP26/EECS 206A - Introduction to Robotics/106a_final_project/drone_simulation/install/tello_msgs/lib/libtello_msgs__rosidl_typesupport_c.so" to ""\n'}
[123.051128] (-) TimerEvent: {}
[123.063166] (tello_msgs) StdoutLine: {'line': b'-- Up-to-date: /mnt/g/My Drive/Primary/skl-Course/SP26/EECS 206A - Introduction to Robotics/106a_final_project/drone_simulation/install/tello_msgs/include/tello_msgs/tello_msgs\n'}
[123.142121] (tello_msgs) StdoutLine: {'line': b'-- Up-to-date: /mnt/g/My Drive/Primary/skl-Course/SP26/EECS 206A - Introduction to Robotics/106a_final_project/drone_simulation/install/tello_msgs/include/tello_msgs/tello_msgs/msg\n'}
[123.151232] (-) TimerEvent: {}
[123.250902] (tello_msgs) StdoutLine: {'line': b'-- Installing: /mnt/g/My Drive/Primary/skl-Course/SP26/EECS 206A - Introduction to Robotics/106a_final_project/drone_simulation/install/tello_msgs/include/tello_msgs/tello_msgs/msg/rosidl_generator_cpp__visibility_control.hpp\n'}
[123.253283] (-) TimerEvent: {}
[123.354218] (-) TimerEvent: {}
[123.455437] (-) TimerEvent: {}
[123.556671] (-) TimerEvent: {}
[123.639214] (tello_msgs) StdoutLine: {'line': b'-- Installing: /mnt/g/My Drive/Primary/skl-Course/SP26/EECS 206A - Introduction to Robotics/106a_final_project/drone_simulation/install/tello_msgs/include/tello_msgs/tello_msgs/msg/flight_data.hpp\n'}
[123.656896] (-) TimerEvent: {}
[123.758070] (-) TimerEvent: {}
[123.864416] (-) TimerEvent: {}
[123.965399] (-) TimerEvent: {}
[124.007443] (tello_msgs) StdoutLine: {'line': b'-- Up-to-date: /mnt/g/My Drive/Primary/skl-Course/SP26/EECS 206A - Introduction to Robotics/106a_final_project/drone_simulation/install/tello_msgs/include/tello_msgs/tello_msgs/msg/detail\n'}
[124.065579] (-) TimerEvent: {}
[124.134466] (tello_msgs) StdoutLine: {'line': b'-- Installing: /mnt/g/My Drive/Primary/skl-Course/SP26/EECS 206A - Introduction to Robotics/106a_final_project/drone_simulation/install/tello_msgs/include/tello_msgs/tello_msgs/msg/detail/flight_data__builder.hpp\n'}
[124.165726] (-) TimerEvent: {}
[124.266664] (-) TimerEvent: {}
[124.367693] (-) TimerEvent: {}
[124.468698] (-) TimerEvent: {}
[124.545995] (tello_msgs) StdoutLine: {'line': b'-- Installing: /mnt/g/My Drive/Primary/skl-Course/SP26/EECS 206A - Introduction to Robotics/106a_final_project/drone_simulation/install/tello_msgs/include/tello_msgs/tello_msgs/msg/detail/flight_data__struct.hpp\n'}
[124.568862] (-) TimerEvent: {}
[124.669815] (-) TimerEvent: {}
[124.770698] (-) TimerEvent: {}
[124.871828] (-) TimerEvent: {}
[124.972812] (-) TimerEvent: {}
[124.992105] (tello_msgs) StdoutLine: {'line': b'-- Installing: /mnt/g/My Drive/Primary/skl-Course/SP26/EECS 206A - Introduction to Robotics/106a_final_project/drone_simulation/install/tello_msgs/include/tello_msgs/tello_msgs/msg/detail/flight_data__traits.hpp\n'}
[125.072946] (-) TimerEvent: {}
[125.173799] (-) TimerEvent: {}
[125.276788] (-) TimerEvent: {}
[125.377855] (-) TimerEvent: {}
[125.393341] (tello_msgs) StdoutLine: {'line': b'-- Installing: /mnt/g/My Drive/Primary/skl-Course/SP26/EECS 206A - Introduction to Robotics/106a_final_project/drone_simulation/install/tello_msgs/include/tello_msgs/tello_msgs/msg/detail/flight_data__type_support.hpp\n'}
[125.478085] (-) TimerEvent: {}
[125.579604] (-) TimerEvent: {}
[125.680625] (-) TimerEvent: {}
[125.781749] (-) TimerEvent: {}
[125.854162] (tello_msgs) StdoutLine: {'line': b'-- Installing: /mnt/g/My Drive/Primary/skl-Course/SP26/EECS 206A - Introduction to Robotics/106a_final_project/drone_simulation/install/tello_msgs/include/tello_msgs/tello_msgs/msg/detail/tello_response__builder.hpp\n'}
[125.882012] (-) TimerEvent: {}
[125.983148] (-) TimerEvent: {}
[126.084417] (-) TimerEvent: {}
[126.185553] (-) TimerEvent: {}
[126.267472] (tello_msgs) StdoutLine: {'line': b'-- Installing: /mnt/g/My Drive/Primary/skl-Course/SP26/EECS 206A - Introduction to Robotics/106a_final_project/drone_simulation/install/tello_msgs/include/tello_msgs/tello_msgs/msg/detail/tello_response__struct.hpp\n'}
[126.285672] (-) TimerEvent: {}
[126.386634] (-) TimerEvent: {}
[126.495516] (-) TimerEvent: {}
[126.599044] (-) TimerEvent: {}
[126.700970] (-) TimerEvent: {}
[126.728988] (tello_msgs) StdoutLine: {'line': b'-- Installing: /mnt/g/My Drive/Primary/skl-Course/SP26/EECS 206A - Introduction to Robotics/106a_final_project/drone_simulation/install/tello_msgs/include/tello_msgs/tello_msgs/msg/detail/tello_response__traits.hpp\n'}
[126.801407] (-) TimerEvent: {}
[126.902364] (-) TimerEvent: {}
[127.003670] (-) TimerEvent: {}
[127.106880] (-) TimerEvent: {}
[127.156593] (tello_msgs) StdoutLine: {'line': b'-- Installing: /mnt/g/My Drive/Primary/skl-Course/SP26/EECS 206A - Introduction to Robotics/106a_final_project/drone_simulation/install/tello_msgs/include/tello_msgs/tello_msgs/msg/detail/tello_response__type_support.hpp\n'}
[127.208259] (-) TimerEvent: {}
[127.309472] (-) TimerEvent: {}
[127.410813] (-) TimerEvent: {}
[127.513041] (-) TimerEvent: {}
[127.587892] (tello_msgs) StdoutLine: {'line': b'-- Installing: /mnt/g/My Drive/Primary/skl-Course/SP26/EECS 206A - Introduction to Robotics/106a_final_project/drone_simulation/install/tello_msgs/include/tello_msgs/tello_msgs/msg/tello_response.hpp\n'}
[127.613695] (-) TimerEvent: {}
[127.716145] (-) TimerEvent: {}
[127.817608] (-) TimerEvent: {}
[127.915632] (tello_msgs) StdoutLine: {'line': b'-- Up-to-date: /mnt/g/My Drive/Primary/skl-Course/SP26/EECS 206A - Introduction to Robotics/106a_final_project/drone_simulation/install/tello_msgs/include/tello_msgs/tello_msgs/srv\n'}
[127.917853] (-) TimerEvent: {}
[128.020632] (-) TimerEvent: {}
[128.025286] (tello_msgs) StdoutLine: {'line': b'-- Installing: /mnt/g/My Drive/Primary/skl-Course/SP26/EECS 206A - Introduction to Robotics/106a_final_project/drone_simulation/install/tello_msgs/include/tello_msgs/tello_msgs/srv/tello_action.hpp\n'}
[128.122436] (-) TimerEvent: {}
[128.229311] (-) TimerEvent: {}
[128.330250] (-) TimerEvent: {}
[128.362170] (tello_msgs) StdoutLine: {'line': b'-- Up-to-date: /mnt/g/My Drive/Primary/skl-Course/SP26/EECS 206A - Introduction to Robotics/106a_final_project/drone_simulation/install/tello_msgs/include/tello_msgs/tello_msgs/srv/detail\n'}
[128.431059] (-) TimerEvent: {}
[128.499598] (tello_msgs) StdoutLine: {'line': b'-- Installing: /mnt/g/My Drive/Primary/skl-Course/SP26/EECS 206A - Introduction to Robotics/106a_final_project/drone_simulation/install/tello_msgs/include/tello_msgs/tello_msgs/srv/detail/tello_action__builder.hpp\n'}
[128.531753] (-) TimerEvent: {}
[128.634485] (-) TimerEvent: {}
[128.736805] (-) TimerEvent: {}
[128.838236] (-) TimerEvent: {}
[128.922142] (tello_msgs) StdoutLine: {'line': b'-- Installing: /mnt/g/My Drive/Primary/skl-Course/SP26/EECS 206A - Introduction to Robotics/106a_final_project/drone_simulation/install/tello_msgs/include/tello_msgs/tello_msgs/srv/detail/tello_action__struct.hpp\n'}
[128.938700] (-) TimerEvent: {}
[129.039927] (-) TimerEvent: {}
[129.141988] (-) TimerEvent: {}
[129.245097] (-) TimerEvent: {}
[129.346337] (-) TimerEvent: {}
[129.356840] (tello_msgs) StdoutLine: {'line': b'-- Installing: /mnt/g/My Drive/Primary/skl-Course/SP26/EECS 206A - Introduction to Robotics/106a_final_project/drone_simulation/install/tello_msgs/include/tello_msgs/tello_msgs/srv/detail/tello_action__traits.hpp\n'}
[129.446992] (-) TimerEvent: {}
[129.549981] (-) TimerEvent: {}
[129.651215] (-) TimerEvent: {}
[129.753420] (-) TimerEvent: {}
[129.834363] (tello_msgs) StdoutLine: {'line': b'-- Installing: /mnt/g/My Drive/Primary/skl-Course/SP26/EECS 206A - Introduction to Robotics/106a_final_project/drone_simulation/install/tello_msgs/include/tello_msgs/tello_msgs/srv/detail/tello_action__type_support.hpp\n'}
[129.853777] (-) TimerEvent: {}
[129.955442] (-) TimerEvent: {}
[130.057037] (-) TimerEvent: {}
[130.157923] (-) TimerEvent: {}
[130.216605] (tello_msgs) StdoutLine: {'line': b'-- Up-to-date: /mnt/g/My Drive/Primary/skl-Course/SP26/EECS 206A - Introduction to Robotics/106a_final_project/drone_simulation/install/tello_msgs/include/tello_msgs/tello_msgs\n'}
[130.258549] (-) TimerEvent: {}
[130.309772] (tello_msgs) StdoutLine: {'line': b'-- Up-to-date: /mnt/g/My Drive/Primary/skl-Course/SP26/EECS 206A - Introduction to Robotics/106a_final_project/drone_simulation/install/tello_msgs/include/tello_msgs/tello_msgs/msg\n'}
[130.358987] (-) TimerEvent: {}
[130.433164] (tello_msgs) StdoutLine: {'line': b'-- Installing: /mnt/g/My Drive/Primary/skl-Course/SP26/EECS 206A - Introduction to Robotics/106a_final_project/drone_simulation/install/tello_msgs/include/tello_msgs/tello_msgs/msg/rosidl_typesupport_fastrtps_cpp__visibility_control.h\n'}
[130.459439] (-) TimerEvent: {}
[130.561547] (-) TimerEvent: {}
[130.662539] (-) TimerEvent: {}
[130.764074] (-) TimerEvent: {}
[130.810721] (tello_msgs) StdoutLine: {'line': b'-- Up-to-date: /mnt/g/My Drive/Primary/skl-Course/SP26/EECS 206A - Introduction to Robotics/106a_final_project/drone_simulation/install/tello_msgs/include/tello_msgs/tello_msgs/msg/detail\n'}
[130.864820] (-) TimerEvent: {}
[130.954199] (tello_msgs) StdoutLine: {'line': b'-- Installing: /mnt/g/My Drive/Primary/skl-Course/SP26/EECS 206A - Introduction to Robotics/106a_final_project/drone_simulation/install/tello_msgs/include/tello_msgs/tello_msgs/msg/detail/flight_data__rosidl_typesupport_fastrtps_cpp.hpp\n'}
[130.964989] (-) TimerEvent: {}
[131.066743] (-) TimerEvent: {}
[131.167757] (-) TimerEvent: {}
[131.270928] (-) TimerEvent: {}
[131.373232] (-) TimerEvent: {}
[131.376489] (tello_msgs) StdoutLine: {'line': b'-- Installing: /mnt/g/My Drive/Primary/skl-Course/SP26/EECS 206A - Introduction to Robotics/106a_final_project/drone_simulation/install/tello_msgs/include/tello_msgs/tello_msgs/msg/detail/dds_fastrtps\n'}
[131.474025] (-) TimerEvent: {}
[131.594533] (-) TimerEvent: {}
[131.634528] (tello_msgs) StdoutLine: {'line': b'-- Installing: /mnt/g/My Drive/Primary/skl-Course/SP26/EECS 206A - Introduction to Robotics/106a_final_project/drone_simulation/install/tello_msgs/include/tello_msgs/tello_msgs/msg/detail/tello_response__rosidl_typesupport_fastrtps_cpp.hpp\n'}
[131.694798] (-) TimerEvent: {}
[131.796628] (-) TimerEvent: {}
[131.921579] (-) TimerEvent: {}
[132.023580] (-) TimerEvent: {}
[132.111231] (tello_msgs) StdoutLine: {'line': b'-- Up-to-date: /mnt/g/My Drive/Primary/skl-Course/SP26/EECS 206A - Introduction to Robotics/106a_final_project/drone_simulation/install/tello_msgs/include/tello_msgs/tello_msgs/srv\n'}
[132.123851] (-) TimerEvent: {}
[132.214145] (tello_msgs) StdoutLine: {'line': b'-- Up-to-date: /mnt/g/My Drive/Primary/skl-Course/SP26/EECS 206A - Introduction to Robotics/106a_final_project/drone_simulation/install/tello_msgs/include/tello_msgs/tello_msgs/srv/detail\n'}
[132.224040] (-) TimerEvent: {}
[132.325704] (-) TimerEvent: {}
[132.350230] (tello_msgs) StdoutLine: {'line': b'-- Installing: /mnt/g/My Drive/Primary/skl-Course/SP26/EECS 206A - Introduction to Robotics/106a_final_project/drone_simulation/install/tello_msgs/include/tello_msgs/tello_msgs/srv/detail/tello_action__rosidl_typesupport_fastrtps_cpp.hpp\n'}
[132.425957] (-) TimerEvent: {}
[132.527065] (-) TimerEvent: {}
[132.628413] (-) TimerEvent: {}
[132.729716] (-) TimerEvent: {}
[132.761701] (tello_msgs) StdoutLine: {'line': b'-- Installing: /mnt/g/My Drive/Primary/skl-Course/SP26/EECS 206A - Introduction to Robotics/106a_final_project/drone_simulation/install/tello_msgs/include/tello_msgs/tello_msgs/srv/detail/dds_fastrtps\n'}
[132.830031] (-) TimerEvent: {}
[132.931218] (-) TimerEvent: {}
[132.944464] (tello_msgs) StdoutLine: {'line': b'-- Installing: /mnt/g/My Drive/Primary/skl-Course/SP26/EECS 206A - Introduction to Robotics/106a_final_project/drone_simulation/install/tello_msgs/lib/libtello_msgs__rosidl_typesupport_fastrtps_cpp.so\n'}
[133.031420] (-) TimerEvent: {}
[133.132846] (-) TimerEvent: {}
[133.233787] (-) TimerEvent: {}
[133.264296] (tello_msgs) StdoutLine: {'line': b'-- Set runtime path of "/mnt/g/My Drive/Primary/skl-Course/SP26/EECS 206A - Introduction to Robotics/106a_final_project/drone_simulation/install/tello_msgs/lib/libtello_msgs__rosidl_typesupport_fastrtps_cpp.so" to ""\n'}
[133.312327] (tello_msgs) StdoutLine: {'line': b'-- Up-to-date: /mnt/g/My Drive/Primary/skl-Course/SP26/EECS 206A - Introduction to Robotics/106a_final_project/drone_simulation/install/tello_msgs/include/tello_msgs/tello_msgs\n'}
[133.334184] (-) TimerEvent: {}
[133.402570] (tello_msgs) StdoutLine: {'line': b'-- Up-to-date: /mnt/g/My Drive/Primary/skl-Course/SP26/EECS 206A - Introduction to Robotics/106a_final_project/drone_simulation/install/tello_msgs/include/tello_msgs/tello_msgs/msg\n'}
[133.434424] (-) TimerEvent: {}
[133.505092] (tello_msgs) StdoutLine: {'line': b'-- Up-to-date: /mnt/g/My Drive/Primary/skl-Course/SP26/EECS 206A - Introduction to Robotics/106a_final_project/drone_simulation/install/tello_msgs/include/tello_msgs/tello_msgs/msg/detail\n'}
[133.534688] (-) TimerEvent: {}
[133.635918] (-) TimerEvent: {}
[133.646637] (tello_msgs) StdoutLine: {'line': b'-- Installing: /mnt/g/My Drive/Primary/skl-Course/SP26/EECS 206A - Introduction to Robotics/106a_final_project/drone_simulation/install/tello_msgs/include/tello_msgs/tello_msgs/msg/detail/flight_data__rosidl_typesupport_introspection_cpp.hpp\n'}
[133.736238] (-) TimerEvent: {}
[133.837416] (-) TimerEvent: {}
[133.938497] (-) TimerEvent: {}
[134.039644] (-) TimerEvent: {}
[134.082670] (tello_msgs) StdoutLine: {'line': b'-- Installing: /mnt/g/My Drive/Primary/skl-Course/SP26/EECS 206A - Introduction to Robotics/106a_final_project/drone_simulation/install/tello_msgs/include/tello_msgs/tello_msgs/msg/detail/flight_data__type_support.cpp\n'}
[134.139985] (-) TimerEvent: {}
[134.241205] (-) TimerEvent: {}
[134.342587] (-) TimerEvent: {}
[134.443673] (-) TimerEvent: {}
[134.513273] (tello_msgs) StdoutLine: {'line': b'-- Installing: /mnt/g/My Drive/Primary/skl-Course/SP26/EECS 206A - Introduction to Robotics/106a_final_project/drone_simulation/install/tello_msgs/include/tello_msgs/tello_msgs/msg/detail/tello_response__rosidl_typesupport_introspection_cpp.hpp\n'}
[134.543976] (-) TimerEvent: {}
[134.645136] (-) TimerEvent: {}
[134.752356] (-) TimerEvent: {}
[134.853312] (-) TimerEvent: {}
[134.930604] (tello_msgs) StdoutLine: {'line': b'-- Installing: /mnt/g/My Drive/Primary/skl-Course/SP26/EECS 206A - Introduction to Robotics/106a_final_project/drone_simulation/install/tello_msgs/include/tello_msgs/tello_msgs/msg/detail/tello_response__type_support.cpp\n'}
[134.953480] (-) TimerEvent: {}
[135.054406] (-) TimerEvent: {}
[135.156435] (-) TimerEvent: {}
[135.257858] (-) TimerEvent: {}
[135.297545] (tello_msgs) StdoutLine: {'line': b'-- Up-to-date: /mnt/g/My Drive/Primary/skl-Course/SP26/EECS 206A - Introduction to Robotics/106a_final_project/drone_simulation/install/tello_msgs/include/tello_msgs/tello_msgs/srv\n'}
[135.358060] (-) TimerEvent: {}
[135.402637] (tello_msgs) StdoutLine: {'line': b'-- Up-to-date: /mnt/g/My Drive/Primary/skl-Course/SP26/EECS 206A - Introduction to Robotics/106a_final_project/drone_simulation/install/tello_msgs/include/tello_msgs/tello_msgs/srv/detail\n'}
[135.458272] (-) TimerEvent: {}
[135.539906] (tello_msgs) StdoutLine: {'line': b'-- Installing: /mnt/g/My Drive/Primary/skl-Course/SP26/EECS 206A - Introduction to Robotics/106a_final_project/drone_simulation/install/tello_msgs/include/tello_msgs/tello_msgs/srv/detail/tello_action__rosidl_typesupport_introspection_cpp.hpp\n'}
[135.558465] (-) TimerEvent: {}
[135.659402] (-) TimerEvent: {}
[135.760468] (-) TimerEvent: {}
[135.861690] (-) TimerEvent: {}
[135.963090] (-) TimerEvent: {}
[135.986648] (tello_msgs) StdoutLine: {'line': b'-- Installing: /mnt/g/My Drive/Primary/skl-Course/SP26/EECS 206A - Introduction to Robotics/106a_final_project/drone_simulation/install/tello_msgs/include/tello_msgs/tello_msgs/srv/detail/tello_action__type_support.cpp\n'}
[136.063357] (-) TimerEvent: {}
[136.164459] (-) TimerEvent: {}
[136.266896] (-) TimerEvent: {}
[136.368027] (-) TimerEvent: {}
[136.415093] (tello_msgs) StdoutLine: {'line': b'-- Installing: /mnt/g/My Drive/Primary/skl-Course/SP26/EECS 206A - Introduction to Robotics/106a_final_project/drone_simulation/install/tello_msgs/lib/libtello_msgs__rosidl_typesupport_introspection_cpp.so\n'}
[136.468262] (-) TimerEvent: {}
[136.569280] (-) TimerEvent: {}
[136.670187] (-) TimerEvent: {}
[136.771135] (-) TimerEvent: {}
[136.789412] (tello_msgs) StdoutLine: {'line': b'-- Set runtime path of "/mnt/g/My Drive/Primary/skl-Course/SP26/EECS 206A - Introduction to Robotics/106a_final_project/drone_simulation/install/tello_msgs/lib/libtello_msgs__rosidl_typesupport_introspection_cpp.so" to ""\n'}
[136.851888] (tello_msgs) StdoutLine: {'line': b'-- Installing: /mnt/g/My Drive/Primary/skl-Course/SP26/EECS 206A - Introduction to Robotics/106a_final_project/drone_simulation/install/tello_msgs/lib/libtello_msgs__rosidl_typesupport_cpp.so\n'}
[136.871393] (-) TimerEvent: {}
[136.972384] (-) TimerEvent: {}
[137.073534] (-) TimerEvent: {}
[137.174501] (-) TimerEvent: {}
[137.208666] (tello_msgs) StdoutLine: {'line': b'-- Set runtime path of "/mnt/g/My Drive/Primary/skl-Course/SP26/EECS 206A - Introduction to Robotics/106a_final_project/drone_simulation/install/tello_msgs/lib/libtello_msgs__rosidl_typesupport_cpp.so" to ""\n'}
[137.274640] (-) TimerEvent: {}
[137.283886] (tello_msgs) StdoutLine: {'line': b'-- Installing: /mnt/g/My Drive/Primary/skl-Course/SP26/EECS 206A - Introduction to Robotics/106a_final_project/drone_simulation/install/tello_msgs/share/tello_msgs/environment/pythonpath.sh\n'}
[137.374865] (-) TimerEvent: {}
[137.475812] (-) TimerEvent: {}
[137.576760] (-) TimerEvent: {}
[137.602264] (tello_msgs) StdoutLine: {'line': b'-- Installing: /mnt/g/My Drive/Primary/skl-Course/SP26/EECS 206A - Introduction to Robotics/106a_final_project/drone_simulation/install/tello_msgs/share/tello_msgs/environment/pythonpath.dsv\n'}
[137.676925] (-) TimerEvent: {}
[137.777919] (-) TimerEvent: {}
[137.875604] (tello_msgs) StdoutLine: {'line': b'-- Installing: /mnt/g/My Drive/Primary/skl-Course/SP26/EECS 206A - Introduction to Robotics/106a_final_project/drone_simulation/install/tello_msgs/local/lib/python3.10/dist-packages/tello_msgs-0.1.0-py3.10.egg-info\n'}
[137.878035] (-) TimerEvent: {}
[137.979013] (-) TimerEvent: {}
[138.081718] (-) TimerEvent: {}
[138.087038] (tello_msgs) StdoutLine: {'line': b'-- Installing: /mnt/g/My Drive/Primary/skl-Course/SP26/EECS 206A - Introduction to Robotics/106a_final_project/drone_simulation/install/tello_msgs/local/lib/python3.10/dist-packages/tello_msgs-0.1.0-py3.10.egg-info/PKG-INFO\n'}
[138.181895] (-) TimerEvent: {}
[138.282850] (-) TimerEvent: {}
[138.384019] (-) TimerEvent: {}
[138.477020] (tello_msgs) StdoutLine: {'line': b'-- Installing: /mnt/g/My Drive/Primary/skl-Course/SP26/EECS 206A - Introduction to Robotics/106a_final_project/drone_simulation/install/tello_msgs/local/lib/python3.10/dist-packages/tello_msgs-0.1.0-py3.10.egg-info/dependency_links.txt\n'}
[138.484199] (-) TimerEvent: {}
[138.585128] (-) TimerEvent: {}
[138.695517] (-) TimerEvent: {}
[138.796483] (-) TimerEvent: {}
[138.879435] (tello_msgs) StdoutLine: {'line': b'-- Installing: /mnt/g/My Drive/Primary/skl-Course/SP26/EECS 206A - Introduction to Robotics/106a_final_project/drone_simulation/install/tello_msgs/local/lib/python3.10/dist-packages/tello_msgs-0.1.0-py3.10.egg-info/top_level.txt\n'}
[138.896587] (-) TimerEvent: {}
[138.997869] (-) TimerEvent: {}
[139.098896] (-) TimerEvent: {}
[139.199717] (-) TimerEvent: {}
[139.280070] (tello_msgs) StdoutLine: {'line': b'-- Installing: /mnt/g/My Drive/Primary/skl-Course/SP26/EECS 206A - Introduction to Robotics/106a_final_project/drone_simulation/install/tello_msgs/local/lib/python3.10/dist-packages/tello_msgs-0.1.0-py3.10.egg-info/SOURCES.txt\n'}
[139.299914] (-) TimerEvent: {}
[139.401147] (-) TimerEvent: {}
[139.502226] (-) TimerEvent: {}
[139.603064] (-) TimerEvent: {}
[139.704236] (-) TimerEvent: {}
[139.717906] (tello_msgs) StdoutLine: {'line': b'-- Installing: /mnt/g/My Drive/Primary/skl-Course/SP26/EECS 206A - Introduction to Robotics/106a_final_project/drone_simulation/install/tello_msgs/local/lib/python3.10/dist-packages/tello_msgs\n'}
[139.804400] (-) TimerEvent: {}
[139.887543] (tello_msgs) StdoutLine: {'line': b'-- Installing: /mnt/g/My Drive/Primary/skl-Course/SP26/EECS 206A - Introduction to Robotics/106a_final_project/drone_simulation/install/tello_msgs/local/lib/python3.10/dist-packages/tello_msgs/__init__.py\n'}
[139.904565] (-) TimerEvent: {}
[140.005538] (-) TimerEvent: {}
[140.106919] (-) TimerEvent: {}
[140.208109] (-) TimerEvent: {}
[140.238785] (tello_msgs) StdoutLine: {'line': b'-- Installing: /mnt/g/My Drive/Primary/skl-Course/SP26/EECS 206A - Introduction to Robotics/106a_final_project/drone_simulation/install/tello_msgs/local/lib/python3.10/dist-packages/tello_msgs/msg\n'}
[140.308257] (-) TimerEvent: {}
[140.409147] (-) TimerEvent: {}
[140.427412] (tello_msgs) StdoutLine: {'line': b'-- Installing: /mnt/g/My Drive/Primary/skl-Course/SP26/EECS 206A - Introduction to Robotics/106a_final_project/drone_simulation/install/tello_msgs/local/lib/python3.10/dist-packages/tello_msgs/msg/_flight_data.py\n'}
[140.509322] (-) TimerEvent: {}
[140.610463] (-) TimerEvent: {}
[140.711397] (-) TimerEvent: {}
[140.812383] (-) TimerEvent: {}
[140.910848] (tello_msgs) StdoutLine: {'line': b'-- Installing: /mnt/g/My Drive/Primary/skl-Course/SP26/EECS 206A - Introduction to Robotics/106a_final_project/drone_simulation/install/tello_msgs/local/lib/python3.10/dist-packages/tello_msgs/msg/_flight_data_s.c\n'}
[140.912986] (-) TimerEvent: {}
[141.013777] (-) TimerEvent: {}
[141.115190] (-) TimerEvent: {}
[141.216403] (-) TimerEvent: {}
[141.317618] (-) TimerEvent: {}
[141.373286] (tello_msgs) StdoutLine: {'line': b'-- Installing: /mnt/g/My Drive/Primary/skl-Course/SP26/EECS 206A - Introduction to Robotics/106a_final_project/drone_simulation/install/tello_msgs/local/lib/python3.10/dist-packages/tello_msgs/msg/_tello_response.py\n'}
[141.417749] (-) TimerEvent: {}
[141.518792] (-) TimerEvent: {}
[141.652877] (-) TimerEvent: {}
[141.754092] (-) TimerEvent: {}
[141.855890] (-) TimerEvent: {}
[141.869107] (tello_msgs) StdoutLine: {'line': b'-- Installing: /mnt/g/My Drive/Primary/skl-Course/SP26/EECS 206A - Introduction to Robotics/106a_final_project/drone_simulation/install/tello_msgs/local/lib/python3.10/dist-packages/tello_msgs/msg/_tello_response_s.c\n'}
[141.956067] (-) TimerEvent: {}
[142.056958] (-) TimerEvent: {}
[142.158198] (-) TimerEvent: {}
[142.259507] (-) TimerEvent: {}
[142.288538] (tello_msgs) StdoutLine: {'line': b'-- Installing: /mnt/g/My Drive/Primary/skl-Course/SP26/EECS 206A - Introduction to Robotics/106a_final_project/drone_simulation/install/tello_msgs/local/lib/python3.10/dist-packages/tello_msgs/msg/__init__.py\n'}
[142.359651] (-) TimerEvent: {}
[142.460565] (-) TimerEvent: {}
[142.561676] (-) TimerEvent: {}
[142.662645] (-) TimerEvent: {}
[142.711164] (tello_msgs) StdoutLine: {'line': b'-- Installing: /mnt/g/My Drive/Primary/skl-Course/SP26/EECS 206A - Introduction to Robotics/106a_final_project/drone_simulation/install/tello_msgs/local/lib/python3.10/dist-packages/tello_msgs/srv\n'}
[142.762816] (-) TimerEvent: {}
[142.863720] (-) TimerEvent: {}
[142.895359] (tello_msgs) StdoutLine: {'line': b'-- Installing: /mnt/g/My Drive/Primary/skl-Course/SP26/EECS 206A - Introduction to Robotics/106a_final_project/drone_simulation/install/tello_msgs/local/lib/python3.10/dist-packages/tello_msgs/srv/_tello_action.py\n'}
[142.963978] (-) TimerEvent: {}
[143.065179] (-) TimerEvent: {}
[143.166094] (-) TimerEvent: {}
[143.267274] (-) TimerEvent: {}
[143.325574] (tello_msgs) StdoutLine: {'line': b'-- Installing: /mnt/g/My Drive/Primary/skl-Course/SP26/EECS 206A - Introduction to Robotics/106a_final_project/drone_simulation/install/tello_msgs/local/lib/python3.10/dist-packages/tello_msgs/srv/_tello_action_s.c\n'}
[143.367429] (-) TimerEvent: {}
[143.468617] (-) TimerEvent: {}
[143.569778] (-) TimerEvent: {}
[143.670730] (-) TimerEvent: {}
[143.754811] (tello_msgs) StdoutLine: {'line': b'-- Installing: /mnt/g/My Drive/Primary/skl-Course/SP26/EECS 206A - Introduction to Robotics/106a_final_project/drone_simulation/install/tello_msgs/local/lib/python3.10/dist-packages/tello_msgs/srv/__init__.py\n'}
[143.770951] (-) TimerEvent: {}
[143.871814] (-) TimerEvent: {}
[143.972846] (-) TimerEvent: {}
[144.073719] (-) TimerEvent: {}
[144.159109] (tello_msgs) StdoutLine: {'line': b'-- Installing: /mnt/g/My Drive/Primary/skl-Course/SP26/EECS 206A - Introduction to Robotics/106a_final_project/drone_simulation/install/tello_msgs/local/lib/python3.10/dist-packages/tello_msgs/_tello_msgs_s.ep.rosidl_typesupport_fastrtps_c.c\n'}
[144.173877] (-) TimerEvent: {}
[144.274708] (-) TimerEvent: {}
[144.380742] (-) TimerEvent: {}
[144.481903] (-) TimerEvent: {}
[144.569934] (tello_msgs) StdoutLine: {'line': b'-- Installing: /mnt/g/My Drive/Primary/skl-Course/SP26/EECS 206A - Introduction to Robotics/106a_final_project/drone_simulation/install/tello_msgs/local/lib/python3.10/dist-packages/tello_msgs/_tello_msgs_s.ep.rosidl_typesupport_introspection_c.c\n'}
[144.581967] (-) TimerEvent: {}
[144.683061] (-) TimerEvent: {}
[144.784061] (-) TimerEvent: {}
[144.884958] (-) TimerEvent: {}
[144.980016] (tello_msgs) StdoutLine: {'line': b'-- Installing: /mnt/g/My Drive/Primary/skl-Course/SP26/EECS 206A - Introduction to Robotics/106a_final_project/drone_simulation/install/tello_msgs/local/lib/python3.10/dist-packages/tello_msgs/_tello_msgs_s.ep.rosidl_typesupport_c.c\n'}
[144.985118] (-) TimerEvent: {}
[145.085972] (-) TimerEvent: {}
[145.187141] (-) TimerEvent: {}
[145.288101] (-) TimerEvent: {}
[145.357981] (tello_msgs) StdoutLine: {'line': b'-- Installing: /mnt/g/My Drive/Primary/skl-Course/SP26/EECS 206A - Introduction to Robotics/106a_final_project/drone_simulation/install/tello_msgs/local/lib/python3.10/dist-packages/tello_msgs/libtello_msgs__rosidl_generator_py.so\n'}
[145.388351] (-) TimerEvent: {}
[145.489456] (-) TimerEvent: {}
[145.590325] (-) TimerEvent: {}
[145.691353] (-) TimerEvent: {}
[145.750948] (tello_msgs) StdoutLine: {'line': b'-- Installing: /mnt/g/My Drive/Primary/skl-Course/SP26/EECS 206A - Introduction to Robotics/106a_final_project/drone_simulation/install/tello_msgs/local/lib/python3.10/dist-packages/tello_msgs/tello_msgs_s__rosidl_typesupport_c.cpython-310-x86_64-linux-gnu.so\n'}
[145.791534] (-) TimerEvent: {}
[145.892503] (-) TimerEvent: {}
[145.993657] (-) TimerEvent: {}
[146.094518] (-) TimerEvent: {}
[146.135612] (tello_msgs) StdoutLine: {'line': b'-- Installing: /mnt/g/My Drive/Primary/skl-Course/SP26/EECS 206A - Introduction to Robotics/106a_final_project/drone_simulation/install/tello_msgs/local/lib/python3.10/dist-packages/tello_msgs/tello_msgs_s__rosidl_typesupport_fastrtps_c.cpython-310-x86_64-linux-gnu.so\n'}
[146.194684] (-) TimerEvent: {}
[146.295574] (-) TimerEvent: {}
[146.397040] (-) TimerEvent: {}
[146.498161] (-) TimerEvent: {}
[146.508387] (tello_msgs) StdoutLine: {'line': b'-- Installing: /mnt/g/My Drive/Primary/skl-Course/SP26/EECS 206A - Introduction to Robotics/106a_final_project/drone_simulation/install/tello_msgs/local/lib/python3.10/dist-packages/tello_msgs/tello_msgs_s__rosidl_typesupport_introspection_c.cpython-310-x86_64-linux-gnu.so\n'}
[146.598422] (-) TimerEvent: {}
[146.699878] (-) TimerEvent: {}
[146.807739] (-) TimerEvent: {}
[146.908904] (-) TimerEvent: {}
[147.009832] (-) TimerEvent: {}
[147.110695] (-) TimerEvent: {}
[147.211724] (-) TimerEvent: {}
[147.312574] (-) TimerEvent: {}
[147.413529] (-) TimerEvent: {}
[147.514633] (-) TimerEvent: {}
[147.615472] (-) TimerEvent: {}
[147.716338] (-) TimerEvent: {}
[147.817409] (-) TimerEvent: {}
[147.918303] (-) TimerEvent: {}
[148.019156] (-) TimerEvent: {}
[148.120271] (-) TimerEvent: {}
[148.221436] (-) TimerEvent: {}
[148.322397] (-) TimerEvent: {}
[148.423329] (-) TimerEvent: {}
[148.524500] (-) TimerEvent: {}
[148.626566] (-) TimerEvent: {}
[148.727360] (-) TimerEvent: {}
[148.828266] (-) TimerEvent: {}
[148.929333] (-) TimerEvent: {}
[148.977513] (tello_msgs) StdoutLine: {'line': b"Listing '/mnt/g/My Drive/Primary/skl-Course/SP26/EECS 206A - Introduction to Robotics/106a_final_project/drone_simulation/install/tello_msgs/local/lib/python3.10/dist-packages/tello_msgs'...\n"}
[148.979946] (tello_msgs) StdoutLine: {'line': b"Compiling '/mnt/g/My Drive/Primary/skl-Course/SP26/EECS 206A - Introduction to Robotics/106a_final_project/drone_simulation/install/tello_msgs/local/lib/python3.10/dist-packages/tello_msgs/__init__.py'...\n"}
[148.982705] (tello_msgs) StdoutLine: {'line': b"Listing '/mnt/g/My Drive/Primary/skl-Course/SP26/EECS 206A - Introduction to Robotics/106a_final_project/drone_simulation/install/tello_msgs/local/lib/python3.10/dist-packages/tello_msgs/msg'...\n"}
[148.984185] (tello_msgs) StdoutLine: {'line': b"Compiling '/mnt/g/My Drive/Primary/skl-Course/SP26/EECS 206A - Introduction to Robotics/106a_final_project/drone_simulation/install/tello_msgs/local/lib/python3.10/dist-packages/tello_msgs/msg/__init__.py'...\n"}
[148.985715] (tello_msgs) StdoutLine: {'line': b"Compiling '/mnt/g/My Drive/Primary/skl-Course/SP26/EECS 206A - Introduction to Robotics/106a_final_project/drone_simulation/install/tello_msgs/local/lib/python3.10/dist-packages/tello_msgs/msg/_flight_data.py'...\n"}
[148.987417] (tello_msgs) StdoutLine: {'line': b"Compiling '/mnt/g/My Drive/Primary/skl-Course/SP26/EECS 206A - Introduction to Robotics/106a_final_project/drone_simulation/install/tello_msgs/local/lib/python3.10/dist-packages/tello_msgs/msg/_tello_response.py'...\n"}
[148.989595] (tello_msgs) StdoutLine: {'line': b"Listing '/mnt/g/My Drive/Primary/skl-Course/SP26/EECS 206A - Introduction to Robotics/106a_final_project/drone_simulation/install/tello_msgs/local/lib/python3.10/dist-packages/tello_msgs/srv'...\n"}
[148.991237] (tello_msgs) StdoutLine: {'line': b"Compiling '/mnt/g/My Drive/Primary/skl-Course/SP26/EECS 206A - Introduction to Robotics/106a_final_project/drone_simulation/install/tello_msgs/local/lib/python3.10/dist-packages/tello_msgs/srv/__init__.py'...\n"}
[148.993011] (tello_msgs) StdoutLine: {'line': b"Compiling '/mnt/g/My Drive/Primary/skl-Course/SP26/EECS 206A - Introduction to Robotics/106a_final_project/drone_simulation/install/tello_msgs/local/lib/python3.10/dist-packages/tello_msgs/srv/_tello_action.py'...\n"}
[149.029497] (-) TimerEvent: {}
[149.130403] (-) TimerEvent: {}
[149.229635] (tello_msgs) StdoutLine: {'line': b'-- Installing: /mnt/g/My Drive/Primary/skl-Course/SP26/EECS 206A - Introduction to Robotics/106a_final_project/drone_simulation/install/tello_msgs/local/lib/python3.10/dist-packages/tello_msgs/tello_msgs_s__rosidl_typesupport_fastrtps_c.cpython-310-x86_64-linux-gnu.so\n'}
[149.232079] (-) TimerEvent: {}
[149.332903] (-) TimerEvent: {}
[149.433833] (-) TimerEvent: {}
[149.534861] (-) TimerEvent: {}
[149.636458] (-) TimerEvent: {}
[149.737443] (-) TimerEvent: {}
[149.838682] (-) TimerEvent: {}
[149.841274] (tello_msgs) StdoutLine: {'line': b'-- Set runtime path of "/mnt/g/My Drive/Primary/skl-Course/SP26/EECS 206A - Introduction to Robotics/106a_final_project/drone_simulation/install/tello_msgs/local/lib/python3.10/dist-packages/tello_msgs/tello_msgs_s__rosidl_typesupport_fastrtps_c.cpython-310-x86_64-linux-gnu.so" to ""\n'}
[149.938854] (-) TimerEvent: {}
[150.039905] (-) TimerEvent: {}
[150.094347] (tello_msgs) StdoutLine: {'line': b'-- Installing: /mnt/g/My Drive/Primary/skl-Course/SP26/EECS 206A - Introduction to Robotics/106a_final_project/drone_simulation/install/tello_msgs/local/lib/python3.10/dist-packages/tello_msgs/tello_msgs_s__rosidl_typesupport_introspection_c.cpython-310-x86_64-linux-gnu.so\n'}
[150.140092] (-) TimerEvent: {}
[150.241061] (-) TimerEvent: {}
[150.342022] (-) TimerEvent: {}
[150.443015] (-) TimerEvent: {}
[150.543965] (-) TimerEvent: {}
[150.625555] (tello_msgs) StdoutLine: {'line': b'-- Set runtime path of "/mnt/g/My Drive/Primary/skl-Course/SP26/EECS 206A - Introduction to Robotics/106a_final_project/drone_simulation/install/tello_msgs/local/lib/python3.10/dist-packages/tello_msgs/tello_msgs_s__rosidl_typesupport_introspection_c.cpython-310-x86_64-linux-gnu.so" to ""\n'}
[150.644221] (-) TimerEvent: {}
[150.746328] (-) TimerEvent: {}
[150.847530] (-) TimerEvent: {}
[150.887685] (tello_msgs) StdoutLine: {'line': b'-- Installing: /mnt/g/My Drive/Primary/skl-Course/SP26/EECS 206A - Introduction to Robotics/106a_final_project/drone_simulation/install/tello_msgs/local/lib/python3.10/dist-packages/tello_msgs/tello_msgs_s__rosidl_typesupport_c.cpython-310-x86_64-linux-gnu.so\n'}
[150.947738] (-) TimerEvent: {}
[151.049193] (-) TimerEvent: {}
[151.150363] (-) TimerEvent: {}
[151.251651] (-) TimerEvent: {}
[151.352991] (-) TimerEvent: {}
[151.449065] (tello_msgs) StdoutLine: {'line': b'-- Set runtime path of "/mnt/g/My Drive/Primary/skl-Course/SP26/EECS 206A - Introduction to Robotics/106a_final_project/drone_simulation/install/tello_msgs/local/lib/python3.10/dist-packages/tello_msgs/tello_msgs_s__rosidl_typesupport_c.cpython-310-x86_64-linux-gnu.so" to ""\n'}
[151.453103] (-) TimerEvent: {}
[151.530506] (tello_msgs) StdoutLine: {'line': b'-- Installing: /mnt/g/My Drive/Primary/skl-Course/SP26/EECS 206A - Introduction to Robotics/106a_final_project/drone_simulation/install/tello_msgs/lib/libtello_msgs__rosidl_generator_py.so\n'}
[151.553345] (-) TimerEvent: {}
[151.654662] (-) TimerEvent: {}
[151.755694] (-) TimerEvent: {}
[151.856901] (-) TimerEvent: {}
[151.953215] (tello_msgs) StdoutLine: {'line': b'-- Set runtime path of "/mnt/g/My Drive/Primary/skl-Course/SP26/EECS 206A - Introduction to Robotics/106a_final_project/drone_simulation/install/tello_msgs/lib/libtello_msgs__rosidl_generator_py.so" to ""\n'}
[151.956969] (-) TimerEvent: {}
[152.057939] (-) TimerEvent: {}
[152.121646] (tello_msgs) StdoutLine: {'line': b'-- Installing: /mnt/g/My Drive/Primary/skl-Course/SP26/EECS 206A - Introduction to Robotics/106a_final_project/drone_simulation/install/tello_msgs/share/ament_index/resource_index/rust_packages/tello_msgs\n'}
[152.158107] (-) TimerEvent: {}
[152.259032] (-) TimerEvent: {}
[152.360087] (-) TimerEvent: {}
[152.448959] (tello_msgs) StdoutLine: {'line': b'-- Installing: /mnt/g/My Drive/Primary/skl-Course/SP26/EECS 206A - Introduction to Robotics/106a_final_project/drone_simulation/install/tello_msgs/share/tello_msgs/rust\n'}
[152.460155] (-) TimerEvent: {}
[152.561012] (-) TimerEvent: {}
[152.571152] (tello_msgs) StdoutLine: {'line': b'-- Installing: /mnt/g/My Drive/Primary/skl-Course/SP26/EECS 206A - Introduction to Robotics/106a_final_project/drone_simulation/install/tello_msgs/share/tello_msgs/rust/src\n'}
[152.661161] (-) TimerEvent: {}
[152.724222] (tello_msgs) StdoutLine: {'line': b'-- Installing: /mnt/g/My Drive/Primary/skl-Course/SP26/EECS 206A - Introduction to Robotics/106a_final_project/drone_simulation/install/tello_msgs/share/tello_msgs/rust/src/msg.rs\n'}
[152.761405] (-) TimerEvent: {}
[152.862489] (-) TimerEvent: {}
[152.963563] (-) TimerEvent: {}
[153.064804] (-) TimerEvent: {}
[153.073179] (tello_msgs) StdoutLine: {'line': b'-- Installing: /mnt/g/My Drive/Primary/skl-Course/SP26/EECS 206A - Introduction to Robotics/106a_final_project/drone_simulation/install/tello_msgs/share/tello_msgs/rust/src/msg\n'}
[153.165025] (-) TimerEvent: {}
[153.266113] (-) TimerEvent: {}
[153.279780] (tello_msgs) StdoutLine: {'line': b'-- Installing: /mnt/g/My Drive/Primary/skl-Course/SP26/EECS 206A - Introduction to Robotics/106a_final_project/drone_simulation/install/tello_msgs/share/tello_msgs/rust/src/msg/rmw.rs\n'}
[153.366234] (-) TimerEvent: {}
[153.467312] (-) TimerEvent: {}
[153.570023] (-) TimerEvent: {}
[153.671236] (-) TimerEvent: {}
[153.732037] (tello_msgs) StdoutLine: {'line': b'-- Installing: /mnt/g/My Drive/Primary/skl-Course/SP26/EECS 206A - Introduction to Robotics/106a_final_project/drone_simulation/install/tello_msgs/share/tello_msgs/rust/src/srv.rs\n'}
[153.771435] (-) TimerEvent: {}
[153.872807] (-) TimerEvent: {}
[153.973738] (-) TimerEvent: {}
[154.074895] (-) TimerEvent: {}
[154.100438] (tello_msgs) StdoutLine: {'line': b'-- Installing: /mnt/g/My Drive/Primary/skl-Course/SP26/EECS 206A - Introduction to Robotics/106a_final_project/drone_simulation/install/tello_msgs/share/tello_msgs/rust/src/srv\n'}
[154.174995] (-) TimerEvent: {}
[154.284124] (-) TimerEvent: {}
[154.291406] (tello_msgs) StdoutLine: {'line': b'-- Installing: /mnt/g/My Drive/Primary/skl-Course/SP26/EECS 206A - Introduction to Robotics/106a_final_project/drone_simulation/install/tello_msgs/share/tello_msgs/rust/src/srv/rmw.rs\n'}
[154.384232] (-) TimerEvent: {}
[154.485066] (-) TimerEvent: {}
[154.585935] (-) TimerEvent: {}
[154.686953] (-) TimerEvent: {}
[154.706765] (tello_msgs) StdoutLine: {'line': b'-- Installing: /mnt/g/My Drive/Primary/skl-Course/SP26/EECS 206A - Introduction to Robotics/106a_final_project/drone_simulation/install/tello_msgs/share/tello_msgs/rust/src/lib.rs\n'}
[154.787122] (-) TimerEvent: {}
[154.888526] (-) TimerEvent: {}
[154.989554] (-) TimerEvent: {}
[155.074817] (tello_msgs) StdoutLine: {'line': b'-- Installing: /mnt/g/My Drive/Primary/skl-Course/SP26/EECS 206A - Introduction to Robotics/106a_final_project/drone_simulation/install/tello_msgs/share/tello_msgs/rust/Cargo.toml\n'}
[155.089745] (-) TimerEvent: {}
[155.190799] (-) TimerEvent: {}
[155.292551] (-) TimerEvent: {}
[155.393836] (-) TimerEvent: {}
[155.415390] (tello_msgs) StdoutLine: {'line': b'-- Installing: /mnt/g/My Drive/Primary/skl-Course/SP26/EECS 206A - Introduction to Robotics/106a_final_project/drone_simulation/install/tello_msgs/share/tello_msgs/rust/build.rs\n'}
[155.494116] (-) TimerEvent: {}
[155.595225] (-) TimerEvent: {}
[155.696173] (-) TimerEvent: {}
[155.791213] (tello_msgs) StdoutLine: {'line': b'-- Installing: /mnt/g/My Drive/Primary/skl-Course/SP26/EECS 206A - Introduction to Robotics/106a_final_project/drone_simulation/install/tello_msgs/share/tello_msgs/msg/FlightData.idl\n'}
[155.796270] (-) TimerEvent: {}
[155.897156] (-) TimerEvent: {}
[155.998253] (-) TimerEvent: {}
[156.099083] (-) TimerEvent: {}
[156.126791] (tello_msgs) StdoutLine: {'line': b'-- Installing: /mnt/g/My Drive/Primary/skl-Course/SP26/EECS 206A - Introduction to Robotics/106a_final_project/drone_simulation/install/tello_msgs/share/tello_msgs/msg/TelloResponse.idl\n'}
[156.199384] (-) TimerEvent: {}
[156.300485] (-) TimerEvent: {}
[156.401629] (-) TimerEvent: {}
[156.502839] (-) TimerEvent: {}
[156.504498] (tello_msgs) StdoutLine: {'line': b'-- Installing: /mnt/g/My Drive/Primary/skl-Course/SP26/EECS 206A - Introduction to Robotics/106a_final_project/drone_simulation/install/tello_msgs/share/tello_msgs/srv/TelloAction.idl\n'}
[156.603236] (-) TimerEvent: {}
[156.704778] (-) TimerEvent: {}
[156.806009] (-) TimerEvent: {}
[156.907179] (-) TimerEvent: {}
[156.921291] (tello_msgs) StdoutLine: {'line': b'-- Installing: /mnt/g/My Drive/Primary/skl-Course/SP26/EECS 206A - Introduction to Robotics/106a_final_project/drone_simulation/install/tello_msgs/share/tello_msgs/msg/FlightData.msg\n'}
[157.007564] (-) TimerEvent: {}
[157.108802] (-) TimerEvent: {}
[157.209927] (-) TimerEvent: {}
[157.311606] (-) TimerEvent: {}
[157.328999] (tello_msgs) StdoutLine: {'line': b'-- Installing: /mnt/g/My Drive/Primary/skl-Course/SP26/EECS 206A - Introduction to Robotics/106a_final_project/drone_simulation/install/tello_msgs/share/tello_msgs/msg/TelloResponse.msg\n'}
[157.413593] (-) TimerEvent: {}
[157.514645] (-) TimerEvent: {}
[157.615612] (-) TimerEvent: {}
[157.694691] (tello_msgs) StdoutLine: {'line': b'-- Installing: /mnt/g/My Drive/Primary/skl-Course/SP26/EECS 206A - Introduction to Robotics/106a_final_project/drone_simulation/install/tello_msgs/share/tello_msgs/srv/TelloAction.srv\n'}
[157.715928] (-) TimerEvent: {}
[157.817126] (-) TimerEvent: {}
[157.918528] (-) TimerEvent: {}
[158.021896] (-) TimerEvent: {}
[158.055000] (tello_msgs) StdoutLine: {'line': b'-- Installing: /mnt/g/My Drive/Primary/skl-Course/SP26/EECS 206A - Introduction to Robotics/106a_final_project/drone_simulation/install/tello_msgs/share/tello_msgs/srv/TelloAction_Request.msg\n'}
[158.122596] (-) TimerEvent: {}
[158.224363] (-) TimerEvent: {}
[158.339380] (-) TimerEvent: {}
[158.442323] (-) TimerEvent: {}
[158.443276] (tello_msgs) StdoutLine: {'line': b'-- Installing: /mnt/g/My Drive/Primary/skl-Course/SP26/EECS 206A - Introduction to Robotics/106a_final_project/drone_simulation/install/tello_msgs/share/tello_msgs/srv/TelloAction_Response.msg\n'}
[158.542713] (-) TimerEvent: {}
[158.645036] (-) TimerEvent: {}
[158.747142] (-) TimerEvent: {}
[158.843415] (tello_msgs) StdoutLine: {'line': b'-- Installing: /mnt/g/My Drive/Primary/skl-Course/SP26/EECS 206A - Introduction to Robotics/106a_final_project/drone_simulation/install/tello_msgs/share/ament_index/resource_index/package_run_dependencies/tello_msgs\n'}
[158.847284] (-) TimerEvent: {}
[158.949833] (-) TimerEvent: {}
[159.051811] (-) TimerEvent: {}
[159.154105] (-) TimerEvent: {}
[159.255627] (-) TimerEvent: {}
[159.339312] (tello_msgs) StdoutLine: {'line': b'-- Installing: /mnt/g/My Drive/Primary/skl-Course/SP26/EECS 206A - Introduction to Robotics/106a_final_project/drone_simulation/install/tello_msgs/share/ament_index/resource_index/parent_prefix_path/tello_msgs\n'}
[159.356038] (-) TimerEvent: {}
[159.457255] (-) TimerEvent: {}
[159.558296] (-) TimerEvent: {}
[159.660396] (-) TimerEvent: {}
[159.735526] (tello_msgs) StdoutLine: {'line': b'-- Installing: /mnt/g/My Drive/Primary/skl-Course/SP26/EECS 206A - Introduction to Robotics/106a_final_project/drone_simulation/install/tello_msgs/share/tello_msgs/environment/ament_prefix_path.sh\n'}
[159.760840] (-) TimerEvent: {}
[159.861703] (-) TimerEvent: {}
[159.962869] (-) TimerEvent: {}
[160.024452] (tello_msgs) StdoutLine: {'line': b'-- Installing: /mnt/g/My Drive/Primary/skl-Course/SP26/EECS 206A - Introduction to Robotics/106a_final_project/drone_simulation/install/tello_msgs/share/tello_msgs/environment/ament_prefix_path.dsv\n'}
[160.063581] (-) TimerEvent: {}
[160.165501] (-) TimerEvent: {}
[160.266673] (-) TimerEvent: {}
[160.320415] (tello_msgs) StdoutLine: {'line': b'-- Installing: /mnt/g/My Drive/Primary/skl-Course/SP26/EECS 206A - Introduction to Robotics/106a_final_project/drone_simulation/install/tello_msgs/share/tello_msgs/environment/path.sh\n'}
[160.367441] (-) TimerEvent: {}
[160.468488] (-) TimerEvent: {}
[160.569795] (-) TimerEvent: {}
[160.597247] (tello_msgs) StdoutLine: {'line': b'-- Installing: /mnt/g/My Drive/Primary/skl-Course/SP26/EECS 206A - Introduction to Robotics/106a_final_project/drone_simulation/install/tello_msgs/share/tello_msgs/environment/path.dsv\n'}
[160.670442] (-) TimerEvent: {}
[160.772193] (-) TimerEvent: {}
[160.874412] (-) TimerEvent: {}
[160.916647] (tello_msgs) StdoutLine: {'line': b'-- Installing: /mnt/g/My Drive/Primary/skl-Course/SP26/EECS 206A - Introduction to Robotics/106a_final_project/drone_simulation/install/tello_msgs/share/tello_msgs/local_setup.bash\n'}
[160.974723] (-) TimerEvent: {}
[161.076590] (-) TimerEvent: {}
[161.169629] (tello_msgs) StdoutLine: {'line': b'-- Installing: /mnt/g/My Drive/Primary/skl-Course/SP26/EECS 206A - Introduction to Robotics/106a_final_project/drone_simulation/install/tello_msgs/share/tello_msgs/local_setup.sh\n'}
[161.176740] (-) TimerEvent: {}
[161.278228] (-) TimerEvent: {}
[161.379657] (-) TimerEvent: {}
[161.451633] (tello_msgs) StdoutLine: {'line': b'-- Installing: /mnt/g/My Drive/Primary/skl-Course/SP26/EECS 206A - Introduction to Robotics/106a_final_project/drone_simulation/install/tello_msgs/share/tello_msgs/local_setup.zsh\n'}
[161.480062] (-) TimerEvent: {}
[161.582022] (-) TimerEvent: {}
[161.683907] (-) TimerEvent: {}
[161.731668] (tello_msgs) StdoutLine: {'line': b'-- Installing: /mnt/g/My Drive/Primary/skl-Course/SP26/EECS 206A - Introduction to Robotics/106a_final_project/drone_simulation/install/tello_msgs/share/tello_msgs/local_setup.dsv\n'}
[161.784307] (-) TimerEvent: {}
[161.885934] (-) TimerEvent: {}
[161.987076] (-) TimerEvent: {}
[162.031602] (tello_msgs) StdoutLine: {'line': b'-- Installing: /mnt/g/My Drive/Primary/skl-Course/SP26/EECS 206A - Introduction to Robotics/106a_final_project/drone_simulation/install/tello_msgs/share/tello_msgs/package.dsv\n'}
[162.087672] (-) TimerEvent: {}
[162.189020] (-) TimerEvent: {}
[162.290529] (-) TimerEvent: {}
[162.392280] (-) TimerEvent: {}
[162.398838] (tello_msgs) StdoutLine: {'line': b'-- Installing: /mnt/g/My Drive/Primary/skl-Course/SP26/EECS 206A - Introduction to Robotics/106a_final_project/drone_simulation/install/tello_msgs/share/ament_index/resource_index/packages/tello_msgs\n'}
[162.492742] (-) TimerEvent: {}
[162.594124] (-) TimerEvent: {}
[162.695589] (-) TimerEvent: {}
[162.796710] (-) TimerEvent: {}
[162.857006] (tello_msgs) StdoutLine: {'line': b'-- Installing: /mnt/g/My Drive/Primary/skl-Course/SP26/EECS 206A - Introduction to Robotics/106a_final_project/drone_simulation/install/tello_msgs/share/tello_msgs/cmake/export_tello_msgs__rosidl_generator_cExport.cmake\n'}
[162.897056] (-) TimerEvent: {}
[162.998317] (-) TimerEvent: {}
[163.099545] (-) TimerEvent: {}
[163.200902] (-) TimerEvent: {}
[163.276094] (tello_msgs) StdoutLine: {'line': b'-- Installing: /mnt/g/My Drive/Primary/skl-Course/SP26/EECS 206A - Introduction to Robotics/106a_final_project/drone_simulation/install/tello_msgs/share/tello_msgs/cmake/export_tello_msgs__rosidl_generator_cExport-noconfig.cmake\n'}
[163.301185] (-) TimerEvent: {}
[163.402491] (-) TimerEvent: {}
[163.503828] (-) TimerEvent: {}
[163.604781] (-) TimerEvent: {}
[163.683233] (tello_msgs) StdoutLine: {'line': b'-- Installing: /mnt/g/My Drive/Primary/skl-Course/SP26/EECS 206A - Introduction to Robotics/106a_final_project/drone_simulation/install/tello_msgs/share/tello_msgs/cmake/export_tello_msgs__rosidl_typesupport_fastrtps_cExport.cmake\n'}
[163.704998] (-) TimerEvent: {}
[163.806213] (-) TimerEvent: {}
[163.908477] (-) TimerEvent: {}
[164.009654] (-) TimerEvent: {}
[164.070997] (tello_msgs) StdoutLine: {'line': b'-- Installing: /mnt/g/My Drive/Primary/skl-Course/SP26/EECS 206A - Introduction to Robotics/106a_final_project/drone_simulation/install/tello_msgs/share/tello_msgs/cmake/export_tello_msgs__rosidl_typesupport_fastrtps_cExport-noconfig.cmake\n'}
[164.109940] (-) TimerEvent: {}
[164.211477] (-) TimerEvent: {}
[164.312624] (-) TimerEvent: {}
[164.414085] (-) TimerEvent: {}
[164.473597] (tello_msgs) StdoutLine: {'line': b'-- Installing: /mnt/g/My Drive/Primary/skl-Course/SP26/EECS 206A - Introduction to Robotics/106a_final_project/drone_simulation/install/tello_msgs/share/tello_msgs/cmake/tello_msgs__rosidl_typesupport_introspection_cExport.cmake\n'}
[164.514328] (-) TimerEvent: {}
[164.615608] (-) TimerEvent: {}
[164.716775] (-) TimerEvent: {}
[164.817742] (-) TimerEvent: {}
[164.890657] (tello_msgs) StdoutLine: {'line': b'-- Installing: /mnt/g/My Drive/Primary/skl-Course/SP26/EECS 206A - Introduction to Robotics/106a_final_project/drone_simulation/install/tello_msgs/share/tello_msgs/cmake/tello_msgs__rosidl_typesupport_introspection_cExport-noconfig.cmake\n'}
[164.917931] (-) TimerEvent: {}
[165.018868] (-) TimerEvent: {}
[165.120000] (-) TimerEvent: {}
[165.221148] (-) TimerEvent: {}
[165.288111] (tello_msgs) StdoutLine: {'line': b'-- Installing: /mnt/g/My Drive/Primary/skl-Course/SP26/EECS 206A - Introduction to Robotics/106a_final_project/drone_simulation/install/tello_msgs/share/tello_msgs/cmake/tello_msgs__rosidl_typesupport_cExport.cmake\n'}
[165.321341] (-) TimerEvent: {}
[165.422598] (-) TimerEvent: {}
[165.523565] (-) TimerEvent: {}
[165.624862] (-) TimerEvent: {}
[165.681433] (tello_msgs) StdoutLine: {'line': b'-- Installing: /mnt/g/My Drive/Primary/skl-Course/SP26/EECS 206A - Introduction to Robotics/106a_final_project/drone_simulation/install/tello_msgs/share/tello_msgs/cmake/tello_msgs__rosidl_typesupport_cExport-noconfig.cmake\n'}
[165.725120] (-) TimerEvent: {}
[165.826681] (-) TimerEvent: {}
[165.927670] (-) TimerEvent: {}
[166.028943] (-) TimerEvent: {}
[166.092621] (tello_msgs) StdoutLine: {'line': b'-- Installing: /mnt/g/My Drive/Primary/skl-Course/SP26/EECS 206A - Introduction to Robotics/106a_final_project/drone_simulation/install/tello_msgs/share/tello_msgs/cmake/export_tello_msgs__rosidl_generator_cppExport.cmake\n'}
[166.129101] (-) TimerEvent: {}
[166.230019] (-) TimerEvent: {}
[166.331108] (-) TimerEvent: {}
[166.432343] (-) TimerEvent: {}
[166.533306] (-) TimerEvent: {}
[166.535027] (tello_msgs) StdoutLine: {'line': b'-- Installing: /mnt/g/My Drive/Primary/skl-Course/SP26/EECS 206A - Introduction to Robotics/106a_final_project/drone_simulation/install/tello_msgs/share/tello_msgs/cmake/export_tello_msgs__rosidl_typesupport_fastrtps_cppExport.cmake\n'}
[166.633501] (-) TimerEvent: {}
[166.734738] (-) TimerEvent: {}
[166.836336] (-) TimerEvent: {}
[166.937298] (-) TimerEvent: {}
[166.978416] (tello_msgs) StdoutLine: {'line': b'-- Installing: /mnt/g/My Drive/Primary/skl-Course/SP26/EECS 206A - Introduction to Robotics/106a_final_project/drone_simulation/install/tello_msgs/share/tello_msgs/cmake/export_tello_msgs__rosidl_typesupport_fastrtps_cppExport-noconfig.cmake\n'}
[167.037452] (-) TimerEvent: {}
[167.138506] (-) TimerEvent: {}
[167.239773] (-) TimerEvent: {}
[167.340645] (-) TimerEvent: {}
[167.405781] (tello_msgs) StdoutLine: {'line': b'-- Installing: /mnt/g/My Drive/Primary/skl-Course/SP26/EECS 206A - Introduction to Robotics/106a_final_project/drone_simulation/install/tello_msgs/share/tello_msgs/cmake/tello_msgs__rosidl_typesupport_introspection_cppExport.cmake\n'}
[167.440830] (-) TimerEvent: {}
[167.541862] (-) TimerEvent: {}
[167.642829] (-) TimerEvent: {}
[167.744047] (-) TimerEvent: {}
[167.807120] (tello_msgs) StdoutLine: {'line': b'-- Installing: /mnt/g/My Drive/Primary/skl-Course/SP26/EECS 206A - Introduction to Robotics/106a_final_project/drone_simulation/install/tello_msgs/share/tello_msgs/cmake/tello_msgs__rosidl_typesupport_introspection_cppExport-noconfig.cmake\n'}
[167.844228] (-) TimerEvent: {}
[167.945311] (-) TimerEvent: {}
[168.046284] (-) TimerEvent: {}
[168.147144] (-) TimerEvent: {}
[168.186536] (tello_msgs) StdoutLine: {'line': b'-- Installing: /mnt/g/My Drive/Primary/skl-Course/SP26/EECS 206A - Introduction to Robotics/106a_final_project/drone_simulation/install/tello_msgs/share/tello_msgs/cmake/tello_msgs__rosidl_typesupport_cppExport.cmake\n'}
[168.247407] (-) TimerEvent: {}
[168.348571] (-) TimerEvent: {}
[168.455266] (-) TimerEvent: {}
[168.556175] (-) TimerEvent: {}
[168.576030] (tello_msgs) StdoutLine: {'line': b'-- Installing: /mnt/g/My Drive/Primary/skl-Course/SP26/EECS 206A - Introduction to Robotics/106a_final_project/drone_simulation/install/tello_msgs/share/tello_msgs/cmake/tello_msgs__rosidl_typesupport_cppExport-noconfig.cmake\n'}
[168.656384] (-) TimerEvent: {}
[168.757677] (-) TimerEvent: {}
[168.860019] (-) TimerEvent: {}
[168.960933] (-) TimerEvent: {}
[168.973234] (tello_msgs) StdoutLine: {'line': b'-- Installing: /mnt/g/My Drive/Primary/skl-Course/SP26/EECS 206A - Introduction to Robotics/106a_final_project/drone_simulation/install/tello_msgs/share/tello_msgs/cmake/export_tello_msgs__rosidl_generator_pyExport.cmake\n'}
[169.061101] (-) TimerEvent: {}
[169.162104] (-) TimerEvent: {}
[169.263197] (-) TimerEvent: {}
[169.364639] (-) TimerEvent: {}
[169.370507] (tello_msgs) StdoutLine: {'line': b'-- Installing: /mnt/g/My Drive/Primary/skl-Course/SP26/EECS 206A - Introduction to Robotics/106a_final_project/drone_simulation/install/tello_msgs/share/tello_msgs/cmake/export_tello_msgs__rosidl_generator_pyExport-noconfig.cmake\n'}
[169.464825] (-) TimerEvent: {}
[169.566119] (-) TimerEvent: {}
[169.668774] (-) TimerEvent: {}
[169.770070] (-) TimerEvent: {}
[169.800667] (tello_msgs) StdoutLine: {'line': b'-- Installing: /mnt/g/My Drive/Primary/skl-Course/SP26/EECS 206A - Introduction to Robotics/106a_final_project/drone_simulation/install/tello_msgs/share/tello_msgs/cmake/rosidl_cmake-extras.cmake\n'}
[169.870254] (-) TimerEvent: {}
[169.971168] (-) TimerEvent: {}
[170.072134] (-) TimerEvent: {}
[170.108548] (tello_msgs) StdoutLine: {'line': b'-- Installing: /mnt/g/My Drive/Primary/skl-Course/SP26/EECS 206A - Introduction to Robotics/106a_final_project/drone_simulation/install/tello_msgs/share/tello_msgs/cmake/ament_cmake_export_dependencies-extras.cmake\n'}
[170.172227] (-) TimerEvent: {}
[170.273075] (-) TimerEvent: {}
[170.374121] (-) TimerEvent: {}
[170.411770] (tello_msgs) StdoutLine: {'line': b'-- Installing: /mnt/g/My Drive/Primary/skl-Course/SP26/EECS 206A - Introduction to Robotics/106a_final_project/drone_simulation/install/tello_msgs/share/tello_msgs/cmake/ament_cmake_export_include_directories-extras.cmake\n'}
[170.474268] (-) TimerEvent: {}
[170.575141] (-) TimerEvent: {}
[170.676045] (-) TimerEvent: {}
[170.722982] (tello_msgs) StdoutLine: {'line': b'-- Installing: /mnt/g/My Drive/Primary/skl-Course/SP26/EECS 206A - Introduction to Robotics/106a_final_project/drone_simulation/install/tello_msgs/share/tello_msgs/cmake/ament_cmake_export_libraries-extras.cmake\n'}
[170.776227] (-) TimerEvent: {}
[170.877177] (-) TimerEvent: {}
[170.978299] (-) TimerEvent: {}
[171.041126] (tello_msgs) StdoutLine: {'line': b'-- Installing: /mnt/g/My Drive/Primary/skl-Course/SP26/EECS 206A - Introduction to Robotics/106a_final_project/drone_simulation/install/tello_msgs/share/tello_msgs/cmake/ament_cmake_export_targets-extras.cmake\n'}
[171.078468] (-) TimerEvent: {}
[171.179300] (-) TimerEvent: {}
[171.280191] (-) TimerEvent: {}
[171.332235] (tello_msgs) StdoutLine: {'line': b'-- Installing: /mnt/g/My Drive/Primary/skl-Course/SP26/EECS 206A - Introduction to Robotics/106a_final_project/drone_simulation/install/tello_msgs/share/tello_msgs/cmake/rosidl_cmake_export_typesupport_targets-extras.cmake\n'}
[171.380386] (-) TimerEvent: {}
[171.481256] (-) TimerEvent: {}
[171.582258] (-) TimerEvent: {}
[171.636019] (tello_msgs) StdoutLine: {'line': b'-- Installing: /mnt/g/My Drive/Primary/skl-Course/SP26/EECS 206A - Introduction to Robotics/106a_final_project/drone_simulation/install/tello_msgs/share/tello_msgs/cmake/rosidl_cmake_export_typesupport_libraries-extras.cmake\n'}
[171.682513] (-) TimerEvent: {}
[171.783677] (-) TimerEvent: {}
[171.884653] (-) TimerEvent: {}
[171.959227] (tello_msgs) StdoutLine: {'line': b'-- Installing: /mnt/g/My Drive/Primary/skl-Course/SP26/EECS 206A - Introduction to Robotics/106a_final_project/drone_simulation/install/tello_msgs/share/tello_msgs/cmake/tello_msgsConfig.cmake\n'}
[171.984821] (-) TimerEvent: {}
[172.085914] (-) TimerEvent: {}
[172.186897] (-) TimerEvent: {}
[172.241184] (tello_msgs) StdoutLine: {'line': b'-- Installing: /mnt/g/My Drive/Primary/skl-Course/SP26/EECS 206A - Introduction to Robotics/106a_final_project/drone_simulation/install/tello_msgs/share/tello_msgs/cmake/tello_msgsConfig-version.cmake\n'}
[172.287076] (-) TimerEvent: {}
[172.388042] (-) TimerEvent: {}
[172.489216] (-) TimerEvent: {}
[172.551140] (tello_msgs) StdoutLine: {'line': b'-- Installing: /mnt/g/My Drive/Primary/skl-Course/SP26/EECS 206A - Introduction to Robotics/106a_final_project/drone_simulation/install/tello_msgs/share/tello_msgs/package.xml\n'}
[172.589435] (-) TimerEvent: {}
[172.690899] (-) TimerEvent: {}
[172.792010] (-) TimerEvent: {}
[172.885638] (tello_msgs) CommandEnded: {'returncode': 0}
[172.892094] (-) TimerEvent: {}
[172.992888] (-) TimerEvent: {}
[173.093695] (-) TimerEvent: {}
[173.194812] (-) TimerEvent: {}
[173.295843] (-) TimerEvent: {}
[173.397009] (-) TimerEvent: {}
[173.497888] (-) TimerEvent: {}
[173.598823] (-) TimerEvent: {}
[173.699962] (-) TimerEvent: {}
[173.800870] (-) TimerEvent: {}
[173.901776] (-) TimerEvent: {}
[174.002959] (-) TimerEvent: {}
[174.103859] (-) TimerEvent: {}
[174.205897] (-) TimerEvent: {}
[174.307709] (-) TimerEvent: {}
[174.408694] (-) TimerEvent: {}
[174.509790] (-) TimerEvent: {}
[174.610936] (-) TimerEvent: {}
[174.711746] (-) TimerEvent: {}
[174.812692] (-) TimerEvent: {}
[174.918070] (-) TimerEvent: {}
[175.019205] (-) TimerEvent: {}
[175.120131] (-) TimerEvent: {}
[175.221221] (-) TimerEvent: {}
[175.322615] (-) TimerEvent: {}
[175.423643] (-) TimerEvent: {}
[175.524460] (-) TimerEvent: {}
[175.625446] (-) TimerEvent: {}
[175.726332] (-) TimerEvent: {}
[175.827583] (-) TimerEvent: {}
[175.928464] (-) TimerEvent: {}
[176.029553] (-) TimerEvent: {}
[176.130244] (-) TimerEvent: {}
[176.231313] (-) TimerEvent: {}
[176.332274] (-) TimerEvent: {}
[176.433221] (-) TimerEvent: {}
[176.534058] (-) TimerEvent: {}
[176.636032] (-) TimerEvent: {}
[176.737006] (-) TimerEvent: {}
[176.837986] (-) TimerEvent: {}
[176.939681] (-) TimerEvent: {}
[177.040900] (-) TimerEvent: {}
[177.143979] (-) TimerEvent: {}
[177.245208] (-) TimerEvent: {}
[177.319125] (tello_msgs) JobEnded: {'identifier': 'tello_msgs', 'rc': 0}
[177.387203] (-) TimerEvent: {}
[177.387924] (my_drone_vision) JobStarted: {'identifier': 'my_drone_vision'}
[177.487348] (-) TimerEvent: {}
[177.588213] (-) TimerEvent: {}
[177.647335] (tello_driver) JobStarted: {'identifier': 'tello_driver'}
[177.688425] (-) TimerEvent: {}
[177.718742] (tello_gazebo) JobStarted: {'identifier': 'tello_gazebo'}
[177.788650] (-) TimerEvent: {}
[177.890812] (-) TimerEvent: {}
[177.992230] (-) TimerEvent: {}
[178.093531] (-) TimerEvent: {}
[178.194872] (-) TimerEvent: {}
[178.295794] (-) TimerEvent: {}
[178.396742] (-) TimerEvent: {}
[178.497582] (-) TimerEvent: {}
[178.598510] (-) TimerEvent: {}
[178.699427] (-) TimerEvent: {}
[178.800598] (-) TimerEvent: {}
[178.901633] (-) TimerEvent: {}
[179.002528] (-) TimerEvent: {}
[179.103651] (-) TimerEvent: {}
[179.204635] (-) TimerEvent: {}
[179.305570] (-) TimerEvent: {}
[179.406802] (-) TimerEvent: {}
[179.507767] (-) TimerEvent: {}
[179.609461] (-) TimerEvent: {}
[179.710532] (-) TimerEvent: {}
[179.811561] (-) TimerEvent: {}
[179.912610] (-) TimerEvent: {}
[180.013502] (-) TimerEvent: {}
[180.114357] (-) TimerEvent: {}
[180.215354] (-) TimerEvent: {}
[180.316623] (-) TimerEvent: {}
[180.329396] (tello_gazebo) JobProgress: {'identifier': 'tello_gazebo', 'progress': 'cmake'}
[180.416776] (-) TimerEvent: {}
[180.518352] (-) TimerEvent: {}
[180.528464] (tello_gazebo) Command: {'cmd': ['/usr/bin/cmake', '/mnt/g/My Drive/Primary/skl-Course/SP26/EECS 206A - Introduction to Robotics/106a_final_project/drone_simulation/src/tello_ros/tello_gazebo', '-DCMAKE_INSTALL_PREFIX=/mnt/g/My Drive/Primary/skl-Course/SP26/EECS 206A - Introduction to Robotics/106a_final_project/drone_simulation/install/tello_gazebo'], 'cwd': '/mnt/g/My Drive/Primary/skl-Course/SP26/EECS 206A - Introduction to Robotics/106a_final_project/drone_simulation/build/tello_gazebo', 'env': OrderedDict([('LESSOPEN', '| /usr/bin/lesspipe %s'), ('USER', 'happygaj'), ('SHLVL', '1'), ('LD_LIBRARY_PATH', '/mnt/g/My Drive/Primary/skl-Course/SP26/EECS 206A - Introduction to Robotics/106a_final_project/drone_simulation/install/tello_msgs/lib:/opt/ros/humble/opt/rviz_ogre_vendor/lib:/opt/ros/humble/lib/x86_64-linux-gnu:/opt/ros/humble/lib'), ('WT_PROFILE_ID', '{bce5ad17-2bdc-5d74-b2f9-07b5c1c5975c}'), ('HOME', '/home/happygaj'), ('OLDPWD', '/home/happygaj/my_project/drone_simulation'), ('ROS_PYTHON_VERSION', '3'), ('DBUS_SESSION_BUS_ADDRESS', 'unix:path=/run/user/1000/bus'), ('WSL_DISTRO_NAME', 'Ubuntu-22.04'), ('WAYLAND_DISPLAY', 'wayland-0'), ('ROS_DISTRO', 'humble'), ('LOGNAME', 'happygaj'), ('NAME', 'skl'), ('WSL_INTEROP', '/run/WSL/21553_interop'), ('PULSE_SERVER', 'unix:/mnt/wslg/PulseServer'), ('_', '/usr/bin/colcon'), ('ROS_VERSION', '2'), ('TERM', 'xterm-256color'), ('ROS_LOCALHOST_ONLY', '0'), ('PATH', '/opt/ros/humble/bin:/usr/local/sbin:/usr/local/bin:/usr/sbin:/usr/bin:/sbin:/bin:/usr/games:/usr/local/games:/usr/lib/wsl/lib:/mnt/c/WINDOWS/system32:/mnt/c/WINDOWS:/mnt/c/WINDOWS/System32/Wbem:/mnt/c/WINDOWS/System32/WindowsPowerShell/v1.0/:/mnt/c/WINDOWS/System32/OpenSSH/:/mnt/c/Program Files/MATLAB/R2025a/bin:/mnt/c/Program Files (x86)/Windows Kits/10/Windows Performance Toolkit/:/mnt/c/Program Files/dotnet/:/mnt/c/Program Files (x86)/Windows Kits/8.1/Windows Performance Toolkit/:/mnt/c/Program Files/Git/cmd:/mnt/c/Program Files/cursor/resources/app/bin:/mnt/c/Program Files/Tailscale/:/Docker/host/bin:/mnt/c/Users/happy/AppData/Local/Microsoft/WindowsApps:/mnt/c/Users/happy/AppData/Local/Programs/Microsoft VS Code/bin:/mnt/c/Users/happy/AppData/Local/Programs/cursor/resources/app/bin:/mnt/c/Users/happy/.local/bin:/snap/bin'), ('WT_SESSION', '490fbee8-1dcb-4fa2-a3f8-23b1e43e102c'), ('XDG_RUNTIME_DIR', '/run/user/1000/'), ('DISPLAY', ':0'), ('LANG', 'en_US.UTF-8'), ('LS_COLORS', 'rs=0:di=01;34:ln=01;36:mh=00:pi=40;33:so=01;35:do=01;35:bd=40;33;01:cd=40;33;01:or=40;31;01:mi=00:su=37;41:sg=30;43:ca=30;41:tw=30;42:ow=34;42:st=37;44:ex=01;32:*.tar=01;31:*.tgz=01;31:*.arc=01;31:*.arj=01;31:*.taz=01;31:*.lha=01;31:*.lz4=01;31:*.lzh=01;31:*.lzma=01;31:*.tlz=01;31:*.txz=01;31:*.tzo=01;31:*.t7z=01;31:*.zip=01;31:*.z=01;31:*.dz=01;31:*.gz=01;31:*.lrz=01;31:*.lz=01;31:*.lzo=01;31:*.xz=01;31:*.zst=01;31:*.tzst=01;31:*.bz2=01;31:*.bz=01;31:*.tbz=01;31:*.tbz2=01;31:*.tz=01;31:*.deb=01;31:*.rpm=01;31:*.jar=01;31:*.war=01;31:*.ear=01;31:*.sar=01;31:*.rar=01;31:*.alz=01;31:*.ace=01;31:*.zoo=01;31:*.cpio=01;31:*.7z=01;31:*.rz=01;31:*.cab=01;31:*.wim=01;31:*.swm=01;31:*.dwm=01;31:*.esd=01;31:*.jpg=01;35:*.jpeg=01;35:*.mjpg=01;35:*.mjpeg=01;35:*.gif=01;35:*.bmp=01;35:*.pbm=01;35:*.pgm=01;35:*.ppm=01;35:*.tga=01;35:*.xbm=01;35:*.xpm=01;35:*.tif=01;35:*.tiff=01;35:*.png=01;35:*.svg=01;35:*.svgz=01;35:*.mng=01;35:*.pcx=01;35:*.mov=01;35:*.mpg=01;35:*.mpeg=01;35:*.m2v=01;35:*.mkv=01;35:*.webm=01;35:*.webp=01;35:*.ogm=01;35:*.mp4=01;35:*.m4v=01;35:*.mp4v=01;35:*.vob=01;35:*.qt=01;35:*.nuv=01;35:*.wmv=01;35:*.asf=01;35:*.rm=01;35:*.rmvb=01;35:*.flc=01;35:*.avi=01;35:*.fli=01;35:*.flv=01;35:*.gl=01;35:*.dl=01;35:*.xcf=01;35:*.xwd=01;35:*.yuv=01;35:*.cgm=01;35:*.emf=01;35:*.ogv=01;35:*.ogx=01;35:*.aac=00;36:*.au=00;36:*.flac=00;36:*.m4a=00;36:*.mid=00;36:*.midi=00;36:*.mka=00;36:*.mp3=00;36:*.mpc=00;36:*.ogg=00;36:*.ra=00;36:*.wav=00;36:*.oga=00;36:*.opus=00;36:*.spx=00;36:*.xspf=00;36:'), ('AMENT_PREFIX_PATH', '/mnt/g/My Drive/Primary/skl-Course/SP26/EECS 206A - Introduction to Robotics/106a_final_project/drone_simulation/install/tello_msgs:/opt/ros/humble'), ('SHELL', '/bin/bash'), ('LESSCLOSE', '/usr/bin/lesspipe %s %s'), ('PWD', '/mnt/g/My Drive/Primary/skl-Course/SP26/EECS 206A - Introduction to Robotics/106a_final_project/drone_simulation/build/tello_gazebo'), ('XDG_DATA_DIRS', '/usr/local/share:/usr/share:/var/lib/snapd/desktop'), ('PYTHONPATH', '/mnt/g/My Drive/Primary/skl-Course/SP26/EECS 206A - Introduction to Robotics/106a_final_project/drone_simulation/install/tello_msgs/local/lib/python3.10/dist-packages:/opt/ros/humble/lib/python3.10/site-packages:/opt/ros/humble/local/lib/python3.10/dist-packages'), ('COLCON', '1'), ('WSL2_GUI_APPS_ENABLED', '1'), ('HOSTTYPE', 'x86_64'), ('WSLENV', 'WT_SESSION:WT_PROFILE_ID:'), ('CMAKE_PREFIX_PATH', '/mnt/g/My Drive/Primary/skl-Course/SP26/EECS 206A - Introduction to Robotics/106a_final_project/drone_simulation/install/tello_msgs:/opt/ros/humble')]), 'shell': False}
[180.680196] (-) TimerEvent: {}
[180.682294] (tello_driver) JobProgress: {'identifier': 'tello_driver', 'progress': 'cmake'}
[180.780353] (-) TimerEvent: {}
[180.819045] (tello_driver) Command: {'cmd': ['/usr/bin/cmake', '/mnt/g/My Drive/Primary/skl-Course/SP26/EECS 206A - Introduction to Robotics/106a_final_project/drone_simulation/src/tello_ros/tello_driver', '-DCMAKE_INSTALL_PREFIX=/mnt/g/My Drive/Primary/skl-Course/SP26/EECS 206A - Introduction to Robotics/106a_final_project/drone_simulation/install/tello_driver'], 'cwd': '/mnt/g/My Drive/Primary/skl-Course/SP26/EECS 206A - Introduction to Robotics/106a_final_project/drone_simulation/build/tello_driver', 'env': OrderedDict([('LESSOPEN', '| /usr/bin/lesspipe %s'), ('USER', 'happygaj'), ('SHLVL', '1'), ('LD_LIBRARY_PATH', '/mnt/g/My Drive/Primary/skl-Course/SP26/EECS 206A - Introduction to Robotics/106a_final_project/drone_simulation/install/tello_msgs/lib:/opt/ros/humble/opt/rviz_ogre_vendor/lib:/opt/ros/humble/lib/x86_64-linux-gnu:/opt/ros/humble/lib'), ('WT_PROFILE_ID', '{bce5ad17-2bdc-5d74-b2f9-07b5c1c5975c}'), ('HOME', '/home/happygaj'), ('OLDPWD', '/home/happygaj/my_project/drone_simulation'), ('ROS_PYTHON_VERSION', '3'), ('DBUS_SESSION_BUS_ADDRESS', 'unix:path=/run/user/1000/bus'), ('WSL_DISTRO_NAME', 'Ubuntu-22.04'), ('WAYLAND_DISPLAY', 'wayland-0'), ('ROS_DISTRO', 'humble'), ('LOGNAME', 'happygaj'), ('NAME', 'skl'), ('WSL_INTEROP', '/run/WSL/21553_interop'), ('PULSE_SERVER', 'unix:/mnt/wslg/PulseServer'), ('_', '/usr/bin/colcon'), ('ROS_VERSION', '2'), ('TERM', 'xterm-256color'), ('ROS_LOCALHOST_ONLY', '0'), ('PATH', '/opt/ros/humble/bin:/usr/local/sbin:/usr/local/bin:/usr/sbin:/usr/bin:/sbin:/bin:/usr/games:/usr/local/games:/usr/lib/wsl/lib:/mnt/c/WINDOWS/system32:/mnt/c/WINDOWS:/mnt/c/WINDOWS/System32/Wbem:/mnt/c/WINDOWS/System32/WindowsPowerShell/v1.0/:/mnt/c/WINDOWS/System32/OpenSSH/:/mnt/c/Program Files/MATLAB/R2025a/bin:/mnt/c/Program Files (x86)/Windows Kits/10/Windows Performance Toolkit/:/mnt/c/Program Files/dotnet/:/mnt/c/Program Files (x86)/Windows Kits/8.1/Windows Performance Toolkit/:/mnt/c/Program Files/Git/cmd:/mnt/c/Program Files/cursor/resources/app/bin:/mnt/c/Program Files/Tailscale/:/Docker/host/bin:/mnt/c/Users/happy/AppData/Local/Microsoft/WindowsApps:/mnt/c/Users/happy/AppData/Local/Programs/Microsoft VS Code/bin:/mnt/c/Users/happy/AppData/Local/Programs/cursor/resources/app/bin:/mnt/c/Users/happy/.local/bin:/snap/bin'), ('WT_SESSION', '490fbee8-1dcb-4fa2-a3f8-23b1e43e102c'), ('XDG_RUNTIME_DIR', '/run/user/1000/'), ('DISPLAY', ':0'), ('LANG', 'en_US.UTF-8'), ('LS_COLORS', 'rs=0:di=01;34:ln=01;36:mh=00:pi=40;33:so=01;35:do=01;35:bd=40;33;01:cd=40;33;01:or=40;31;01:mi=00:su=37;41:sg=30;43:ca=30;41:tw=30;42:ow=34;42:st=37;44:ex=01;32:*.tar=01;31:*.tgz=01;31:*.arc=01;31:*.arj=01;31:*.taz=01;31:*.lha=01;31:*.lz4=01;31:*.lzh=01;31:*.lzma=01;31:*.tlz=01;31:*.txz=01;31:*.tzo=01;31:*.t7z=01;31:*.zip=01;31:*.z=01;31:*.dz=01;31:*.gz=01;31:*.lrz=01;31:*.lz=01;31:*.lzo=01;31:*.xz=01;31:*.zst=01;31:*.tzst=01;31:*.bz2=01;31:*.bz=01;31:*.tbz=01;31:*.tbz2=01;31:*.tz=01;31:*.deb=01;31:*.rpm=01;31:*.jar=01;31:*.war=01;31:*.ear=01;31:*.sar=01;31:*.rar=01;31:*.alz=01;31:*.ace=01;31:*.zoo=01;31:*.cpio=01;31:*.7z=01;31:*.rz=01;31:*.cab=01;31:*.wim=01;31:*.swm=01;31:*.dwm=01;31:*.esd=01;31:*.jpg=01;35:*.jpeg=01;35:*.mjpg=01;35:*.mjpeg=01;35:*.gif=01;35:*.bmp=01;35:*.pbm=01;35:*.pgm=01;35:*.ppm=01;35:*.tga=01;35:*.xbm=01;35:*.xpm=01;35:*.tif=01;35:*.tiff=01;35:*.png=01;35:*.svg=01;35:*.svgz=01;35:*.mng=01;35:*.pcx=01;35:*.mov=01;35:*.mpg=01;35:*.mpeg=01;35:*.m2v=01;35:*.mkv=01;35:*.webm=01;35:*.webp=01;35:*.ogm=01;35:*.mp4=01;35:*.m4v=01;35:*.mp4v=01;35:*.vob=01;35:*.qt=01;35:*.nuv=01;35:*.wmv=01;35:*.asf=01;35:*.rm=01;35:*.rmvb=01;35:*.flc=01;35:*.avi=01;35:*.fli=01;35:*.flv=01;35:*.gl=01;35:*.dl=01;35:*.xcf=01;35:*.xwd=01;35:*.yuv=01;35:*.cgm=01;35:*.emf=01;35:*.ogv=01;35:*.ogx=01;35:*.aac=00;36:*.au=00;36:*.flac=00;36:*.m4a=00;36:*.mid=00;36:*.midi=00;36:*.mka=00;36:*.mp3=00;36:*.mpc=00;36:*.ogg=00;36:*.ra=00;36:*.wav=00;36:*.oga=00;36:*.opus=00;36:*.spx=00;36:*.xspf=00;36:'), ('AMENT_PREFIX_PATH', '/mnt/g/My Drive/Primary/skl-Course/SP26/EECS 206A - Introduction to Robotics/106a_final_project/drone_simulation/install/tello_msgs:/mnt/g/My Drive/Primary/skl-Course/SP26/EECS 206A - Introduction to Robotics/106a_final_project/drone_simulation/install/ros2_shared:/opt/ros/humble'), ('SHELL', '/bin/bash'), ('LESSCLOSE', '/usr/bin/lesspipe %s %s'), ('PWD', '/mnt/g/My Drive/Primary/skl-Course/SP26/EECS 206A - Introduction to Robotics/106a_final_project/drone_simulation/build/tello_driver'), ('XDG_DATA_DIRS', '/usr/local/share:/usr/share:/var/lib/snapd/desktop'), ('PYTHONPATH', '/mnt/g/My Drive/Primary/skl-Course/SP26/EECS 206A - Introduction to Robotics/106a_final_project/drone_simulation/install/tello_msgs/local/lib/python3.10/dist-packages:/opt/ros/humble/lib/python3.10/site-packages:/opt/ros/humble/local/lib/python3.10/dist-packages'), ('COLCON', '1'), ('WSL2_GUI_APPS_ENABLED', '1'), ('HOSTTYPE', 'x86_64'), ('WSLENV', 'WT_SESSION:WT_PROFILE_ID:'), ('CMAKE_PREFIX_PATH', '/mnt/g/My Drive/Primary/skl-Course/SP26/EECS 206A - Introduction to Robotics/106a_final_project/drone_simulation/install/tello_msgs:/mnt/g/My Drive/Primary/skl-Course/SP26/EECS 206A - Introduction to Robotics/106a_final_project/drone_simulation/install/ros2_shared:/opt/ros/humble')]), 'shell': False}
[180.967646] (-) TimerEvent: {}
[181.068737] (-) TimerEvent: {}
[181.170098] (-) TimerEvent: {}
[181.271372] (-) TimerEvent: {}
[181.372949] (-) TimerEvent: {}
[181.474520] (-) TimerEvent: {}
[181.576326] (-) TimerEvent: {}
[181.678177] (-) TimerEvent: {}
[181.779620] (-) TimerEvent: {}
[181.880956] (-) TimerEvent: {}
[181.982010] (-) TimerEvent: {}
[182.083632] (-) TimerEvent: {}
[182.185363] (-) TimerEvent: {}
[182.286864] (-) TimerEvent: {}
[182.388147] (-) TimerEvent: {}
[182.491635] (-) TimerEvent: {}
[182.594276] (-) TimerEvent: {}
[182.695588] (-) TimerEvent: {}
[182.796895] (-) TimerEvent: {}
[182.898242] (-) TimerEvent: {}
[183.000054] (-) TimerEvent: {}
[183.101246] (-) TimerEvent: {}
[183.112554] (tello_gazebo) StdoutLine: {'line': b'-- The C compiler identification is GNU 11.4.0\n'}
[183.201418] (-) TimerEvent: {}
[183.302252] (-) TimerEvent: {}
[183.403162] (-) TimerEvent: {}
[183.504632] (-) TimerEvent: {}
[183.605755] (-) TimerEvent: {}
[183.696892] (tello_driver) StdoutLine: {'line': b'-- The C compiler identification is GNU 11.4.0\n'}
[183.709068] (-) TimerEvent: {}
[183.810286] (-) TimerEvent: {}
[183.911588] (-) TimerEvent: {}
[184.012501] (-) TimerEvent: {}
[184.113409] (-) TimerEvent: {}
[184.214763] (-) TimerEvent: {}
[184.316109] (-) TimerEvent: {}
[184.417548] (-) TimerEvent: {}
[184.523722] (-) TimerEvent: {}
[184.624645] (-) TimerEvent: {}
[184.726122] (-) TimerEvent: {}
[184.827359] (-) TimerEvent: {}
[184.929686] (-) TimerEvent: {}
[185.030841] (-) TimerEvent: {}
[185.131963] (-) TimerEvent: {}
[185.233443] (-) TimerEvent: {}
[185.334644] (-) TimerEvent: {}
[185.423813] (tello_gazebo) StdoutLine: {'line': b'-- The CXX compiler identification is GNU 11.4.0\n'}
[185.434839] (-) TimerEvent: {}
[185.536525] (-) TimerEvent: {}
[185.637471] (-) TimerEvent: {}
[185.738422] (-) TimerEvent: {}
[185.839375] (-) TimerEvent: {}
[185.940269] (-) TimerEvent: {}
[185.964375] (tello_driver) StdoutLine: {'line': b'-- The CXX compiler identification is GNU 11.4.0\n'}
[186.040399] (-) TimerEvent: {}
[186.142631] (-) TimerEvent: {}
[186.180014] (tello_gazebo) StdoutLine: {'line': b'-- Detecting C compiler ABI info\n'}
[186.242809] (-) TimerEvent: {}
[186.344570] (-) TimerEvent: {}
[186.448443] (-) TimerEvent: {}
[186.551264] (-) TimerEvent: {}
[186.658597] (-) TimerEvent: {}
[186.761054] (-) TimerEvent: {}
[186.863073] (-) TimerEvent: {}
[186.916649] (tello_driver) StdoutLine: {'line': b'-- Detecting C compiler ABI info\n'}
[186.964253] (-) TimerEvent: {}
[187.076934] (-) TimerEvent: {}
[187.180925] (-) TimerEvent: {}
[187.283185] (-) TimerEvent: {}
[187.384925] (-) TimerEvent: {}
[187.487896] (-) TimerEvent: {}
[187.592350] (-) TimerEvent: {}
[187.693481] (-) TimerEvent: {}
[187.795459] (-) TimerEvent: {}
[187.896709] (-) TimerEvent: {}
[187.999832] (-) TimerEvent: {}
[188.103978] (-) TimerEvent: {}
[188.207196] (-) TimerEvent: {}
[188.309141] (-) TimerEvent: {}
[188.410482] (-) TimerEvent: {}
[188.511913] (-) TimerEvent: {}
[188.613268] (-) TimerEvent: {}
[188.716206] (-) TimerEvent: {}
[188.819342] (-) TimerEvent: {}
[188.832724] (my_drone_vision) Command: {'cmd': ['/usr/bin/python3', '-W', 'ignore:setup.py install is deprecated', '-W', 'ignore:easy_install command is deprecated', 'setup.py', 'egg_info', '--egg-base', '../../build/my_drone_vision', 'build', '--build-base', '/mnt/g/My Drive/Primary/skl-Course/SP26/EECS 206A - Introduction to Robotics/106a_final_project/drone_simulation/build/my_drone_vision/build', 'install', '--record', '/mnt/g/My Drive/Primary/skl-Course/SP26/EECS 206A - Introduction to Robotics/106a_final_project/drone_simulation/build/my_drone_vision/install.log', '--single-version-externally-managed', 'install_data'], 'cwd': '/mnt/g/My Drive/Primary/skl-Course/SP26/EECS 206A - Introduction to Robotics/106a_final_project/drone_simulation/src/my_drone_vision', 'env': {'LESSOPEN': '| /usr/bin/lesspipe %s', 'USER': 'happygaj', 'SHLVL': '1', 'LD_LIBRARY_PATH': '/mnt/g/My Drive/Primary/skl-Course/SP26/EECS 206A - Introduction to Robotics/106a_final_project/drone_simulation/install/tello_msgs/lib:/opt/ros/humble/opt/rviz_ogre_vendor/lib:/opt/ros/humble/lib/x86_64-linux-gnu:/opt/ros/humble/lib', 'WT_PROFILE_ID': '{bce5ad17-2bdc-5d74-b2f9-07b5c1c5975c}', 'HOME': '/home/happygaj', 'OLDPWD': '/home/happygaj/my_project/drone_simulation', 'ROS_PYTHON_VERSION': '3', 'DBUS_SESSION_BUS_ADDRESS': 'unix:path=/run/user/1000/bus', 'WSL_DISTRO_NAME': 'Ubuntu-22.04', 'WAYLAND_DISPLAY': 'wayland-0', 'ROS_DISTRO': 'humble', 'LOGNAME': 'happygaj', 'NAME': 'skl', 'WSL_INTEROP': '/run/WSL/21553_interop', 'PULSE_SERVER': 'unix:/mnt/wslg/PulseServer', '_': '/usr/bin/colcon', 'ROS_VERSION': '2', 'TERM': 'xterm-256color', 'ROS_LOCALHOST_ONLY': '0', 'PATH': '/opt/ros/humble/bin:/usr/local/sbin:/usr/local/bin:/usr/sbin:/usr/bin:/sbin:/bin:/usr/games:/usr/local/games:/usr/lib/wsl/lib:/mnt/c/WINDOWS/system32:/mnt/c/WINDOWS:/mnt/c/WINDOWS/System32/Wbem:/mnt/c/WINDOWS/System32/WindowsPowerShell/v1.0/:/mnt/c/WINDOWS/System32/OpenSSH/:/mnt/c/Program Files/MATLAB/R2025a/bin:/mnt/c/Program Files (x86)/Windows Kits/10/Windows Performance Toolkit/:/mnt/c/Program Files/dotnet/:/mnt/c/Program Files (x86)/Windows Kits/8.1/Windows Performance Toolkit/:/mnt/c/Program Files/Git/cmd:/mnt/c/Program Files/cursor/resources/app/bin:/mnt/c/Program Files/Tailscale/:/Docker/host/bin:/mnt/c/Users/happy/AppData/Local/Microsoft/WindowsApps:/mnt/c/Users/happy/AppData/Local/Programs/Microsoft VS Code/bin:/mnt/c/Users/happy/AppData/Local/Programs/cursor/resources/app/bin:/mnt/c/Users/happy/.local/bin:/snap/bin', 'WT_SESSION': '490fbee8-1dcb-4fa2-a3f8-23b1e43e102c', 'XDG_RUNTIME_DIR': '/run/user/1000/', 'DISPLAY': ':0', 'LANG': 'en_US.UTF-8', 'LS_COLORS': 'rs=0:di=01;34:ln=01;36:mh=00:pi=40;33:so=01;35:do=01;35:bd=40;33;01:cd=40;33;01:or=40;31;01:mi=00:su=37;41:sg=30;43:ca=30;41:tw=30;42:ow=34;42:st=37;44:ex=01;32:*.tar=01;31:*.tgz=01;31:*.arc=01;31:*.arj=01;31:*.taz=01;31:*.lha=01;31:*.lz4=01;31:*.lzh=01;31:*.lzma=01;31:*.tlz=01;31:*.txz=01;31:*.tzo=01;31:*.t7z=01;31:*.zip=01;31:*.z=01;31:*.dz=01;31:*.gz=01;31:*.lrz=01;31:*.lz=01;31:*.lzo=01;31:*.xz=01;31:*.zst=01;31:*.tzst=01;31:*.bz2=01;31:*.bz=01;31:*.tbz=01;31:*.tbz2=01;31:*.tz=01;31:*.deb=01;31:*.rpm=01;31:*.jar=01;31:*.war=01;31:*.ear=01;31:*.sar=01;31:*.rar=01;31:*.alz=01;31:*.ace=01;31:*.zoo=01;31:*.cpio=01;31:*.7z=01;31:*.rz=01;31:*.cab=01;31:*.wim=01;31:*.swm=01;31:*.dwm=01;31:*.esd=01;31:*.jpg=01;35:*.jpeg=01;35:*.mjpg=01;35:*.mjpeg=01;35:*.gif=01;35:*.bmp=01;35:*.pbm=01;35:*.pgm=01;35:*.ppm=01;35:*.tga=01;35:*.xbm=01;35:*.xpm=01;35:*.tif=01;35:*.tiff=01;35:*.png=01;35:*.svg=01;35:*.svgz=01;35:*.mng=01;35:*.pcx=01;35:*.mov=01;35:*.mpg=01;35:*.mpeg=01;35:*.m2v=01;35:*.mkv=01;35:*.webm=01;35:*.webp=01;35:*.ogm=01;35:*.mp4=01;35:*.m4v=01;35:*.mp4v=01;35:*.vob=01;35:*.qt=01;35:*.nuv=01;35:*.wmv=01;35:*.asf=01;35:*.rm=01;35:*.rmvb=01;35:*.flc=01;35:*.avi=01;35:*.fli=01;35:*.flv=01;35:*.gl=01;35:*.dl=01;35:*.xcf=01;35:*.xwd=01;35:*.yuv=01;35:*.cgm=01;35:*.emf=01;35:*.ogv=01;35:*.ogx=01;35:*.aac=00;36:*.au=00;36:*.flac=00;36:*.m4a=00;36:*.mid=00;36:*.midi=00;36:*.mka=00;36:*.mp3=00;36:*.mpc=00;36:*.ogg=00;36:*.ra=00;36:*.wav=00;36:*.oga=00;36:*.opus=00;36:*.spx=00;36:*.xspf=00;36:', 'AMENT_PREFIX_PATH': '/mnt/g/My Drive/Primary/skl-Course/SP26/EECS 206A - Introduction to Robotics/106a_final_project/drone_simulation/install/tello_msgs:/opt/ros/humble', 'SHELL': '/bin/bash', 'LESSCLOSE': '/usr/bin/lesspipe %s %s', 'PWD': '/mnt/g/My Drive/Primary/skl-Course/SP26/EECS 206A - Introduction to Robotics/106a_final_project/drone_simulation/build/my_drone_vision', 'XDG_DATA_DIRS': '/usr/local/share:/usr/share:/var/lib/snapd/desktop', 'PYTHONPATH': '/mnt/g/My Drive/Primary/skl-Course/SP26/EECS 206A - Introduction to Robotics/106a_final_project/drone_simulation/build/my_drone_vision/prefix_override:/usr/lib/python3/dist-packages/colcon_core/task/python/colcon_distutils_commands:/mnt/g/My Drive/Primary/skl-Course/SP26/EECS 206A - Introduction to Robotics/106a_final_project/drone_simulation/install/my_drone_vision/lib/python3.10/site-packages:/mnt/g/My Drive/Primary/skl-Course/SP26/EECS 206A - Introduction to Robotics/106a_final_project/drone_simulation/install/tello_msgs/local/lib/python3.10/dist-packages:/opt/ros/humble/lib/python3.10/site-packages:/opt/ros/humble/local/lib/python3.10/dist-packages', 'COLCON': '1', 'WSL2_GUI_APPS_ENABLED': '1', 'HOSTTYPE': 'x86_64', 'WSLENV': 'WT_SESSION:WT_PROFILE_ID:', 'CMAKE_PREFIX_PATH': '/mnt/g/My Drive/Primary/skl-Course/SP26/EECS 206A - Introduction to Robotics/106a_final_project/drone_simulation/install/tello_msgs'}, 'shell': False}
[188.988854] (-) TimerEvent: {}
[189.090089] (-) TimerEvent: {}
[189.191558] (-) TimerEvent: {}
[189.292860] (-) TimerEvent: {}
[189.394300] (-) TimerEvent: {}
[189.495468] (-) TimerEvent: {}
[189.597040] (-) TimerEvent: {}
[189.698908] (-) TimerEvent: {}
[189.800138] (-) TimerEvent: {}
[189.902087] (-) TimerEvent: {}
[190.003560] (-) TimerEvent: {}
[190.105563] (-) TimerEvent: {}
[190.207012] (-) TimerEvent: {}
[190.309721] (-) TimerEvent: {}
[190.427155] (-) TimerEvent: {}
[190.528725] (-) TimerEvent: {}
[190.629922] (-) TimerEvent: {}
[190.731491] (-) TimerEvent: {}
[190.833912] (-) TimerEvent: {}
[190.935365] (-) TimerEvent: {}
[191.038644] (-) TimerEvent: {}
[191.141432] (-) TimerEvent: {}
[191.245050] (-) TimerEvent: {}
[191.347321] (-) TimerEvent: {}
[191.450585] (-) TimerEvent: {}
[191.524967] (tello_gazebo) StdoutLine: {'line': b'-- Detecting C compiler ABI info - done\n'}
[191.550856] (-) TimerEvent: {}
[191.652787] (-) TimerEvent: {}
[191.738206] (tello_gazebo) StdoutLine: {'line': b'-- Check for working C compiler: /usr/bin/cc - skipped\n'}
[191.743997] (tello_gazebo) StdoutLine: {'line': b'-- Detecting C compile features\n'}
[191.747813] (tello_gazebo) StdoutLine: {'line': b'-- Detecting C compile features - done\n'}
[191.752989] (-) TimerEvent: {}
[191.854865] (-) TimerEvent: {}
[191.956878] (-) TimerEvent: {}
[192.057866] (-) TimerEvent: {}
[192.113214] (tello_driver) StdoutLine: {'line': b'-- Detecting C compiler ABI info - done\n'}
[192.158111] (-) TimerEvent: {}
[192.173609] (tello_gazebo) StdoutLine: {'line': b'-- Detecting CXX compiler ABI info\n'}
[192.258343] (-) TimerEvent: {}
[192.347907] (tello_driver) StdoutLine: {'line': b'-- Check for working C compiler: /usr/bin/cc - skipped\n'}
[192.351413] (tello_driver) StdoutLine: {'line': b'-- Detecting C compile features\n'}
[192.355677] (tello_driver) StdoutLine: {'line': b'-- Detecting C compile features - done\n'}
[192.359517] (-) TimerEvent: {}
[192.461560] (-) TimerEvent: {}
[192.562867] (-) TimerEvent: {}
[192.673610] (-) TimerEvent: {}
[192.775184] (-) TimerEvent: {}
[192.840745] (tello_driver) StdoutLine: {'line': b'-- Detecting CXX compiler ABI info\n'}
[192.875440] (-) TimerEvent: {}
[192.981825] (-) TimerEvent: {}
[193.083605] (-) TimerEvent: {}
[193.184678] (-) TimerEvent: {}
[193.286263] (-) TimerEvent: {}
[193.390540] (-) TimerEvent: {}
[193.492274] (-) TimerEvent: {}
[193.593791] (-) TimerEvent: {}
[193.694749] (-) TimerEvent: {}
[193.803953] (-) TimerEvent: {}
[193.905985] (-) TimerEvent: {}
[194.007537] (-) TimerEvent: {}
[194.108468] (-) TimerEvent: {}
[194.210175] (-) TimerEvent: {}
[194.311476] (-) TimerEvent: {}
[194.412777] (-) TimerEvent: {}
[194.514543] (-) TimerEvent: {}
[194.616111] (-) TimerEvent: {}
[194.717348] (-) TimerEvent: {}
[194.818397] (-) TimerEvent: {}
[194.919292] (-) TimerEvent: {}
[195.006937] (my_drone_vision) StdoutLine: {'line': b'running egg_info\n'}
[195.019423] (-) TimerEvent: {}
[195.026030] (my_drone_vision) StdoutLine: {'line': b'creating ../../build/my_drone_vision/my_drone_vision.egg-info\n'}
[195.057179] (my_drone_vision) StdoutLine: {'line': b'writing ../../build/my_drone_vision/my_drone_vision.egg-info/PKG-INFO\n'}
[195.119608] (-) TimerEvent: {}
[195.123398] (my_drone_vision) StdoutLine: {'line': b'writing dependency_links to ../../build/my_drone_vision/my_drone_vision.egg-info/dependency_links.txt\n'}
[195.161746] (my_drone_vision) StdoutLine: {'line': b'writing entry points to ../../build/my_drone_vision/my_drone_vision.egg-info/entry_points.txt\n'}
[195.194993] (my_drone_vision) StdoutLine: {'line': b'writing requirements to ../../build/my_drone_vision/my_drone_vision.egg-info/requires.txt\n'}
[195.219779] (-) TimerEvent: {}
[195.220431] (my_drone_vision) StdoutLine: {'line': b'writing top-level names to ../../build/my_drone_vision/my_drone_vision.egg-info/top_level.txt\n'}
[195.260725] (my_drone_vision) StdoutLine: {'line': b"writing manifest file '../../build/my_drone_vision/my_drone_vision.egg-info/SOURCES.txt'\n"}
[195.320026] (-) TimerEvent: {}
[195.421316] (-) TimerEvent: {}
[195.522273] (-) TimerEvent: {}
[195.539431] (my_drone_vision) StdoutLine: {'line': b"reading manifest file '../../build/my_drone_vision/my_drone_vision.egg-info/SOURCES.txt'\n"}
[195.622505] (-) TimerEvent: {}
[195.723937] (-) TimerEvent: {}
[195.825194] (-) TimerEvent: {}
[195.926192] (-) TimerEvent: {}
[195.953771] (my_drone_vision) StdoutLine: {'line': b"writing manifest file '../../build/my_drone_vision/my_drone_vision.egg-info/SOURCES.txt'\n"}
[195.999866] (my_drone_vision) StdoutLine: {'line': b'running build\n'}
[196.003703] (my_drone_vision) StdoutLine: {'line': b'running build_py\n'}
[196.022046] (my_drone_vision) StdoutLine: {'line': b'creating /mnt/g/My Drive/Primary/skl-Course/SP26/EECS 206A - Introduction to Robotics/106a_final_project/drone_simulation/build/my_drone_vision/build\n'}
[196.037453] (-) TimerEvent: {}
[196.042015] (my_drone_vision) StdoutLine: {'line': b'creating /mnt/g/My Drive/Primary/skl-Course/SP26/EECS 206A - Introduction to Robotics/106a_final_project/drone_simulation/build/my_drone_vision/build/lib\n'}
[196.063383] (my_drone_vision) StdoutLine: {'line': b'creating /mnt/g/My Drive/Primary/skl-Course/SP26/EECS 206A - Introduction to Robotics/106a_final_project/drone_simulation/build/my_drone_vision/build/lib/my_drone_vision\n'}
[196.134074] (my_drone_vision) StdoutLine: {'line': b'copying my_drone_vision/__init__.py -> /mnt/g/My Drive/Primary/skl-Course/SP26/EECS 206A - Introduction to Robotics/106a_final_project/drone_simulation/build/my_drone_vision/build/lib/my_drone_vision\n'}
[196.139057] (-) TimerEvent: {}
[196.240650] (-) TimerEvent: {}
[196.286794] (my_drone_vision) StdoutLine: {'line': b'copying my_drone_vision/aruco_controller.py -> /mnt/g/My Drive/Primary/skl-Course/SP26/EECS 206A - Introduction to Robotics/106a_final_project/drone_simulation/build/my_drone_vision/build/lib/my_drone_vision\n'}
[196.340836] (-) TimerEvent: {}
[196.441758] (-) TimerEvent: {}
[196.485393] (my_drone_vision) StdoutLine: {'line': b'copying my_drone_vision/aruco_controller_3d.py -> /mnt/g/My Drive/Primary/skl-Course/SP26/EECS 206A - Introduction to Robotics/106a_final_project/drone_simulation/build/my_drone_vision/build/lib/my_drone_vision\n'}
[196.542007] (-) TimerEvent: {}
[196.643776] (-) TimerEvent: {}
[196.688097] (my_drone_vision) StdoutLine: {'line': b'copying my_drone_vision/aruco_detector_3d.py -> /mnt/g/My Drive/Primary/skl-Course/SP26/EECS 206A - Introduction to Robotics/106a_final_project/drone_simulation/build/my_drone_vision/build/lib/my_drone_vision\n'}
[196.743986] (-) TimerEvent: {}
[196.845463] (-) TimerEvent: {}
[196.909382] (my_drone_vision) StdoutLine: {'line': b'copying my_drone_vision/tello_direct_io.py -> /mnt/g/My Drive/Primary/skl-Course/SP26/EECS 206A - Introduction to Robotics/106a_final_project/drone_simulation/build/my_drone_vision/build/lib/my_drone_vision\n'}
[196.945663] (-) TimerEvent: {}
[197.047037] (-) TimerEvent: {}
[197.048197] (my_drone_vision) StdoutLine: {'line': b'running install\n'}
[197.051474] (my_drone_vision) StdoutLine: {'line': b'running install_lib\n'}
[197.147276] (-) TimerEvent: {}
[197.218465] (my_drone_vision) StdoutLine: {'line': b'creating /mnt/g/My Drive/Primary/skl-Course/SP26/EECS 206A - Introduction to Robotics/106a_final_project/drone_simulation/install/my_drone_vision/lib/python3.10/site-packages/my_drone_vision\n'}
[197.247471] (-) TimerEvent: {}
[197.296618] (tello_gazebo) StdoutLine: {'line': b'-- Detecting CXX compiler ABI info - done\n'}
[197.347641] (-) TimerEvent: {}
[197.360210] (my_drone_vision) StdoutLine: {'line': b'copying /mnt/g/My Drive/Primary/skl-Course/SP26/EECS 206A - Introduction to Robotics/106a_final_project/drone_simulation/build/my_drone_vision/build/lib/my_drone_vision/__init__.py -> /mnt/g/My Drive/Primary/skl-Course/SP26/EECS 206A - Introduction to Robotics/106a_final_project/drone_simulation/install/my_drone_vision/lib/python3.10/site-packages/my_drone_vision\n'}
[197.447820] (-) TimerEvent: {}
[197.502562] (tello_gazebo) StdoutLine: {'line': b'-- Check for working CXX compiler: /usr/bin/c++ - skipped\n'}
[197.507954] (tello_gazebo) StdoutLine: {'line': b'-- Detecting CXX compile features\n'}
[197.513969] (tello_gazebo) StdoutLine: {'line': b'-- Detecting CXX compile features - done\n'}
[197.548014] (-) TimerEvent: {}
[197.637314] (my_drone_vision) StdoutLine: {'line': b'copying /mnt/g/My Drive/Primary/skl-Course/SP26/EECS 206A - Introduction to Robotics/106a_final_project/drone_simulation/build/my_drone_vision/build/lib/my_drone_vision/aruco_controller.py -> /mnt/g/My Drive/Primary/skl-Course/SP26/EECS 206A - Introduction to Robotics/106a_final_project/drone_simulation/install/my_drone_vision/lib/python3.10/site-packages/my_drone_vision\n'}
[197.648195] (-) TimerEvent: {}
[197.750214] (-) TimerEvent: {}
[197.859180] (-) TimerEvent: {}
[197.960475] (-) TimerEvent: {}
[197.963478] (my_drone_vision) StdoutLine: {'line': b'copying /mnt/g/My Drive/Primary/skl-Course/SP26/EECS 206A - Introduction to Robotics/106a_final_project/drone_simulation/build/my_drone_vision/build/lib/my_drone_vision/aruco_controller_3d.py -> /mnt/g/My Drive/Primary/skl-Course/SP26/EECS 206A - Introduction to Robotics/106a_final_project/drone_simulation/install/my_drone_vision/lib/python3.10/site-packages/my_drone_vision\n'}
[198.060621] (-) TimerEvent: {}
[198.161496] (-) TimerEvent: {}
[198.195926] (my_drone_vision) StdoutLine: {'line': b'copying /mnt/g/My Drive/Primary/skl-Course/SP26/EECS 206A - Introduction to Robotics/106a_final_project/drone_simulation/build/my_drone_vision/build/lib/my_drone_vision/aruco_detector_3d.py -> /mnt/g/My Drive/Primary/skl-Course/SP26/EECS 206A - Introduction to Robotics/106a_final_project/drone_simulation/install/my_drone_vision/lib/python3.10/site-packages/my_drone_vision\n'}
[198.235328] (tello_gazebo) StdoutLine: {'line': b'-- Found ament_cmake: 1.3.14 (/opt/ros/humble/share/ament_cmake/cmake)\n'}
[198.261650] (-) TimerEvent: {}
[198.362643] (-) TimerEvent: {}
[198.402906] (tello_driver) StdoutLine: {'line': b'-- Detecting CXX compiler ABI info - done\n'}
[198.415958] (my_drone_vision) StdoutLine: {'line': b'copying /mnt/g/My Drive/Primary/skl-Course/SP26/EECS 206A - Introduction to Robotics/106a_final_project/drone_simulation/build/my_drone_vision/build/lib/my_drone_vision/tello_direct_io.py -> /mnt/g/My Drive/Primary/skl-Course/SP26/EECS 206A - Introduction to Robotics/106a_final_project/drone_simulation/install/my_drone_vision/lib/python3.10/site-packages/my_drone_vision\n'}
[198.462777] (-) TimerEvent: {}
[198.563735] (-) TimerEvent: {}
[198.595970] (tello_driver) StdoutLine: {'line': b'-- Check for working CXX compiler: /usr/bin/c++ - skipped\n'}
[198.599063] (tello_driver) StdoutLine: {'line': b'-- Detecting CXX compile features\n'}
[198.601781] (tello_driver) StdoutLine: {'line': b'-- Detecting CXX compile features - done\n'}
[198.643543] (my_drone_vision) StdoutLine: {'line': b'byte-compiling /mnt/g/My Drive/Primary/skl-Course/SP26/EECS 206A - Introduction to Robotics/106a_final_project/drone_simulation/install/my_drone_vision/lib/python3.10/site-packages/my_drone_vision/__init__.py to __init__.cpython-310.pyc\n'}
[198.663931] (-) TimerEvent: {}
[198.765111] (-) TimerEvent: {}
[198.866486] (-) TimerEvent: {}
[198.927207] (my_drone_vision) StdoutLine: {'line': b'byte-compiling /mnt/g/My Drive/Primary/skl-Course/SP26/EECS 206A - Introduction to Robotics/106a_final_project/drone_simulation/install/my_drone_vision/lib/python3.10/site-packages/my_drone_vision/aruco_controller.py to aruco_controller.cpython-310.pyc\n'}
[198.966718] (-) TimerEvent: {}
[199.068575] (-) TimerEvent: {}
[199.169845] (-) TimerEvent: {}
[199.175006] (my_drone_vision) StdoutLine: {'line': b'byte-compiling /mnt/g/My Drive/Primary/skl-Course/SP26/EECS 206A - Introduction to Robotics/106a_final_project/drone_simulation/install/my_drone_vision/lib/python3.10/site-packages/my_drone_vision/aruco_controller_3d.py to aruco_controller_3d.cpython-310.pyc\n'}
[199.253498] (tello_driver) StdoutLine: {'line': b'-- Found ament_cmake: 1.3.14 (/opt/ros/humble/share/ament_cmake/cmake)\n'}
[199.270036] (-) TimerEvent: {}
[199.371567] (-) TimerEvent: {}
[199.404893] (my_drone_vision) StdoutLine: {'line': b'byte-compiling /mnt/g/My Drive/Primary/skl-Course/SP26/EECS 206A - Introduction to Robotics/106a_final_project/drone_simulation/install/my_drone_vision/lib/python3.10/site-packages/my_drone_vision/aruco_detector_3d.py to aruco_detector_3d.cpython-310.pyc\n'}
[199.471749] (-) TimerEvent: {}
[199.573156] (-) TimerEvent: {}
[199.674258] (-) TimerEvent: {}
[199.682448] (my_drone_vision) StdoutLine: {'line': b'byte-compiling /mnt/g/My Drive/Primary/skl-Course/SP26/EECS 206A - Introduction to Robotics/106a_final_project/drone_simulation/install/my_drone_vision/lib/python3.10/site-packages/my_drone_vision/tello_direct_io.py to tello_direct_io.cpython-310.pyc\n'}
[199.774397] (-) TimerEvent: {}
[199.875473] (-) TimerEvent: {}
[199.893053] (my_drone_vision) StdoutLine: {'line': b'running install_data\n'}
[199.921728] (my_drone_vision) StdoutLine: {'line': b'creating /mnt/g/My Drive/Primary/skl-Course/SP26/EECS 206A - Introduction to Robotics/106a_final_project/drone_simulation/install/my_drone_vision/share/ament_index\n'}
[199.940348] (my_drone_vision) StdoutLine: {'line': b'creating /mnt/g/My Drive/Primary/skl-Course/SP26/EECS 206A - Introduction to Robotics/106a_final_project/drone_simulation/install/my_drone_vision/share/ament_index/resource_index\n'}
[199.964262] (my_drone_vision) StdoutLine: {'line': b'creating /mnt/g/My Drive/Primary/skl-Course/SP26/EECS 206A - Introduction to Robotics/106a_final_project/drone_simulation/install/my_drone_vision/share/ament_index/resource_index/packages\n'}
[199.975669] (-) TimerEvent: {}
[200.031141] (my_drone_vision) StdoutLine: {'line': b'copying resource/my_drone_vision -> /mnt/g/My Drive/Primary/skl-Course/SP26/EECS 206A - Introduction to Robotics/106a_final_project/drone_simulation/install/my_drone_vision/share/ament_index/resource_index/packages\n'}
[200.075826] (-) TimerEvent: {}
[200.173726] (my_drone_vision) StdoutLine: {'line': b'copying package.xml -> /mnt/g/My Drive/Primary/skl-Course/SP26/EECS 206A - Introduction to Robotics/106a_final_project/drone_simulation/install/my_drone_vision/share/my_drone_vision\n'}
[200.176135] (-) TimerEvent: {}
[200.276987] (-) TimerEvent: {}
[200.314633] (my_drone_vision) StdoutLine: {'line': b'creating /mnt/g/My Drive/Primary/skl-Course/SP26/EECS 206A - Introduction to Robotics/106a_final_project/drone_simulation/install/my_drone_vision/share/my_drone_vision/models\n'}
[200.337521] (my_drone_vision) StdoutLine: {'line': b'creating /mnt/g/My Drive/Primary/skl-Course/SP26/EECS 206A - Introduction to Robotics/106a_final_project/drone_simulation/install/my_drone_vision/share/my_drone_vision/models/aruco_marker\n'}
[200.363604] (my_drone_vision) StdoutLine: {'line': b'creating /mnt/g/My Drive/Primary/skl-Course/SP26/EECS 206A - Introduction to Robotics/106a_final_project/drone_simulation/install/my_drone_vision/share/my_drone_vision/models/aruco_marker/materials\n'}
[200.377042] (-) TimerEvent: {}
[200.389876] (my_drone_vision) StdoutLine: {'line': b'creating /mnt/g/My Drive/Primary/skl-Course/SP26/EECS 206A - Introduction to Robotics/106a_final_project/drone_simulation/install/my_drone_vision/share/my_drone_vision/models/aruco_marker/materials/textures\n'}
[200.477279] (-) TimerEvent: {}
[200.481067] (my_drone_vision) StdoutLine: {'line': b'copying models/aruco_marker/materials/textures/marker0.png -> /mnt/g/My Drive/Primary/skl-Course/SP26/EECS 206A - Introduction to Robotics/106a_final_project/drone_simulation/install/my_drone_vision/share/my_drone_vision/models/aruco_marker/materials/textures\n'}
[200.577480] (-) TimerEvent: {}
[200.664728] (my_drone_vision) StdoutLine: {'line': b'creating /mnt/g/My Drive/Primary/skl-Course/SP26/EECS 206A - Introduction to Robotics/106a_final_project/drone_simulation/install/my_drone_vision/share/my_drone_vision/launch\n'}
[200.677699] (-) TimerEvent: {}
[200.721215] (my_drone_vision) StdoutLine: {'line': b'copying launch/vision_control.launch.py -> /mnt/g/My Drive/Primary/skl-Course/SP26/EECS 206A - Introduction to Robotics/106a_final_project/drone_simulation/install/my_drone_vision/share/my_drone_vision/launch\n'}
[200.777869] (-) TimerEvent: {}
[200.875853] (my_drone_vision) StdoutLine: {'line': b'copying launch/real_follow.launch.py -> /mnt/g/My Drive/Primary/skl-Course/SP26/EECS 206A - Introduction to Robotics/106a_final_project/drone_simulation/install/my_drone_vision/share/my_drone_vision/launch\n'}
[200.878164] (-) TimerEvent: {}
[200.979030] (-) TimerEvent: {}
[201.018078] (my_drone_vision) StdoutLine: {'line': b'copying launch/vision_control_3d.launch.py -> /mnt/g/My Drive/Primary/skl-Course/SP26/EECS 206A - Introduction to Robotics/106a_final_project/drone_simulation/install/my_drone_vision/share/my_drone_vision/launch\n'}
[201.079158] (-) TimerEvent: {}
[201.122646] (my_drone_vision) StdoutLine: {'line': b'running install_egg_info\n'}
[201.179399] (-) TimerEvent: {}
[201.193192] (my_drone_vision) StdoutLine: {'line': b'Copying ../../build/my_drone_vision/my_drone_vision.egg-info to /mnt/g/My Drive/Primary/skl-Course/SP26/EECS 206A - Introduction to Robotics/106a_final_project/drone_simulation/install/my_drone_vision/lib/python3.10/site-packages/my_drone_vision-0.0.0-py3.10.egg-info\n'}
[201.279535] (-) TimerEvent: {}
[201.380665] (-) TimerEvent: {}
[201.482192] (-) TimerEvent: {}
[201.583104] (-) TimerEvent: {}
[201.684932] (-) TimerEvent: {}
[201.785876] (-) TimerEvent: {}
[201.887439] (-) TimerEvent: {}
[201.988700] (-) TimerEvent: {}
[202.070604] (tello_gazebo) StdoutLine: {'line': b'-- Found Python3: /usr/bin/python3 (found version "3.10.12") found components: Interpreter \n'}
[202.088965] (-) TimerEvent: {}
[202.190149] (-) TimerEvent: {}
[202.291646] (-) TimerEvent: {}
[202.392588] (-) TimerEvent: {}
[202.493668] (-) TimerEvent: {}
[202.594569] (-) TimerEvent: {}
[202.621776] (my_drone_vision) StdoutLine: {'line': b'running install_scripts\n'}
[202.694731] (-) TimerEvent: {}
[202.796034] (-) TimerEvent: {}
[202.898928] (-) TimerEvent: {}
[202.963001] (my_drone_vision) StdoutLine: {'line': b'Installing aruco_controller script to /mnt/g/My Drive/Primary/skl-Course/SP26/EECS 206A - Introduction to Robotics/106a_final_project/drone_simulation/install/my_drone_vision/lib/my_drone_vision\n'}
[202.984127] (tello_driver) StdoutLine: {'line': b'-- Found Python3: /usr/bin/python3 (found version "3.10.12") found components: Interpreter \n'}
[202.999099] (-) TimerEvent: {}
[203.037710] (my_drone_vision) StdoutLine: {'line': b'Installing aruco_controller_3d script to /mnt/g/My Drive/Primary/skl-Course/SP26/EECS 206A - Introduction to Robotics/106a_final_project/drone_simulation/install/my_drone_vision/lib/my_drone_vision\n'}
[203.099311] (-) TimerEvent: {}
[203.120114] (my_drone_vision) StdoutLine: {'line': b'Installing aruco_detector_3d script to /mnt/g/My Drive/Primary/skl-Course/SP26/EECS 206A - Introduction to Robotics/106a_final_project/drone_simulation/install/my_drone_vision/lib/my_drone_vision\n'}
[203.198502] (my_drone_vision) StdoutLine: {'line': b'Installing tello_direct_io script to /mnt/g/My Drive/Primary/skl-Course/SP26/EECS 206A - Introduction to Robotics/106a_final_project/drone_simulation/install/my_drone_vision/lib/my_drone_vision\n'}
[203.201864] (-) TimerEvent: {}
[203.280420] (my_drone_vision) StdoutLine: {'line': b"writing list of installed files to '/mnt/g/My Drive/Primary/skl-Course/SP26/EECS 206A - Introduction to Robotics/106a_final_project/drone_simulation/build/my_drone_vision/install.log'\n"}
[203.302130] (-) TimerEvent: {}
[203.338960] (my_drone_vision) CommandEnded: {'returncode': 0}
[203.402282] (-) TimerEvent: {}
[203.509862] (-) TimerEvent: {}
[203.611158] (-) TimerEvent: {}
[203.712176] (-) TimerEvent: {}
[203.814862] (-) TimerEvent: {}
[203.915950] (-) TimerEvent: {}
[204.017059] (-) TimerEvent: {}
[204.118319] (-) TimerEvent: {}
[204.219172] (-) TimerEvent: {}
[204.320590] (-) TimerEvent: {}
[204.421601] (-) TimerEvent: {}
[204.523013] (-) TimerEvent: {}
[204.625588] (-) TimerEvent: {}
[204.728924] (-) TimerEvent: {}
[204.792295] (my_drone_vision) JobEnded: {'identifier': 'my_drone_vision', 'rc': 0}
[204.831973] (-) TimerEvent: {}
[204.933050] (-) TimerEvent: {}
[205.034110] (-) TimerEvent: {}
[205.135349] (-) TimerEvent: {}
[205.236427] (-) TimerEvent: {}
[205.337730] (-) TimerEvent: {}
[205.438890] (-) TimerEvent: {}
[205.539887] (-) TimerEvent: {}
[205.641067] (-) TimerEvent: {}
[205.742240] (-) TimerEvent: {}
[205.843228] (-) TimerEvent: {}
[205.944598] (-) TimerEvent: {}
[206.045635] (-) TimerEvent: {}
[206.146798] (-) TimerEvent: {}
[206.247887] (-) TimerEvent: {}
[206.349222] (-) TimerEvent: {}
[206.450117] (-) TimerEvent: {}
[206.550964] (-) TimerEvent: {}
[206.652029] (-) TimerEvent: {}
[206.753227] (-) TimerEvent: {}
[206.854615] (-) TimerEvent: {}
[206.955799] (-) TimerEvent: {}
[207.056854] (-) TimerEvent: {}
[207.158092] (-) TimerEvent: {}
[207.241299] (tello_gazebo) StderrLine: {'line': b'\x1b[31mCMake Error at CMakeLists.txt:27 (find_package):\n'}
[207.250069] (tello_gazebo) StderrLine: {'line': b'  By not providing "Findgazebo.cmake" in CMAKE_MODULE_PATH this project has\n'}
[207.252003] (tello_gazebo) StderrLine: {'line': b'  asked CMake to find a package configuration file provided by "gazebo", but\n'}
[207.253910] (tello_gazebo) StderrLine: {'line': b'  CMake did not find one.\n'}
[207.255741] (tello_gazebo) StderrLine: {'line': b'\n'}
[207.257608] (tello_gazebo) StderrLine: {'line': b'  Could not find a package configuration file provided by "gazebo" with any\n'}
[207.268083] (-) TimerEvent: {}
[207.268932] (tello_gazebo) StderrLine: {'line': b'  of the following names:\n'}
[207.271552] (tello_gazebo) StderrLine: {'line': b'\n'}
[207.273740] (tello_gazebo) StderrLine: {'line': b'    gazeboConfig.cmake\n'}
[207.276075] (tello_gazebo) StderrLine: {'line': b'    gazebo-config.cmake\n'}
[207.280485] (tello_gazebo) StderrLine: {'line': b'\n'}
[207.283016] (tello_gazebo) StderrLine: {'line': b'  Add the installation prefix of "gazebo" to CMAKE_PREFIX_PATH or set\n'}
[207.285074] (tello_gazebo) StderrLine: {'line': b'  "gazebo_DIR" to a directory containing one of the above files.  If "gazebo"\n'}
[207.287210] (tello_gazebo) StderrLine: {'line': b'  provides a separate development package or SDK, be sure it has been\n'}
[207.294470] (tello_gazebo) StderrLine: {'line': b'  installed.\n'}
[207.296955] (tello_gazebo) StderrLine: {'line': b'\n'}
[207.299520] (tello_gazebo) StderrLine: {'line': b'\x1b[0m\n'}
[207.301482] (tello_gazebo) StdoutLine: {'line': b'-- Configuring incomplete, errors occurred!\n'}
[207.303373] (tello_gazebo) StdoutLine: {'line': b'See also "/mnt/g/My Drive/Primary/skl-Course/SP26/EECS 206A - Introduction to Robotics/106a_final_project/drone_simulation/build/tello_gazebo/CMakeFiles/CMakeOutput.log".\n'}
[207.334198] (tello_gazebo) CommandEnded: {'returncode': 1}
[207.368280] (-) TimerEvent: {}
[207.469173] (-) TimerEvent: {}
[207.570554] (-) TimerEvent: {}
[207.671808] (-) TimerEvent: {}
[207.773212] (-) TimerEvent: {}
[207.850164] (tello_gazebo) JobEnded: {'identifier': 'tello_gazebo', 'rc': 1}
[207.908126] (-) TimerEvent: {}
[208.009054] (-) TimerEvent: {}
[208.109957] (-) TimerEvent: {}
[208.210786] (-) TimerEvent: {}
[208.311733] (-) TimerEvent: {}
[208.412706] (-) TimerEvent: {}
[208.513883] (-) TimerEvent: {}
[208.615090] (-) TimerEvent: {}
[208.716263] (-) TimerEvent: {}
[208.817278] (-) TimerEvent: {}
[208.918258] (-) TimerEvent: {}
[209.019280] (-) TimerEvent: {}
[209.120309] (-) TimerEvent: {}
[209.221316] (-) TimerEvent: {}
[209.322193] (-) TimerEvent: {}
[209.423229] (-) TimerEvent: {}
[209.524835] (-) TimerEvent: {}
[209.625861] (-) TimerEvent: {}
[209.726929] (-) TimerEvent: {}
[209.828058] (-) TimerEvent: {}
[209.929373] (-) TimerEvent: {}
[210.030717] (-) TimerEvent: {}
[210.131904] (-) TimerEvent: {}
[210.233086] (-) TimerEvent: {}
[210.334282] (-) TimerEvent: {}
[210.435930] (-) TimerEvent: {}
[210.536979] (-) TimerEvent: {}
[210.637998] (-) TimerEvent: {}
[210.739284] (-) TimerEvent: {}
[210.840691] (-) TimerEvent: {}
[210.905511] (tello_driver) StderrLine: {'line': b'\x1b[31mCMake Error at CMakeLists.txt:33 (find_package):\n'}
[210.912224] (tello_driver) StderrLine: {'line': b'  By not providing "Findcamera_calibration_parsers.cmake" in\n'}
[210.914645] (tello_driver) StderrLine: {'line': b'  CMAKE_MODULE_PATH this project has asked CMake to find a package\n'}
[210.916430] (tello_driver) StderrLine: {'line': b'  configuration file provided by "camera_calibration_parsers", but CMake did\n'}
[210.918065] (tello_driver) StderrLine: {'line': b'  not find one.\n'}
[210.919919] (tello_driver) StderrLine: {'line': b'\n'}
[210.960652] (-) TimerEvent: {}
[210.961415] (tello_driver) StderrLine: {'line': b'  Could not find a package configuration file provided by\n'}
[210.963808] (tello_driver) StderrLine: {'line': b'  "camera_calibration_parsers" with any of the following names:\n'}
[210.965385] (tello_driver) StderrLine: {'line': b'\n'}
[210.967887] (tello_driver) StderrLine: {'line': b'    camera_calibration_parsersConfig.cmake\n'}
[210.971389] (tello_driver) StderrLine: {'line': b'    camera_calibration_parsers-config.cmake\n'}
[210.975352] (tello_driver) StderrLine: {'line': b'\n'}
[210.977274] (tello_driver) StderrLine: {'line': b'  Add the installation prefix of "camera_calibration_parsers" to\n'}
[210.982607] (tello_driver) StderrLine: {'line': b'  CMAKE_PREFIX_PATH or set "camera_calibration_parsers_DIR" to a directory\n'}
[210.985181] (tello_driver) StderrLine: {'line': b'  containing one of the above files.  If "camera_calibration_parsers"\n'}
[210.987516] (tello_driver) StderrLine: {'line': b'  provides a separate development package or SDK, be sure it has been\n'}
[210.989748] (tello_driver) StderrLine: {'line': b'  installed.\n'}
[210.991806] (tello_driver) StderrLine: {'line': b'\n'}
[210.993989] (tello_driver) StderrLine: {'line': b'\x1b[0m\n'}
[211.003058] (tello_driver) StdoutLine: {'line': b'-- Configuring incomplete, errors occurred!\n'}
[211.006066] (tello_driver) StdoutLine: {'line': b'See also "/mnt/g/My Drive/Primary/skl-Course/SP26/EECS 206A - Introduction to Robotics/106a_final_project/drone_simulation/build/tello_driver/CMakeFiles/CMakeOutput.log".\n'}
[211.021964] (tello_driver) JobEnded: {'identifier': 'tello_driver', 'rc': 'SIGINT'}
[211.065444] (-) TimerEvent: {}
[211.066175] (-) EventReactorShutdown: {}
