[0.000000] (-) TimerEvent: {}
[0.004790] (ros2_shared) JobQueued: {'identifier': 'ros2_shared', 'dependencies': OrderedDict()}
[0.005465] (tello_description) JobQueued: {'identifier': 'tello_description', 'dependencies': OrderedDict()}
[0.006858] (tello_msgs) JobQueued: {'identifier': 'tello_msgs', 'dependencies': OrderedDict()}
[0.007308] (my_drone_vision) JobQueued: {'identifier': 'my_drone_vision', 'dependencies': OrderedDict([('tello_msgs', '/mnt/g/My Drive/Primary/skl-Course/SP26/EECS 206A - Introduction to Robotics/106a_final_project/drone_simulation/install/tello_msgs')])}
[0.008515] (tello_driver) JobQueued: {'identifier': 'tello_driver', 'dependencies': OrderedDict([('ros2_shared', '/mnt/g/My Drive/Primary/skl-Course/SP26/EECS 206A - Introduction to Robotics/106a_final_project/drone_simulation/install/ros2_shared'), ('tello_msgs', '/mnt/g/My Drive/Primary/skl-Course/SP26/EECS 206A - Introduction to Robotics/106a_final_project/drone_simulation/install/tello_msgs')])}
[0.009549] (tello_gazebo) JobQueued: {'identifier': 'tello_gazebo', 'dependencies': OrderedDict([('tello_msgs', '/mnt/g/My Drive/Primary/skl-Course/SP26/EECS 206A - Introduction to Robotics/106a_final_project/drone_simulation/install/tello_msgs')])}
[0.010892] (tello_msgs) JobStarted: {'identifier': 'tello_msgs'}
[0.061038] (ros2_shared) JobStarted: {'identifier': 'ros2_shared'}
[0.084628] (-) TimerEvent: {}
[0.114020] (tello_description) JobStarted: {'identifier': 'tello_description'}
[0.184770] (-) TimerEvent: {}
[0.196245] (tello_msgs) JobProgress: {'identifier': 'tello_msgs', 'progress': 'cmake'}
[0.284915] (-) TimerEvent: {}
[0.330662] (tello_msgs) JobProgress: {'identifier': 'tello_msgs', 'progress': 'build'}
[0.351206] (tello_msgs) Command: {'cmd': ['/usr/bin/cmake', '--build', '/mnt/g/My Drive/Primary/skl-Course/SP26/EECS 206A - Introduction to Robotics/106a_final_project/drone_simulation/build/tello_msgs', '--', '-j16', '-l16'], 'cwd': '/mnt/g/My Drive/Primary/skl-Course/SP26/EECS 206A - Introduction to Robotics/106a_final_project/drone_simulation/build/tello_msgs', 'env': OrderedDict([('LESSOPEN', '| /usr/bin/lesspipe %s'), ('USER', 'happygaj'), ('SHLVL', '1'), ('MOTD_SHOWN', 'update-motd'), ('HOME', '/home/happygaj'), ('OLDPWD', '/home/happygaj'), ('DBUS_SESSION_BUS_ADDRESS', 'unix:path=/run/user/1000/bus'), ('WSL_DISTRO_NAME', 'Ubuntu-22.04'), ('WAYLAND_DISPLAY', 'wayland-0'), ('LOGNAME', 'happygaj'), ('NAME', 'skl'), ('WSL_INTEROP', '/run/WSL/21038_interop'), ('PULSE_SERVER', 'unix:/mnt/wslg/PulseServer'), ('_', '/usr/bin/colcon'), ('TERM', 'xterm-256color'), ('PATH', '/usr/local/sbin:/usr/local/bin:/usr/sbin:/usr/bin:/sbin:/bin:/usr/games:/usr/local/games:/usr/lib/wsl/lib:/mnt/c/Program Files/WindowsApps/MicrosoftCorporationII.WindowsSubsystemForLinux_2.6.3.0_x64__8wekyb3d8bbwe:/mnt/c/WINDOWS/system32:/mnt/c/WINDOWS:/mnt/c/WINDOWS/System32/Wbem:/mnt/c/WINDOWS/System32/WindowsPowerShell/v1.0/:/mnt/c/WINDOWS/System32/OpenSSH/:/mnt/c/Program Files/MATLAB/R2025a/bin:/mnt/c/Program Files (x86)/Windows Kits/10/Windows Performance Toolkit/:/mnt/c/Program Files/dotnet/:/mnt/c/Program Files (x86)/Windows Kits/8.1/Windows Performance Toolkit/:/mnt/c/Program Files/Git/cmd:/mnt/c/Program Files/cursor/resources/app/bin:/mnt/c/Program Files/Tailscale/:/Docker/host/bin:/mnt/c/Users/happy/AppData/Local/Microsoft/WindowsApps:/mnt/c/Users/happy/AppData/Local/Programs/Microsoft VS Code/bin:/mnt/c/Users/happy/AppData/Local/Programs/cursor/resources/app/bin:/mnt/c/Users/happy/.local/bin:/snap/bin'), ('XDG_RUNTIME_DIR', '/run/user/1000/'), ('DISPLAY', ':0'), ('LANG', 'C.UTF-8'), ('LS_COLORS', 'rs=0:di=01;34:ln=01;36:mh=00:pi=40;33:so=01;35:do=01;35:bd=40;33;01:cd=40;33;01:or=40;31;01:mi=00:su=37;41:sg=30;43:ca=30;41:tw=30;42:ow=34;42:st=37;44:ex=01;32:*.tar=01;31:*.tgz=01;31:*.arc=01;31:*.arj=01;31:*.taz=01;31:*.lha=01;31:*.lz4=01;31:*.lzh=01;31:*.lzma=01;31:*.tlz=01;31:*.txz=01;31:*.tzo=01;31:*.t7z=01;31:*.zip=01;31:*.z=01;31:*.dz=01;31:*.gz=01;31:*.lrz=01;31:*.lz=01;31:*.lzo=01;31:*.xz=01;31:*.zst=01;31:*.tzst=01;31:*.bz2=01;31:*.bz=01;31:*.tbz=01;31:*.tbz2=01;31:*.tz=01;31:*.deb=01;31:*.rpm=01;31:*.jar=01;31:*.war=01;31:*.ear=01;31:*.sar=01;31:*.rar=01;31:*.alz=01;31:*.ace=01;31:*.zoo=01;31:*.cpio=01;31:*.7z=01;31:*.rz=01;31:*.cab=01;31:*.wim=01;31:*.swm=01;31:*.dwm=01;31:*.esd=01;31:*.jpg=01;35:*.jpeg=01;35:*.mjpg=01;35:*.mjpeg=01;35:*.gif=01;35:*.bmp=01;35:*.pbm=01;35:*.pgm=01;35:*.ppm=01;35:*.tga=01;35:*.xbm=01;35:*.xpm=01;35:*.tif=01;35:*.tiff=01;35:*.png=01;35:*.svg=01;35:*.svgz=01;35:*.mng=01;35:*.pcx=01;35:*.mov=01;35:*.mpg=01;35:*.mpeg=01;35:*.m2v=01;35:*.mkv=01;35:*.webm=01;35:*.webp=01;35:*.ogm=01;35:*.mp4=01;35:*.m4v=01;35:*.mp4v=01;35:*.vob=01;35:*.qt=01;35:*.nuv=01;35:*.wmv=01;35:*.asf=01;35:*.rm=01;35:*.rmvb=01;35:*.flc=01;35:*.avi=01;35:*.fli=01;35:*.flv=01;35:*.gl=01;35:*.dl=01;35:*.xcf=01;35:*.xwd=01;35:*.yuv=01;35:*.cgm=01;35:*.emf=01;35:*.ogv=01;35:*.ogx=01;35:*.aac=00;36:*.au=00;36:*.flac=00;36:*.m4a=00;36:*.mid=00;36:*.midi=00;36:*.mka=00;36:*.mp3=00;36:*.mpc=00;36:*.ogg=00;36:*.ra=00;36:*.wav=00;36:*.oga=00;36:*.opus=00;36:*.spx=00;36:*.xspf=00;36:'), ('SHELL', '/bin/bash'), ('LESSCLOSE', '/usr/bin/lesspipe %s %s'), ('PWD', '/mnt/g/My Drive/Primary/skl-Course/SP26/EECS 206A - Introduction to Robotics/106a_final_project/drone_simulation/build/tello_msgs'), ('XDG_DATA_DIRS', '/usr/local/share:/usr/share:/var/lib/snapd/desktop'), ('COLCON', '1'), ('WSL2_GUI_APPS_ENABLED', '1'), ('HOSTTYPE', 'x86_64'), ('WSLENV', '')]), 'shell': False}
[0.471949] (-) TimerEvent: {}
[0.473042] (ros2_shared) JobProgress: {'identifier': 'ros2_shared', 'progress': 'cmake'}
[0.539053] (ros2_shared) JobProgress: {'identifier': 'ros2_shared', 'progress': 'build'}
[0.556764] (ros2_shared) Command: {'cmd': ['/usr/bin/cmake', '--build', '/mnt/g/My Drive/Primary/skl-Course/SP26/EECS 206A - Introduction to Robotics/106a_final_project/drone_simulation/build/ros2_shared', '--', '-j16', '-l16'], 'cwd': '/mnt/g/My Drive/Primary/skl-Course/SP26/EECS 206A - Introduction to Robotics/106a_final_project/drone_simulation/build/ros2_shared', 'env': OrderedDict([('LESSOPEN', '| /usr/bin/lesspipe %s'), ('USER', 'happygaj'), ('SHLVL', '1'), ('MOTD_SHOWN', 'update-motd'), ('HOME', '/home/happygaj'), ('OLDPWD', '/home/happygaj'), ('DBUS_SESSION_BUS_ADDRESS', 'unix:path=/run/user/1000/bus'), ('WSL_DISTRO_NAME', 'Ubuntu-22.04'), ('WAYLAND_DISPLAY', 'wayland-0'), ('LOGNAME', 'happygaj'), ('NAME', 'skl'), ('WSL_INTEROP', '/run/WSL/21038_interop'), ('PULSE_SERVER', 'unix:/mnt/wslg/PulseServer'), ('_', '/usr/bin/colcon'), ('TERM', 'xterm-256color'), ('PATH', '/usr/local/sbin:/usr/local/bin:/usr/sbin:/usr/bin:/sbin:/bin:/usr/games:/usr/local/games:/usr/lib/wsl/lib:/mnt/c/Program Files/WindowsApps/MicrosoftCorporationII.WindowsSubsystemForLinux_2.6.3.0_x64__8wekyb3d8bbwe:/mnt/c/WINDOWS/system32:/mnt/c/WINDOWS:/mnt/c/WINDOWS/System32/Wbem:/mnt/c/WINDOWS/System32/WindowsPowerShell/v1.0/:/mnt/c/WINDOWS/System32/OpenSSH/:/mnt/c/Program Files/MATLAB/R2025a/bin:/mnt/c/Program Files (x86)/Windows Kits/10/Windows Performance Toolkit/:/mnt/c/Program Files/dotnet/:/mnt/c/Program Files (x86)/Windows Kits/8.1/Windows Performance Toolkit/:/mnt/c/Program Files/Git/cmd:/mnt/c/Program Files/cursor/resources/app/bin:/mnt/c/Program Files/Tailscale/:/Docker/host/bin:/mnt/c/Users/happy/AppData/Local/Microsoft/WindowsApps:/mnt/c/Users/happy/AppData/Local/Programs/Microsoft VS Code/bin:/mnt/c/Users/happy/AppData/Local/Programs/cursor/resources/app/bin:/mnt/c/Users/happy/.local/bin:/snap/bin'), ('XDG_RUNTIME_DIR', '/run/user/1000/'), ('DISPLAY', ':0'), ('LANG', 'C.UTF-8'), ('LS_COLORS', 'rs=0:di=01;34:ln=01;36:mh=00:pi=40;33:so=01;35:do=01;35:bd=40;33;01:cd=40;33;01:or=40;31;01:mi=00:su=37;41:sg=30;43:ca=30;41:tw=30;42:ow=34;42:st=37;44:ex=01;32:*.tar=01;31:*.tgz=01;31:*.arc=01;31:*.arj=01;31:*.taz=01;31:*.lha=01;31:*.lz4=01;31:*.lzh=01;31:*.lzma=01;31:*.tlz=01;31:*.txz=01;31:*.tzo=01;31:*.t7z=01;31:*.zip=01;31:*.z=01;31:*.dz=01;31:*.gz=01;31:*.lrz=01;31:*.lz=01;31:*.lzo=01;31:*.xz=01;31:*.zst=01;31:*.tzst=01;31:*.bz2=01;31:*.bz=01;31:*.tbz=01;31:*.tbz2=01;31:*.tz=01;31:*.deb=01;31:*.rpm=01;31:*.jar=01;31:*.war=01;31:*.ear=01;31:*.sar=01;31:*.rar=01;31:*.alz=01;31:*.ace=01;31:*.zoo=01;31:*.cpio=01;31:*.7z=01;31:*.rz=01;31:*.cab=01;31:*.wim=01;31:*.swm=01;31:*.dwm=01;31:*.esd=01;31:*.jpg=01;35:*.jpeg=01;35:*.mjpg=01;35:*.mjpeg=01;35:*.gif=01;35:*.bmp=01;35:*.pbm=01;35:*.pgm=01;35:*.ppm=01;35:*.tga=01;35:*.xbm=01;35:*.xpm=01;35:*.tif=01;35:*.tiff=01;35:*.png=01;35:*.svg=01;35:*.svgz=01;35:*.mng=01;35:*.pcx=01;35:*.mov=01;35:*.mpg=01;35:*.mpeg=01;35:*.m2v=01;35:*.mkv=01;35:*.webm=01;35:*.webp=01;35:*.ogm=01;35:*.mp4=01;35:*.m4v=01;35:*.mp4v=01;35:*.vob=01;35:*.qt=01;35:*.nuv=01;35:*.wmv=01;35:*.asf=01;35:*.rm=01;35:*.rmvb=01;35:*.flc=01;35:*.avi=01;35:*.fli=01;35:*.flv=01;35:*.gl=01;35:*.dl=01;35:*.xcf=01;35:*.xwd=01;35:*.yuv=01;35:*.cgm=01;35:*.emf=01;35:*.ogv=01;35:*.ogx=01;35:*.aac=00;36:*.au=00;36:*.flac=00;36:*.m4a=00;36:*.mid=00;36:*.midi=00;36:*.mka=00;36:*.mp3=00;36:*.mpc=00;36:*.ogg=00;36:*.ra=00;36:*.wav=00;36:*.oga=00;36:*.opus=00;36:*.spx=00;36:*.xspf=00;36:'), ('SHELL', '/bin/bash'), ('LESSCLOSE', '/usr/bin/lesspipe %s %s'), ('PWD', '/mnt/g/My Drive/Primary/skl-Course/SP26/EECS 206A - Introduction to Robotics/106a_final_project/drone_simulation/build/ros2_shared'), ('XDG_DATA_DIRS', '/usr/local/share:/usr/share:/var/lib/snapd/desktop'), ('COLCON', '1'), ('WSL2_GUI_APPS_ENABLED', '1'), ('HOSTTYPE', 'x86_64'), ('WSLENV', '')]), 'shell': False}
[0.702768] (-) TimerEvent: {}
[0.703338] (tello_description) JobProgress: {'identifier': 'tello_description', 'progress': 'cmake'}
[0.755651] (tello_description) JobProgress: {'identifier': 'tello_description', 'progress': 'build'}
[0.779548] (tello_description) Command: {'cmd': ['/usr/bin/cmake', '--build', '/mnt/g/My Drive/Primary/skl-Course/SP26/EECS 206A - Introduction to Robotics/106a_final_project/drone_simulation/build/tello_description', '--', '-j16', '-l16'], 'cwd': '/mnt/g/My Drive/Primary/skl-Course/SP26/EECS 206A - Introduction to Robotics/106a_final_project/drone_simulation/build/tello_description', 'env': OrderedDict([('LESSOPEN', '| /usr/bin/lesspipe %s'), ('USER', 'happygaj'), ('SHLVL', '1'), ('MOTD_SHOWN', 'update-motd'), ('HOME', '/home/happygaj'), ('OLDPWD', '/home/happygaj'), ('DBUS_SESSION_BUS_ADDRESS', 'unix:path=/run/user/1000/bus'), ('WSL_DISTRO_NAME', 'Ubuntu-22.04'), ('WAYLAND_DISPLAY', 'wayland-0'), ('LOGNAME', 'happygaj'), ('NAME', 'skl'), ('WSL_INTEROP', '/run/WSL/21038_interop'), ('PULSE_SERVER', 'unix:/mnt/wslg/PulseServer'), ('_', '/usr/bin/colcon'), ('TERM', 'xterm-256color'), ('PATH', '/usr/local/sbin:/usr/local/bin:/usr/sbin:/usr/bin:/sbin:/bin:/usr/games:/usr/local/games:/usr/lib/wsl/lib:/mnt/c/Program Files/WindowsApps/MicrosoftCorporationII.WindowsSubsystemForLinux_2.6.3.0_x64__8wekyb3d8bbwe:/mnt/c/WINDOWS/system32:/mnt/c/WINDOWS:/mnt/c/WINDOWS/System32/Wbem:/mnt/c/WINDOWS/System32/WindowsPowerShell/v1.0/:/mnt/c/WINDOWS/System32/OpenSSH/:/mnt/c/Program Files/MATLAB/R2025a/bin:/mnt/c/Program Files (x86)/Windows Kits/10/Windows Performance Toolkit/:/mnt/c/Program Files/dotnet/:/mnt/c/Program Files (x86)/Windows Kits/8.1/Windows Performance Toolkit/:/mnt/c/Program Files/Git/cmd:/mnt/c/Program Files/cursor/resources/app/bin:/mnt/c/Program Files/Tailscale/:/Docker/host/bin:/mnt/c/Users/happy/AppData/Local/Microsoft/WindowsApps:/mnt/c/Users/happy/AppData/Local/Programs/Microsoft VS Code/bin:/mnt/c/Users/happy/AppData/Local/Programs/cursor/resources/app/bin:/mnt/c/Users/happy/.local/bin:/snap/bin'), ('XDG_RUNTIME_DIR', '/run/user/1000/'), ('DISPLAY', ':0'), ('LANG', 'C.UTF-8'), ('LS_COLORS', 'rs=0:di=01;34:ln=01;36:mh=00:pi=40;33:so=01;35:do=01;35:bd=40;33;01:cd=40;33;01:or=40;31;01:mi=00:su=37;41:sg=30;43:ca=30;41:tw=30;42:ow=34;42:st=37;44:ex=01;32:*.tar=01;31:*.tgz=01;31:*.arc=01;31:*.arj=01;31:*.taz=01;31:*.lha=01;31:*.lz4=01;31:*.lzh=01;31:*.lzma=01;31:*.tlz=01;31:*.txz=01;31:*.tzo=01;31:*.t7z=01;31:*.zip=01;31:*.z=01;31:*.dz=01;31:*.gz=01;31:*.lrz=01;31:*.lz=01;31:*.lzo=01;31:*.xz=01;31:*.zst=01;31:*.tzst=01;31:*.bz2=01;31:*.bz=01;31:*.tbz=01;31:*.tbz2=01;31:*.tz=01;31:*.deb=01;31:*.rpm=01;31:*.jar=01;31:*.war=01;31:*.ear=01;31:*.sar=01;31:*.rar=01;31:*.alz=01;31:*.ace=01;31:*.zoo=01;31:*.cpio=01;31:*.7z=01;31:*.rz=01;31:*.cab=01;31:*.wim=01;31:*.swm=01;31:*.dwm=01;31:*.esd=01;31:*.jpg=01;35:*.jpeg=01;35:*.mjpg=01;35:*.mjpeg=01;35:*.gif=01;35:*.bmp=01;35:*.pbm=01;35:*.pgm=01;35:*.ppm=01;35:*.tga=01;35:*.xbm=01;35:*.xpm=01;35:*.tif=01;35:*.tiff=01;35:*.png=01;35:*.svg=01;35:*.svgz=01;35:*.mng=01;35:*.pcx=01;35:*.mov=01;35:*.mpg=01;35:*.mpeg=01;35:*.m2v=01;35:*.mkv=01;35:*.webm=01;35:*.webp=01;35:*.ogm=01;35:*.mp4=01;35:*.m4v=01;35:*.mp4v=01;35:*.vob=01;35:*.qt=01;35:*.nuv=01;35:*.wmv=01;35:*.asf=01;35:*.rm=01;35:*.rmvb=01;35:*.flc=01;35:*.avi=01;35:*.fli=01;35:*.flv=01;35:*.gl=01;35:*.dl=01;35:*.xcf=01;35:*.xwd=01;35:*.yuv=01;35:*.cgm=01;35:*.emf=01;35:*.ogv=01;35:*.ogx=01;35:*.aac=00;36:*.au=00;36:*.flac=00;36:*.m4a=00;36:*.mid=00;36:*.midi=00;36:*.mka=00;36:*.mp3=00;36:*.mpc=00;36:*.ogg=00;36:*.ra=00;36:*.wav=00;36:*.oga=00;36:*.opus=00;36:*.spx=00;36:*.xspf=00;36:'), ('SHELL', '/bin/bash'), ('LESSCLOSE', '/usr/bin/lesspipe %s %s'), ('PWD', '/mnt/g/My Drive/Primary/skl-Course/SP26/EECS 206A - Introduction to Robotics/106a_final_project/drone_simulation/build/tello_description'), ('XDG_DATA_DIRS', '/usr/local/share:/usr/share:/var/lib/snapd/desktop'), ('COLCON', '1'), ('WSL2_GUI_APPS_ENABLED', '1'), ('HOSTTYPE', 'x86_64'), ('WSLENV', '')]), 'shell': False}
[0.953013] (-) TimerEvent: {}
[1.053784] (-) TimerEvent: {}
[1.156187] (-) TimerEvent: {}
[1.257881] (-) TimerEvent: {}
[1.349861] (ros2_shared) CommandEnded: {'returncode': 0}
[1.357970] (-) TimerEvent: {}
[1.459703] (-) TimerEvent: {}
[1.479373] (ros2_shared) JobProgress: {'identifier': 'ros2_shared', 'progress': 'install'}
[1.514884] (ros2_shared) Command: {'cmd': ['/usr/bin/cmake', '--install', '/mnt/g/My Drive/Primary/skl-Course/SP26/EECS 206A - Introduction to Robotics/106a_final_project/drone_simulation/build/ros2_shared'], 'cwd': '/mnt/g/My Drive/Primary/skl-Course/SP26/EECS 206A - Introduction to Robotics/106a_final_project/drone_simulation/build/ros2_shared', 'env': OrderedDict([('LESSOPEN', '| /usr/bin/lesspipe %s'), ('USER', 'happygaj'), ('SHLVL', '1'), ('MOTD_SHOWN', 'update-motd'), ('HOME', '/home/happygaj'), ('OLDPWD', '/home/happygaj'), ('DBUS_SESSION_BUS_ADDRESS', 'unix:path=/run/user/1000/bus'), ('WSL_DISTRO_NAME', 'Ubuntu-22.04'), ('WAYLAND_DISPLAY', 'wayland-0'), ('LOGNAME', 'happygaj'), ('NAME', 'skl'), ('WSL_INTEROP', '/run/WSL/21038_interop'), ('PULSE_SERVER', 'unix:/mnt/wslg/PulseServer'), ('_', '/usr/bin/colcon'), ('TERM', 'xterm-256color'), ('PATH', '/usr/local/sbin:/usr/local/bin:/usr/sbin:/usr/bin:/sbin:/bin:/usr/games:/usr/local/games:/usr/lib/wsl/lib:/mnt/c/Program Files/WindowsApps/MicrosoftCorporationII.WindowsSubsystemForLinux_2.6.3.0_x64__8wekyb3d8bbwe:/mnt/c/WINDOWS/system32:/mnt/c/WINDOWS:/mnt/c/WINDOWS/System32/Wbem:/mnt/c/WINDOWS/System32/WindowsPowerShell/v1.0/:/mnt/c/WINDOWS/System32/OpenSSH/:/mnt/c/Program Files/MATLAB/R2025a/bin:/mnt/c/Program Files (x86)/Windows Kits/10/Windows Performance Toolkit/:/mnt/c/Program Files/dotnet/:/mnt/c/Program Files (x86)/Windows Kits/8.1/Windows Performance Toolkit/:/mnt/c/Program Files/Git/cmd:/mnt/c/Program Files/cursor/resources/app/bin:/mnt/c/Program Files/Tailscale/:/Docker/host/bin:/mnt/c/Users/happy/AppData/Local/Microsoft/WindowsApps:/mnt/c/Users/happy/AppData/Local/Programs/Microsoft VS Code/bin:/mnt/c/Users/happy/AppData/Local/Programs/cursor/resources/app/bin:/mnt/c/Users/happy/.local/bin:/snap/bin'), ('XDG_RUNTIME_DIR', '/run/user/1000/'), ('DISPLAY', ':0'), ('LANG', 'C.UTF-8'), ('LS_COLORS', 'rs=0:di=01;34:ln=01;36:mh=00:pi=40;33:so=01;35:do=01;35:bd=40;33;01:cd=40;33;01:or=40;31;01:mi=00:su=37;41:sg=30;43:ca=30;41:tw=30;42:ow=34;42:st=37;44:ex=01;32:*.tar=01;31:*.tgz=01;31:*.arc=01;31:*.arj=01;31:*.taz=01;31:*.lha=01;31:*.lz4=01;31:*.lzh=01;31:*.lzma=01;31:*.tlz=01;31:*.txz=01;31:*.tzo=01;31:*.t7z=01;31:*.zip=01;31:*.z=01;31:*.dz=01;31:*.gz=01;31:*.lrz=01;31:*.lz=01;31:*.lzo=01;31:*.xz=01;31:*.zst=01;31:*.tzst=01;31:*.bz2=01;31:*.bz=01;31:*.tbz=01;31:*.tbz2=01;31:*.tz=01;31:*.deb=01;31:*.rpm=01;31:*.jar=01;31:*.war=01;31:*.ear=01;31:*.sar=01;31:*.rar=01;31:*.alz=01;31:*.ace=01;31:*.zoo=01;31:*.cpio=01;31:*.7z=01;31:*.rz=01;31:*.cab=01;31:*.wim=01;31:*.swm=01;31:*.dwm=01;31:*.esd=01;31:*.jpg=01;35:*.jpeg=01;35:*.mjpg=01;35:*.mjpeg=01;35:*.gif=01;35:*.bmp=01;35:*.pbm=01;35:*.pgm=01;35:*.ppm=01;35:*.tga=01;35:*.xbm=01;35:*.xpm=01;35:*.tif=01;35:*.tiff=01;35:*.png=01;35:*.svg=01;35:*.svgz=01;35:*.mng=01;35:*.pcx=01;35:*.mov=01;35:*.mpg=01;35:*.mpeg=01;35:*.m2v=01;35:*.mkv=01;35:*.webm=01;35:*.webp=01;35:*.ogm=01;35:*.mp4=01;35:*.m4v=01;35:*.mp4v=01;35:*.vob=01;35:*.qt=01;35:*.nuv=01;35:*.wmv=01;35:*.asf=01;35:*.rm=01;35:*.rmvb=01;35:*.flc=01;35:*.avi=01;35:*.fli=01;35:*.flv=01;35:*.gl=01;35:*.dl=01;35:*.xcf=01;35:*.xwd=01;35:*.yuv=01;35:*.cgm=01;35:*.emf=01;35:*.ogv=01;35:*.ogx=01;35:*.aac=00;36:*.au=00;36:*.flac=00;36:*.m4a=00;36:*.mid=00;36:*.midi=00;36:*.mka=00;36:*.mp3=00;36:*.mpc=00;36:*.ogg=00;36:*.ra=00;36:*.wav=00;36:*.oga=00;36:*.opus=00;36:*.spx=00;36:*.xspf=00;36:'), ('SHELL', '/bin/bash'), ('LESSCLOSE', '/usr/bin/lesspipe %s %s'), ('PWD', '/mnt/g/My Drive/Primary/skl-Course/SP26/EECS 206A - Introduction to Robotics/106a_final_project/drone_simulation/build/ros2_shared'), ('XDG_DATA_DIRS', '/usr/local/share:/usr/share:/var/lib/snapd/desktop'), ('COLCON', '1'), ('WSL2_GUI_APPS_ENABLED', '1'), ('HOSTTYPE', 'x86_64'), ('WSLENV', '')]), 'shell': False}
[1.559887] (-) TimerEvent: {}
[1.594215] (ros2_shared) StdoutLine: {'line': b'-- Install configuration: ""\n'}
[1.660056] (-) TimerEvent: {}
[1.706918] (ros2_shared) StdoutLine: {'line': b'-- Up-to-date: /mnt/g/My Drive/Primary/skl-Course/SP26/EECS 206A - Introduction to Robotics/106a_final_project/drone_simulation/install/ros2_shared/include\n'}
[1.760244] (-) TimerEvent: {}
[1.861595] (-) TimerEvent: {}
[1.963660] (-) TimerEvent: {}
[1.999511] (ros2_shared) StdoutLine: {'line': b'-- Up-to-date: /mnt/g/My Drive/Primary/skl-Course/SP26/EECS 206A - Introduction to Robotics/106a_final_project/drone_simulation/install/ros2_shared/include/ros2_shared\n'}
[2.063858] (-) TimerEvent: {}
[2.167473] (-) TimerEvent: {}
[2.268908] (-) TimerEvent: {}
[2.334294] (tello_description) StdoutLine: {'line': b'[100%] Built target generate_urdf_4\n'}
[2.354625] (tello_description) StdoutLine: {'line': b'[100%] Built target generate_urdf_8\n'}
[2.359855] (tello_description) StdoutLine: {'line': b'[100%] Built target generate_urdf\n'}
[2.364972] (tello_description) StdoutLine: {'line': b'[100%] Built target generate_urdf_2\n'}
[2.369316] (-) TimerEvent: {}
[2.370749] (tello_description) StdoutLine: {'line': b'[100%] Built target generate_urdf_3\n'}
[2.374602] (tello_description) StdoutLine: {'line': b'[100%] Built target generate_urdf_7\n'}
[2.379428] (tello_description) StdoutLine: {'line': b'[100%] Built target generate_urdf_5\n'}
[2.383297] (tello_description) StdoutLine: {'line': b'[100%] Built target generate_urdf_1\n'}
[2.388178] (tello_description) StdoutLine: {'line': b'[100%] Built target generate_urdf_6\n'}
[2.394856] (ros2_shared) StdoutLine: {'line': b'-- Up-to-date: /mnt/g/My Drive/Primary/skl-Course/SP26/EECS 206A - Introduction to Robotics/106a_final_project/drone_simulation/install/ros2_shared/include/ros2_shared/context_macros.hpp\n'}
[2.469618] (-) TimerEvent: {}
[2.570924] (-) TimerEvent: {}
[2.647827] (ros2_shared) StdoutLine: {'line': b'-- Up-to-date: /mnt/g/My Drive/Primary/skl-Course/SP26/EECS 206A - Introduction to Robotics/106a_final_project/drone_simulation/install/ros2_shared/include/ros2_shared/param_macros.hpp\n'}
[2.671109] (-) TimerEvent: {}
[2.772915] (-) TimerEvent: {}
[2.875772] (-) TimerEvent: {}
[2.929380] (ros2_shared) StdoutLine: {'line': b'-- Up-to-date: /mnt/g/My Drive/Primary/skl-Course/SP26/EECS 206A - Introduction to Robotics/106a_final_project/drone_simulation/install/ros2_shared/include/ros2_shared/string_printf.hpp\n'}
[2.975944] (-) TimerEvent: {}
[3.020864] (tello_description) CommandEnded: {'returncode': 0}
[3.076139] (-) TimerEvent: {}
[3.177177] (-) TimerEvent: {}
[3.199423] (tello_description) JobProgress: {'identifier': 'tello_description', 'progress': 'install'}
[3.243383] (tello_description) Command: {'cmd': ['/usr/bin/cmake', '--install', '/mnt/g/My Drive/Primary/skl-Course/SP26/EECS 206A - Introduction to Robotics/106a_final_project/drone_simulation/build/tello_description'], 'cwd': '/mnt/g/My Drive/Primary/skl-Course/SP26/EECS 206A - Introduction to Robotics/106a_final_project/drone_simulation/build/tello_description', 'env': OrderedDict([('LESSOPEN', '| /usr/bin/lesspipe %s'), ('USER', 'happygaj'), ('SHLVL', '1'), ('MOTD_SHOWN', 'update-motd'), ('HOME', '/home/happygaj'), ('OLDPWD', '/home/happygaj'), ('DBUS_SESSION_BUS_ADDRESS', 'unix:path=/run/user/1000/bus'), ('WSL_DISTRO_NAME', 'Ubuntu-22.04'), ('WAYLAND_DISPLAY', 'wayland-0'), ('LOGNAME', 'happygaj'), ('NAME', 'skl'), ('WSL_INTEROP', '/run/WSL/21038_interop'), ('PULSE_SERVER', 'unix:/mnt/wslg/PulseServer'), ('_', '/usr/bin/colcon'), ('TERM', 'xterm-256color'), ('PATH', '/usr/local/sbin:/usr/local/bin:/usr/sbin:/usr/bin:/sbin:/bin:/usr/games:/usr/local/games:/usr/lib/wsl/lib:/mnt/c/Program Files/WindowsApps/MicrosoftCorporationII.WindowsSubsystemForLinux_2.6.3.0_x64__8wekyb3d8bbwe:/mnt/c/WINDOWS/system32:/mnt/c/WINDOWS:/mnt/c/WINDOWS/System32/Wbem:/mnt/c/WINDOWS/System32/WindowsPowerShell/v1.0/:/mnt/c/WINDOWS/System32/OpenSSH/:/mnt/c/Program Files/MATLAB/R2025a/bin:/mnt/c/Program Files (x86)/Windows Kits/10/Windows Performance Toolkit/:/mnt/c/Program Files/dotnet/:/mnt/c/Program Files (x86)/Windows Kits/8.1/Windows Performance Toolkit/:/mnt/c/Program Files/Git/cmd:/mnt/c/Program Files/cursor/resources/app/bin:/mnt/c/Program Files/Tailscale/:/Docker/host/bin:/mnt/c/Users/happy/AppData/Local/Microsoft/WindowsApps:/mnt/c/Users/happy/AppData/Local/Programs/Microsoft VS Code/bin:/mnt/c/Users/happy/AppData/Local/Programs/cursor/resources/app/bin:/mnt/c/Users/happy/.local/bin:/snap/bin'), ('XDG_RUNTIME_DIR', '/run/user/1000/'), ('DISPLAY', ':0'), ('LANG', 'C.UTF-8'), ('LS_COLORS', 'rs=0:di=01;34:ln=01;36:mh=00:pi=40;33:so=01;35:do=01;35:bd=40;33;01:cd=40;33;01:or=40;31;01:mi=00:su=37;41:sg=30;43:ca=30;41:tw=30;42:ow=34;42:st=37;44:ex=01;32:*.tar=01;31:*.tgz=01;31:*.arc=01;31:*.arj=01;31:*.taz=01;31:*.lha=01;31:*.lz4=01;31:*.lzh=01;31:*.lzma=01;31:*.tlz=01;31:*.txz=01;31:*.tzo=01;31:*.t7z=01;31:*.zip=01;31:*.z=01;31:*.dz=01;31:*.gz=01;31:*.lrz=01;31:*.lz=01;31:*.lzo=01;31:*.xz=01;31:*.zst=01;31:*.tzst=01;31:*.bz2=01;31:*.bz=01;31:*.tbz=01;31:*.tbz2=01;31:*.tz=01;31:*.deb=01;31:*.rpm=01;31:*.jar=01;31:*.war=01;31:*.ear=01;31:*.sar=01;31:*.rar=01;31:*.alz=01;31:*.ace=01;31:*.zoo=01;31:*.cpio=01;31:*.7z=01;31:*.rz=01;31:*.cab=01;31:*.wim=01;31:*.swm=01;31:*.dwm=01;31:*.esd=01;31:*.jpg=01;35:*.jpeg=01;35:*.mjpg=01;35:*.mjpeg=01;35:*.gif=01;35:*.bmp=01;35:*.pbm=01;35:*.pgm=01;35:*.ppm=01;35:*.tga=01;35:*.xbm=01;35:*.xpm=01;35:*.tif=01;35:*.tiff=01;35:*.png=01;35:*.svg=01;35:*.svgz=01;35:*.mng=01;35:*.pcx=01;35:*.mov=01;35:*.mpg=01;35:*.mpeg=01;35:*.m2v=01;35:*.mkv=01;35:*.webm=01;35:*.webp=01;35:*.ogm=01;35:*.mp4=01;35:*.m4v=01;35:*.mp4v=01;35:*.vob=01;35:*.qt=01;35:*.nuv=01;35:*.wmv=01;35:*.asf=01;35:*.rm=01;35:*.rmvb=01;35:*.flc=01;35:*.avi=01;35:*.fli=01;35:*.flv=01;35:*.gl=01;35:*.dl=01;35:*.xcf=01;35:*.xwd=01;35:*.yuv=01;35:*.cgm=01;35:*.emf=01;35:*.ogv=01;35:*.ogx=01;35:*.aac=00;36:*.au=00;36:*.flac=00;36:*.m4a=00;36:*.mid=00;36:*.midi=00;36:*.mka=00;36:*.mp3=00;36:*.mpc=00;36:*.ogg=00;36:*.ra=00;36:*.wav=00;36:*.oga=00;36:*.opus=00;36:*.spx=00;36:*.xspf=00;36:'), ('SHELL', '/bin/bash'), ('LESSCLOSE', '/usr/bin/lesspipe %s %s'), ('PWD', '/mnt/g/My Drive/Primary/skl-Course/SP26/EECS 206A - Introduction to Robotics/106a_final_project/drone_simulation/build/tello_description'), ('XDG_DATA_DIRS', '/usr/local/share:/usr/share:/var/lib/snapd/desktop'), ('COLCON', '1'), ('WSL2_GUI_APPS_ENABLED', '1'), ('HOSTTYPE', 'x86_64'), ('WSLENV', '')]), 'shell': False}
[3.277323] (-) TimerEvent: {}
[3.297828] (tello_description) StdoutLine: {'line': b'-- Install configuration: ""\n'}
[3.343783] (ros2_shared) StdoutLine: {'line': b'-- Up-to-date: /mnt/g/My Drive/Primary/skl-Course/SP26/EECS 206A - Introduction to Robotics/106a_final_project/drone_simulation/install/ros2_shared/share/ament_index/resource_index/package_run_dependencies/ros2_shared\n'}
[3.376695] (tello_description) StdoutLine: {'line': b'-- Up-to-date: /mnt/g/My Drive/Primary/skl-Course/SP26/EECS 206A - Introduction to Robotics/106a_final_project/drone_simulation/install/tello_description/share/tello_description/urdf\n'}
[3.383301] (-) TimerEvent: {}
[3.383848] (tello_msgs) StdoutLine: {'line': b'[  2%] Built target tello_msgs__rs\n'}
[3.483542] (-) TimerEvent: {}
[3.584770] (-) TimerEvent: {}
[3.637109] (tello_description) StdoutLine: {'line': b'-- Up-to-date: /mnt/g/My Drive/Primary/skl-Course/SP26/EECS 206A - Introduction to Robotics/106a_final_project/drone_simulation/install/tello_description/share/tello_description/urdf/tello_6.urdf\n'}
[3.684994] (-) TimerEvent: {}
[3.715779] (ros2_shared) StdoutLine: {'line': b'-- Up-to-date: /mnt/g/My Drive/Primary/skl-Course/SP26/EECS 206A - Introduction to Robotics/106a_final_project/drone_simulation/install/ros2_shared/share/ament_index/resource_index/parent_prefix_path/ros2_shared\n'}
[3.785149] (-) TimerEvent: {}
[3.801222] (tello_description) StdoutLine: {'line': b'-- Up-to-date: /mnt/g/My Drive/Primary/skl-Course/SP26/EECS 206A - Introduction to Robotics/106a_final_project/drone_simulation/install/tello_description/share/tello_description/urdf/tello_5.urdf\n'}
[3.822616] (tello_msgs) StdoutLine: {'line': b'[  4%] Built target tello_msgs__cpp\n'}
[3.882394] (ros2_shared) StdoutLine: {'line': b'-- Up-to-date: /mnt/g/My Drive/Primary/skl-Course/SP26/EECS 206A - Introduction to Robotics/106a_final_project/drone_simulation/install/ros2_shared/share/ros2_shared/environment/ament_prefix_path.sh\n'}
[3.889929] (-) TimerEvent: {}
[3.991174] (-) TimerEvent: {}
[4.001080] (tello_description) StdoutLine: {'line': b'-- Up-to-date: /mnt/g/My Drive/Primary/skl-Course/SP26/EECS 206A - Introduction to Robotics/106a_final_project/drone_simulation/install/tello_description/share/tello_description/urdf/tello_3.urdf\n'}
[4.091335] (-) TimerEvent: {}
[4.165334] (ros2_shared) StdoutLine: {'line': b'-- Up-to-date: /mnt/g/My Drive/Primary/skl-Course/SP26/EECS 206A - Introduction to Robotics/106a_final_project/drone_simulation/install/ros2_shared/share/ros2_shared/environment/ament_prefix_path.dsv\n'}
[4.191499] (-) TimerEvent: {}
[4.219163] (tello_description) StdoutLine: {'line': b'-- Up-to-date: /mnt/g/My Drive/Primary/skl-Course/SP26/EECS 206A - Introduction to Robotics/106a_final_project/drone_simulation/install/tello_description/share/tello_description/urdf/tello_1.urdf\n'}
[4.291668] (-) TimerEvent: {}
[4.359495] (ros2_shared) StdoutLine: {'line': b'-- Up-to-date: /mnt/g/My Drive/Primary/skl-Course/SP26/EECS 206A - Introduction to Robotics/106a_final_project/drone_simulation/install/ros2_shared/share/ros2_shared/environment/path.sh\n'}
[4.391827] (-) TimerEvent: {}
[4.425268] (tello_description) StdoutLine: {'line': b'-- Up-to-date: /mnt/g/My Drive/Primary/skl-Course/SP26/EECS 206A - Introduction to Robotics/106a_final_project/drone_simulation/install/tello_description/share/tello_description/urdf/tello_4.urdf\n'}
[4.492001] (-) TimerEvent: {}
[4.592922] (-) TimerEvent: {}
[4.637926] (tello_description) StdoutLine: {'line': b'-- Up-to-date: /mnt/g/My Drive/Primary/skl-Course/SP26/EECS 206A - Introduction to Robotics/106a_final_project/drone_simulation/install/tello_description/share/tello_description/urdf/tello_8.urdf\n'}
[4.642694] (ros2_shared) StdoutLine: {'line': b'-- Up-to-date: /mnt/g/My Drive/Primary/skl-Course/SP26/EECS 206A - Introduction to Robotics/106a_final_project/drone_simulation/install/ros2_shared/share/ros2_shared/environment/path.dsv\n'}
[4.693102] (-) TimerEvent: {}
[4.794418] (-) TimerEvent: {}
[4.856000] (tello_description) StdoutLine: {'line': b'-- Up-to-date: /mnt/g/My Drive/Primary/skl-Course/SP26/EECS 206A - Introduction to Robotics/106a_final_project/drone_simulation/install/tello_description/share/tello_description/urdf/tello.urdf\n'}
[4.894611] (-) TimerEvent: {}
[4.896619] (ros2_shared) StdoutLine: {'line': b'-- Up-to-date: /mnt/g/My Drive/Primary/skl-Course/SP26/EECS 206A - Introduction to Robotics/106a_final_project/drone_simulation/install/ros2_shared/share/ros2_shared/local_setup.bash\n'}
[4.994826] (-) TimerEvent: {}
[5.083138] (tello_description) StdoutLine: {'line': b'-- Up-to-date: /mnt/g/My Drive/Primary/skl-Course/SP26/EECS 206A - Introduction to Robotics/106a_final_project/drone_simulation/install/tello_description/share/tello_description/urdf/tello_2.urdf\n'}
[5.097655] (-) TimerEvent: {}
[5.135900] (ros2_shared) StdoutLine: {'line': b'-- Up-to-date: /mnt/g/My Drive/Primary/skl-Course/SP26/EECS 206A - Introduction to Robotics/106a_final_project/drone_simulation/install/ros2_shared/share/ros2_shared/local_setup.sh\n'}
[5.197825] (-) TimerEvent: {}
[5.298837] (-) TimerEvent: {}
[5.317050] (tello_msgs) StdoutLine: {'line': b'[ 14%] Built target tello_msgs__rosidl_generator_c\n'}
[5.356212] (tello_description) StdoutLine: {'line': b'-- Up-to-date: /mnt/g/My Drive/Primary/skl-Course/SP26/EECS 206A - Introduction to Robotics/106a_final_project/drone_simulation/install/tello_description/share/tello_description/urdf/tello_7.urdf\n'}
[5.399051] (-) TimerEvent: {}
[5.440045] (ros2_shared) StdoutLine: {'line': b'-- Up-to-date: /mnt/g/My Drive/Primary/skl-Course/SP26/EECS 206A - Introduction to Robotics/106a_final_project/drone_simulation/install/ros2_shared/share/ros2_shared/local_setup.zsh\n'}
[5.499220] (-) TimerEvent: {}
[5.601169] (-) TimerEvent: {}
[5.704093] (-) TimerEvent: {}
[5.729378] (ros2_shared) StdoutLine: {'line': b'-- Up-to-date: /mnt/g/My Drive/Primary/skl-Course/SP26/EECS 206A - Introduction to Robotics/106a_final_project/drone_simulation/install/ros2_shared/share/ros2_shared/local_setup.dsv\n'}
[5.804269] (-) TimerEvent: {}
[5.911740] (tello_description) StdoutLine: {'line': b'-- Up-to-date: /mnt/g/My Drive/Primary/skl-Course/SP26/EECS 206A - Introduction to Robotics/106a_final_project/drone_simulation/install/tello_description/share/ament_index/resource_index/package_run_dependencies/tello_description\n'}
[5.927347] (-) TimerEvent: {}
[6.040097] (-) TimerEvent: {}
[6.078504] (ros2_shared) StdoutLine: {'line': b'-- Installing: /mnt/g/My Drive/Primary/skl-Course/SP26/EECS 206A - Introduction to Robotics/106a_final_project/drone_simulation/install/ros2_shared/share/ros2_shared/package.dsv\n'}
[6.140292] (-) TimerEvent: {}
[6.156727] (tello_msgs) StdoutLine: {'line': b'[ 25%] Built target tello_msgs__rosidl_typesupport_cpp\n'}
[6.240492] (-) TimerEvent: {}
[6.344019] (-) TimerEvent: {}
[6.445417] (-) TimerEvent: {}
[6.456634] (tello_description) StdoutLine: {'line': b'-- Up-to-date: /mnt/g/My Drive/Primary/skl-Course/SP26/EECS 206A - Introduction to Robotics/106a_final_project/drone_simulation/install/tello_description/share/ament_index/resource_index/parent_prefix_path/tello_description\n'}
[6.545679] (-) TimerEvent: {}
[6.652840] (-) TimerEvent: {}
[6.677897] (tello_description) StdoutLine: {'line': b'-- Up-to-date: /mnt/g/My Drive/Primary/skl-Course/SP26/EECS 206A - Introduction to Robotics/106a_final_project/drone_simulation/install/tello_description/share/tello_description/environment/ament_prefix_path.sh\n'}
[6.753064] (-) TimerEvent: {}
[6.754211] (tello_msgs) StdoutLine: {'line': b'[ 35%] Built target tello_msgs__rosidl_typesupport_introspection_cpp\n'}
[6.853242] (-) TimerEvent: {}
[6.955251] (-) TimerEvent: {}
[7.080892] (tello_description) StdoutLine: {'line': b'-- Up-to-date: /mnt/g/My Drive/Primary/skl-Course/SP26/EECS 206A - Introduction to Robotics/106a_final_project/drone_simulation/install/tello_description/share/tello_description/environment/ament_prefix_path.dsv\n'}
[7.098093] (-) TimerEvent: {}
[7.199294] (-) TimerEvent: {}
[7.253853] (tello_description) StdoutLine: {'line': b'-- Up-to-date: /mnt/g/My Drive/Primary/skl-Course/SP26/EECS 206A - Introduction to Robotics/106a_final_project/drone_simulation/install/tello_description/share/tello_description/environment/path.sh\n'}
[7.265270] (ros2_shared) StdoutLine: {'line': b'-- Up-to-date: /mnt/g/My Drive/Primary/skl-Course/SP26/EECS 206A - Introduction to Robotics/106a_final_project/drone_simulation/install/ros2_shared/share/ament_index/resource_index/packages/ros2_shared\n'}
[7.299529] (-) TimerEvent: {}
[7.349853] (tello_msgs) StdoutLine: {'line': b'[ 45%] Built target tello_msgs__rosidl_typesupport_fastrtps_cpp\n'}
[7.399784] (-) TimerEvent: {}
[7.493599] (tello_description) StdoutLine: {'line': b'-- Up-to-date: /mnt/g/My Drive/Primary/skl-Course/SP26/EECS 206A - Introduction to Robotics/106a_final_project/drone_simulation/install/tello_description/share/tello_description/environment/path.dsv\n'}
[7.499878] (-) TimerEvent: {}
[7.602041] (-) TimerEvent: {}
[7.705615] (-) TimerEvent: {}
[7.727165] (tello_description) StdoutLine: {'line': b'-- Up-to-date: /mnt/g/My Drive/Primary/skl-Course/SP26/EECS 206A - Introduction to Robotics/106a_final_project/drone_simulation/install/tello_description/share/tello_description/local_setup.bash\n'}
[7.747487] (tello_msgs) StdoutLine: {'line': b'[ 56%] Built target tello_msgs__rosidl_typesupport_c\n'}
[7.794410] (ros2_shared) StdoutLine: {'line': b'-- Up-to-date: /mnt/g/My Drive/Primary/skl-Course/SP26/EECS 206A - Introduction to Robotics/106a_final_project/drone_simulation/install/ros2_shared/share/ros2_shared/cmake/ros2_shared_targetsExport.cmake\n'}
[7.805734] (-) TimerEvent: {}
[7.907732] (-) TimerEvent: {}
[7.919729] (tello_description) StdoutLine: {'line': b'-- Up-to-date: /mnt/g/My Drive/Primary/skl-Course/SP26/EECS 206A - Introduction to Robotics/106a_final_project/drone_simulation/install/tello_description/share/tello_description/local_setup.sh\n'}
[8.007963] (-) TimerEvent: {}
[8.035235] (ros2_shared) StdoutLine: {'line': b'-- Up-to-date: /mnt/g/My Drive/Primary/skl-Course/SP26/EECS 206A - Introduction to Robotics/106a_final_project/drone_simulation/install/ros2_shared/share/ros2_shared/cmake/ament_cmake_export_targets-extras.cmake\n'}
[8.108209] (-) TimerEvent: {}
[8.185162] (tello_description) StdoutLine: {'line': b'-- Up-to-date: /mnt/g/My Drive/Primary/skl-Course/SP26/EECS 206A - Introduction to Robotics/106a_final_project/drone_simulation/install/tello_description/share/tello_description/local_setup.zsh\n'}
[8.225493] (-) TimerEvent: {}
[8.257511] (ros2_shared) StdoutLine: {'line': b'-- Up-to-date: /mnt/g/My Drive/Primary/skl-Course/SP26/EECS 206A - Introduction to Robotics/106a_final_project/drone_simulation/install/ros2_shared/share/ros2_shared/cmake/ament_cmake_export_dependencies-extras.cmake\n'}
[8.319576] (tello_description) StdoutLine: {'line': b'-- Up-to-date: /mnt/g/My Drive/Primary/skl-Course/SP26/EECS 206A - Introduction to Robotics/106a_final_project/drone_simulation/install/tello_description/share/tello_description/local_setup.dsv\n'}
[8.325620] (-) TimerEvent: {}
[8.415473] (ros2_shared) StdoutLine: {'line': b'-- Up-to-date: /mnt/g/My Drive/Primary/skl-Course/SP26/EECS 206A - Introduction to Robotics/106a_final_project/drone_simulation/install/ros2_shared/share/ros2_shared/cmake/ros2_sharedConfig.cmake\n'}
[8.425736] (-) TimerEvent: {}
[8.444900] (tello_description) StdoutLine: {'line': b'-- Installing: /mnt/g/My Drive/Primary/skl-Course/SP26/EECS 206A - Introduction to Robotics/106a_final_project/drone_simulation/install/tello_description/share/tello_description/package.dsv\n'}
[8.505828] (tello_msgs) StdoutLine: {'line': b'[ 75%] Built target tello_msgs__rosidl_typesupport_introspection_c\n'}
[8.525901] (-) TimerEvent: {}
[8.564068] (tello_msgs) StdoutLine: {'line': b'[ 77%] Built target tello_msgs__rosidl_typesupport_fastrtps_c\n'}
[8.579626] (ros2_shared) StdoutLine: {'line': b'-- Up-to-date: /mnt/g/My Drive/Primary/skl-Course/SP26/EECS 206A - Introduction to Robotics/106a_final_project/drone_simulation/install/ros2_shared/share/ros2_shared/cmake/ros2_sharedConfig-version.cmake\n'}
[8.626114] (-) TimerEvent: {}
[8.728887] (-) TimerEvent: {}
[8.762648] (ros2_shared) StdoutLine: {'line': b'-- Up-to-date: /mnt/g/My Drive/Primary/skl-Course/SP26/EECS 206A - Introduction to Robotics/106a_final_project/drone_simulation/install/ros2_shared/share/ros2_shared/package.xml\n'}
[8.829042] (-) TimerEvent: {}
[8.856222] (ros2_shared) CommandEnded: {'returncode': 0}
[8.929253] (-) TimerEvent: {}
[9.031475] (-) TimerEvent: {}
[9.074583] (tello_msgs) StdoutLine: {'line': b'[ 77%] Built target tello_msgs\n'}
[9.131625] (-) TimerEvent: {}
[9.144950] (tello_description) StdoutLine: {'line': b'-- Up-to-date: /mnt/g/My Drive/Primary/skl-Course/SP26/EECS 206A - Introduction to Robotics/106a_final_project/drone_simulation/install/tello_description/share/ament_index/resource_index/packages/tello_description\n'}
[9.231778] (-) TimerEvent: {}
[9.325587] (tello_description) StdoutLine: {'line': b'-- Up-to-date: /mnt/g/My Drive/Primary/skl-Course/SP26/EECS 206A - Introduction to Robotics/106a_final_project/drone_simulation/install/tello_description/share/tello_description/cmake/tello_descriptionConfig.cmake\n'}
[9.332061] (-) TimerEvent: {}
[9.432948] (-) TimerEvent: {}
[9.454426] (tello_description) StdoutLine: {'line': b'-- Up-to-date: /mnt/g/My Drive/Primary/skl-Course/SP26/EECS 206A - Introduction to Robotics/106a_final_project/drone_simulation/install/tello_description/share/tello_description/cmake/tello_descriptionConfig-version.cmake\n'}
[9.533147] (-) TimerEvent: {}
[9.628452] (tello_description) StdoutLine: {'line': b'-- Up-to-date: /mnt/g/My Drive/Primary/skl-Course/SP26/EECS 206A - Introduction to Robotics/106a_final_project/drone_simulation/install/tello_description/share/tello_description/package.xml\n'}
[9.633130] (-) TimerEvent: {}
[9.735091] (-) TimerEvent: {}
[9.782893] (tello_msgs) StdoutLine: {'line': b'[ 79%] Built target tello_msgs__py\n'}
[9.835279] (-) TimerEvent: {}
[9.936736] (-) TimerEvent: {}
[10.037559] (-) TimerEvent: {}
[10.138436] (-) TimerEvent: {}
[10.240309] (-) TimerEvent: {}
[10.341391] (-) TimerEvent: {}
[10.442337] (-) TimerEvent: {}
[10.543780] (-) TimerEvent: {}
[10.645139] (-) TimerEvent: {}
[10.746912] (-) TimerEvent: {}
[10.848374] (-) TimerEvent: {}
[10.967032] (-) TimerEvent: {}
[11.026832] (tello_msgs) StdoutLine: {'line': b'[ 87%] Built target tello_msgs__rosidl_generator_py\n'}
[11.067222] (-) TimerEvent: {}
[11.169246] (-) TimerEvent: {}
[11.271170] (-) TimerEvent: {}
[11.372070] (-) TimerEvent: {}
[11.473347] (-) TimerEvent: {}
[11.575740] (-) TimerEvent: {}
[11.667119] (tello_msgs) StdoutLine: {'line': b'[ 87%] Built target ament_cmake_python_copy_tello_msgs\n'}
[11.675819] (-) TimerEvent: {}
[11.777290] (-) TimerEvent: {}
[11.827393] (tello_msgs) StdoutLine: {'line': b'[100%] Built target tello_msgs__rosidl_typesupport_introspection_c__pyext\n'}
[11.832725] (tello_msgs) StdoutLine: {'line': b'[100%] Built target tello_msgs__rosidl_typesupport_fastrtps_c__pyext\n'}
[11.837500] (tello_msgs) StdoutLine: {'line': b'[100%] Built target tello_msgs__rosidl_typesupport_c__pyext\n'}
[11.877452] (-) TimerEvent: {}
[11.978612] (-) TimerEvent: {}
[12.079756] (-) TimerEvent: {}
[12.180635] (-) TimerEvent: {}
[12.282166] (-) TimerEvent: {}
[12.360236] (tello_msgs) StdoutLine: {'line': b'running egg_info\n'}
[12.374215] (tello_msgs) StdoutLine: {'line': b'writing tello_msgs.egg-info/PKG-INFO\n'}
[12.382195] (-) TimerEvent: {}
[12.401193] (tello_msgs) StdoutLine: {'line': b'writing dependency_links to tello_msgs.egg-info/dependency_links.txt\n'}
[12.442891] (tello_msgs) StdoutLine: {'line': b'writing top-level names to tello_msgs.egg-info/top_level.txt\n'}
[12.482374] (-) TimerEvent: {}
[12.584110] (-) TimerEvent: {}
[12.630227] (tello_msgs) StdoutLine: {'line': b"reading manifest file 'tello_msgs.egg-info/SOURCES.txt'\n"}
[12.684353] (-) TimerEvent: {}
[12.785393] (-) TimerEvent: {}
[12.878317] (tello_msgs) StdoutLine: {'line': b"writing manifest file 'tello_msgs.egg-info/SOURCES.txt'\n"}
[12.885517] (-) TimerEvent: {}
[12.887879] (ros2_shared) JobEnded: {'identifier': 'ros2_shared', 'rc': 0}
[12.935286] (tello_description) CommandEnded: {'returncode': 0}
[12.980154] (tello_msgs) StdoutLine: {'line': b'[100%] Built target ament_cmake_python_build_tello_msgs_egg\n'}
[12.985610] (-) TimerEvent: {}
[13.086281] (-) TimerEvent: {}
[13.187295] (-) TimerEvent: {}
[13.290990] (-) TimerEvent: {}
[13.394498] (-) TimerEvent: {}
[13.495297] (-) TimerEvent: {}
[13.596409] (-) TimerEvent: {}
[13.698143] (-) TimerEvent: {}
[13.799062] (-) TimerEvent: {}
[13.900510] (-) TimerEvent: {}
[14.001749] (-) TimerEvent: {}
[14.115595] (-) TimerEvent: {}
[14.216872] (-) TimerEvent: {}
[14.317804] (-) TimerEvent: {}
[14.418952] (-) TimerEvent: {}
[14.519870] (-) TimerEvent: {}
[14.620933] (-) TimerEvent: {}
[14.731157] (-) TimerEvent: {}
[14.832184] (-) TimerEvent: {}
[14.933274] (-) TimerEvent: {}
[15.034445] (-) TimerEvent: {}
[15.135424] (-) TimerEvent: {}
[15.236604] (-) TimerEvent: {}
[15.337836] (-) TimerEvent: {}
[15.377790] (tello_description) JobEnded: {'identifier': 'tello_description', 'rc': 0}
[15.448810] (-) TimerEvent: {}
[15.449678] (tello_msgs) CommandEnded: {'returncode': 0}
[15.476984] (tello_msgs) JobProgress: {'identifier': 'tello_msgs', 'progress': 'install'}
[15.527821] (tello_msgs) Command: {'cmd': ['/usr/bin/cmake', '--install', '/mnt/g/My Drive/Primary/skl-Course/SP26/EECS 206A - Introduction to Robotics/106a_final_project/drone_simulation/build/tello_msgs'], 'cwd': '/mnt/g/My Drive/Primary/skl-Course/SP26/EECS 206A - Introduction to Robotics/106a_final_project/drone_simulation/build/tello_msgs', 'env': OrderedDict([('LESSOPEN', '| /usr/bin/lesspipe %s'), ('USER', 'happygaj'), ('SHLVL', '1'), ('MOTD_SHOWN', 'update-motd'), ('HOME', '/home/happygaj'), ('OLDPWD', '/home/happygaj'), ('DBUS_SESSION_BUS_ADDRESS', 'unix:path=/run/user/1000/bus'), ('WSL_DISTRO_NAME', 'Ubuntu-22.04'), ('WAYLAND_DISPLAY', 'wayland-0'), ('LOGNAME', 'happygaj'), ('NAME', 'skl'), ('WSL_INTEROP', '/run/WSL/21038_interop'), ('PULSE_SERVER', 'unix:/mnt/wslg/PulseServer'), ('_', '/usr/bin/colcon'), ('TERM', 'xterm-256color'), ('PATH', '/usr/local/sbin:/usr/local/bin:/usr/sbin:/usr/bin:/sbin:/bin:/usr/games:/usr/local/games:/usr/lib/wsl/lib:/mnt/c/Program Files/WindowsApps/MicrosoftCorporationII.WindowsSubsystemForLinux_2.6.3.0_x64__8wekyb3d8bbwe:/mnt/c/WINDOWS/system32:/mnt/c/WINDOWS:/mnt/c/WINDOWS/System32/Wbem:/mnt/c/WINDOWS/System32/WindowsPowerShell/v1.0/:/mnt/c/WINDOWS/System32/OpenSSH/:/mnt/c/Program Files/MATLAB/R2025a/bin:/mnt/c/Program Files (x86)/Windows Kits/10/Windows Performance Toolkit/:/mnt/c/Program Files/dotnet/:/mnt/c/Program Files (x86)/Windows Kits/8.1/Windows Performance Toolkit/:/mnt/c/Program Files/Git/cmd:/mnt/c/Program Files/cursor/resources/app/bin:/mnt/c/Program Files/Tailscale/:/Docker/host/bin:/mnt/c/Users/happy/AppData/Local/Microsoft/WindowsApps:/mnt/c/Users/happy/AppData/Local/Programs/Microsoft VS Code/bin:/mnt/c/Users/happy/AppData/Local/Programs/cursor/resources/app/bin:/mnt/c/Users/happy/.local/bin:/snap/bin'), ('XDG_RUNTIME_DIR', '/run/user/1000/'), ('DISPLAY', ':0'), ('LANG', 'C.UTF-8'), ('LS_COLORS', 'rs=0:di=01;34:ln=01;36:mh=00:pi=40;33:so=01;35:do=01;35:bd=40;33;01:cd=40;33;01:or=40;31;01:mi=00:su=37;41:sg=30;43:ca=30;41:tw=30;42:ow=34;42:st=37;44:ex=01;32:*.tar=01;31:*.tgz=01;31:*.arc=01;31:*.arj=01;31:*.taz=01;31:*.lha=01;31:*.lz4=01;31:*.lzh=01;31:*.lzma=01;31:*.tlz=01;31:*.txz=01;31:*.tzo=01;31:*.t7z=01;31:*.zip=01;31:*.z=01;31:*.dz=01;31:*.gz=01;31:*.lrz=01;31:*.lz=01;31:*.lzo=01;31:*.xz=01;31:*.zst=01;31:*.tzst=01;31:*.bz2=01;31:*.bz=01;31:*.tbz=01;31:*.tbz2=01;31:*.tz=01;31:*.deb=01;31:*.rpm=01;31:*.jar=01;31:*.war=01;31:*.ear=01;31:*.sar=01;31:*.rar=01;31:*.alz=01;31:*.ace=01;31:*.zoo=01;31:*.cpio=01;31:*.7z=01;31:*.rz=01;31:*.cab=01;31:*.wim=01;31:*.swm=01;31:*.dwm=01;31:*.esd=01;31:*.jpg=01;35:*.jpeg=01;35:*.mjpg=01;35:*.mjpeg=01;35:*.gif=01;35:*.bmp=01;35:*.pbm=01;35:*.pgm=01;35:*.ppm=01;35:*.tga=01;35:*.xbm=01;35:*.xpm=01;35:*.tif=01;35:*.tiff=01;35:*.png=01;35:*.svg=01;35:*.svgz=01;35:*.mng=01;35:*.pcx=01;35:*.mov=01;35:*.mpg=01;35:*.mpeg=01;35:*.m2v=01;35:*.mkv=01;35:*.webm=01;35:*.webp=01;35:*.ogm=01;35:*.mp4=01;35:*.m4v=01;35:*.mp4v=01;35:*.vob=01;35:*.qt=01;35:*.nuv=01;35:*.wmv=01;35:*.asf=01;35:*.rm=01;35:*.rmvb=01;35:*.flc=01;35:*.avi=01;35:*.fli=01;35:*.flv=01;35:*.gl=01;35:*.dl=01;35:*.xcf=01;35:*.xwd=01;35:*.yuv=01;35:*.cgm=01;35:*.emf=01;35:*.ogv=01;35:*.ogx=01;35:*.aac=00;36:*.au=00;36:*.flac=00;36:*.m4a=00;36:*.mid=00;36:*.midi=00;36:*.mka=00;36:*.mp3=00;36:*.mpc=00;36:*.ogg=00;36:*.ra=00;36:*.wav=00;36:*.oga=00;36:*.opus=00;36:*.spx=00;36:*.xspf=00;36:'), ('SHELL', '/bin/bash'), ('LESSCLOSE', '/usr/bin/lesspipe %s %s'), ('PWD', '/mnt/g/My Drive/Primary/skl-Course/SP26/EECS 206A - Introduction to Robotics/106a_final_project/drone_simulation/build/tello_msgs'), ('XDG_DATA_DIRS', '/usr/local/share:/usr/share:/var/lib/snapd/desktop'), ('COLCON', '1'), ('WSL2_GUI_APPS_ENABLED', '1'), ('HOSTTYPE', 'x86_64'), ('WSLENV', '')]), 'shell': False}
[15.549035] (-) TimerEvent: {}
[15.567057] (tello_msgs) StdoutLine: {'line': b'-- Install configuration: ""\n'}
[15.649336] (-) TimerEvent: {}
[15.679770] (tello_msgs) StdoutLine: {'line': b'-- Up-to-date: /mnt/g/My Drive/Primary/skl-Course/SP26/EECS 206A - Introduction to Robotics/106a_final_project/drone_simulation/install/tello_msgs/share/ament_index/resource_index/rosidl_interfaces/tello_msgs\n'}
[15.748998] (tello_msgs) StdoutLine: {'line': b'-- Up-to-date: /mnt/g/My Drive/Primary/skl-Course/SP26/EECS 206A - Introduction to Robotics/106a_final_project/drone_simulation/install/tello_msgs/include/tello_msgs/tello_msgs\n'}
[15.751446] (-) TimerEvent: {}
[15.842993] (tello_msgs) StdoutLine: {'line': b'-- Up-to-date: /mnt/g/My Drive/Primary/skl-Course/SP26/EECS 206A - Introduction to Robotics/106a_final_project/drone_simulation/install/tello_msgs/include/tello_msgs/tello_msgs/msg\n'}
[15.851605] (-) TimerEvent: {}
[15.952899] (-) TimerEvent: {}
[15.973724] (tello_msgs) StdoutLine: {'line': b'-- Up-to-date: /mnt/g/My Drive/Primary/skl-Course/SP26/EECS 206A - Introduction to Robotics/106a_final_project/drone_simulation/install/tello_msgs/include/tello_msgs/tello_msgs/msg/rosidl_generator_c__visibility_control.h\n'}
[16.053123] (-) TimerEvent: {}
[16.069710] (tello_msgs) StdoutLine: {'line': b'-- Up-to-date: /mnt/g/My Drive/Primary/skl-Course/SP26/EECS 206A - Introduction to Robotics/106a_final_project/drone_simulation/install/tello_msgs/include/tello_msgs/tello_msgs/msg/flight_data.h\n'}
[16.146040] (tello_msgs) StdoutLine: {'line': b'-- Up-to-date: /mnt/g/My Drive/Primary/skl-Course/SP26/EECS 206A - Introduction to Robotics/106a_final_project/drone_simulation/install/tello_msgs/include/tello_msgs/tello_msgs/msg/detail\n'}
[16.153171] (-) TimerEvent: {}
[16.253844] (-) TimerEvent: {}
[16.284024] (tello_msgs) StdoutLine: {'line': b'-- Up-to-date: /mnt/g/My Drive/Primary/skl-Course/SP26/EECS 206A - Introduction to Robotics/106a_final_project/drone_simulation/install/tello_msgs/include/tello_msgs/tello_msgs/msg/detail/flight_data__functions.c\n'}
[16.354032] (-) TimerEvent: {}
[16.385411] (tello_msgs) StdoutLine: {'line': b'-- Up-to-date: /mnt/g/My Drive/Primary/skl-Course/SP26/EECS 206A - Introduction to Robotics/106a_final_project/drone_simulation/install/tello_msgs/include/tello_msgs/tello_msgs/msg/detail/flight_data__functions.h\n'}
[16.454205] (-) TimerEvent: {}
[16.490449] (tello_msgs) StdoutLine: {'line': b'-- Up-to-date: /mnt/g/My Drive/Primary/skl-Course/SP26/EECS 206A - Introduction to Robotics/106a_final_project/drone_simulation/install/tello_msgs/include/tello_msgs/tello_msgs/msg/detail/flight_data__struct.h\n'}
[16.554446] (-) TimerEvent: {}
[16.592555] (tello_msgs) StdoutLine: {'line': b'-- Up-to-date: /mnt/g/My Drive/Primary/skl-Course/SP26/EECS 206A - Introduction to Robotics/106a_final_project/drone_simulation/install/tello_msgs/include/tello_msgs/tello_msgs/msg/detail/flight_data__type_support.h\n'}
[16.654600] (-) TimerEvent: {}
[16.697531] (tello_msgs) StdoutLine: {'line': b'-- Up-to-date: /mnt/g/My Drive/Primary/skl-Course/SP26/EECS 206A - Introduction to Robotics/106a_final_project/drone_simulation/install/tello_msgs/include/tello_msgs/tello_msgs/msg/detail/tello_response__functions.c\n'}
[16.754827] (-) TimerEvent: {}
[16.800940] (tello_msgs) StdoutLine: {'line': b'-- Up-to-date: /mnt/g/My Drive/Primary/skl-Course/SP26/EECS 206A - Introduction to Robotics/106a_final_project/drone_simulation/install/tello_msgs/include/tello_msgs/tello_msgs/msg/detail/tello_response__functions.h\n'}
[16.854997] (-) TimerEvent: {}
[16.902841] (tello_msgs) StdoutLine: {'line': b'-- Up-to-date: /mnt/g/My Drive/Primary/skl-Course/SP26/EECS 206A - Introduction to Robotics/106a_final_project/drone_simulation/install/tello_msgs/include/tello_msgs/tello_msgs/msg/detail/tello_response__struct.h\n'}
[16.955268] (-) TimerEvent: {}
[17.002835] (tello_msgs) StdoutLine: {'line': b'-- Up-to-date: /mnt/g/My Drive/Primary/skl-Course/SP26/EECS 206A - Introduction to Robotics/106a_final_project/drone_simulation/install/tello_msgs/include/tello_msgs/tello_msgs/msg/detail/tello_response__type_support.h\n'}
[17.055424] (-) TimerEvent: {}
[17.092217] (tello_msgs) StdoutLine: {'line': b'-- Up-to-date: /mnt/g/My Drive/Primary/skl-Course/SP26/EECS 206A - Introduction to Robotics/106a_final_project/drone_simulation/install/tello_msgs/include/tello_msgs/tello_msgs/msg/tello_response.h\n'}
[17.155075] (tello_msgs) StdoutLine: {'line': b'-- Up-to-date: /mnt/g/My Drive/Primary/skl-Course/SP26/EECS 206A - Introduction to Robotics/106a_final_project/drone_simulation/install/tello_msgs/include/tello_msgs/tello_msgs/srv\n'}
[17.157143] (-) TimerEvent: {}
[17.257958] (-) TimerEvent: {}
[17.263744] (tello_msgs) StdoutLine: {'line': b'-- Up-to-date: /mnt/g/My Drive/Primary/skl-Course/SP26/EECS 206A - Introduction to Robotics/106a_final_project/drone_simulation/install/tello_msgs/include/tello_msgs/tello_msgs/srv/tello_action.h\n'}
[17.333591] (tello_msgs) StdoutLine: {'line': b'-- Up-to-date: /mnt/g/My Drive/Primary/skl-Course/SP26/EECS 206A - Introduction to Robotics/106a_final_project/drone_simulation/install/tello_msgs/include/tello_msgs/tello_msgs/srv/detail\n'}
[17.358137] (-) TimerEvent: {}
[17.459018] (-) TimerEvent: {}
[17.463758] (tello_msgs) StdoutLine: {'line': b'-- Up-to-date: /mnt/g/My Drive/Primary/skl-Course/SP26/EECS 206A - Introduction to Robotics/106a_final_project/drone_simulation/install/tello_msgs/include/tello_msgs/tello_msgs/srv/detail/tello_action__functions.c\n'}
[17.559194] (-) TimerEvent: {}
[17.563492] (tello_msgs) StdoutLine: {'line': b'-- Up-to-date: /mnt/g/My Drive/Primary/skl-Course/SP26/EECS 206A - Introduction to Robotics/106a_final_project/drone_simulation/install/tello_msgs/include/tello_msgs/tello_msgs/srv/detail/tello_action__functions.h\n'}
[17.659385] (-) TimerEvent: {}
[17.662598] (tello_msgs) StdoutLine: {'line': b'-- Up-to-date: /mnt/g/My Drive/Primary/skl-Course/SP26/EECS 206A - Introduction to Robotics/106a_final_project/drone_simulation/install/tello_msgs/include/tello_msgs/tello_msgs/srv/detail/tello_action__struct.h\n'}
[17.759564] (-) TimerEvent: {}
[17.773252] (tello_msgs) StdoutLine: {'line': b'-- Up-to-date: /mnt/g/My Drive/Primary/skl-Course/SP26/EECS 206A - Introduction to Robotics/106a_final_project/drone_simulation/install/tello_msgs/include/tello_msgs/tello_msgs/srv/detail/tello_action__type_support.h\n'}
[17.836617] (tello_msgs) StdoutLine: {'line': b'-- Up-to-date: /mnt/g/My Drive/Primary/skl-Course/SP26/EECS 206A - Introduction to Robotics/106a_final_project/drone_simulation/install/tello_msgs/share/tello_msgs/environment/library_path.sh\n'}
[17.859712] (-) TimerEvent: {}
[17.925121] (tello_msgs) StdoutLine: {'line': b'-- Up-to-date: /mnt/g/My Drive/Primary/skl-Course/SP26/EECS 206A - Introduction to Robotics/106a_final_project/drone_simulation/install/tello_msgs/share/tello_msgs/environment/library_path.dsv\n'}
[17.959898] (-) TimerEvent: {}
[18.060860] (-) TimerEvent: {}
[18.081681] (tello_msgs) StdoutLine: {'line': b'-- Up-to-date: /mnt/g/My Drive/Primary/skl-Course/SP26/EECS 206A - Introduction to Robotics/106a_final_project/drone_simulation/install/tello_msgs/lib/libtello_msgs__rosidl_generator_c.so\n'}
[18.161018] (-) TimerEvent: {}
[18.225579] (tello_msgs) StdoutLine: {'line': b'-- Up-to-date: /mnt/g/My Drive/Primary/skl-Course/SP26/EECS 206A - Introduction to Robotics/106a_final_project/drone_simulation/install/tello_msgs/include/tello_msgs/tello_msgs\n'}
[18.261190] (-) TimerEvent: {}
[18.312945] (tello_msgs) StdoutLine: {'line': b'-- Up-to-date: /mnt/g/My Drive/Primary/skl-Course/SP26/EECS 206A - Introduction to Robotics/106a_final_project/drone_simulation/install/tello_msgs/include/tello_msgs/tello_msgs/msg\n'}
[18.361464] (-) TimerEvent: {}
[18.433990] (tello_msgs) StdoutLine: {'line': b'-- Up-to-date: /mnt/g/My Drive/Primary/skl-Course/SP26/EECS 206A - Introduction to Robotics/106a_final_project/drone_simulation/install/tello_msgs/include/tello_msgs/tello_msgs/msg/rosidl_typesupport_fastrtps_c__visibility_control.h\n'}
[18.461589] (-) TimerEvent: {}
[18.507603] (tello_msgs) StdoutLine: {'line': b'-- Up-to-date: /mnt/g/My Drive/Primary/skl-Course/SP26/EECS 206A - Introduction to Robotics/106a_final_project/drone_simulation/install/tello_msgs/include/tello_msgs/tello_msgs/msg/detail\n'}
[18.561825] (-) TimerEvent: {}
[18.647636] (tello_msgs) StdoutLine: {'line': b'-- Up-to-date: /mnt/g/My Drive/Primary/skl-Course/SP26/EECS 206A - Introduction to Robotics/106a_final_project/drone_simulation/install/tello_msgs/include/tello_msgs/tello_msgs/msg/detail/flight_data__rosidl_typesupport_fastrtps_c.h\n'}
[18.667538] (-) TimerEvent: {}
[18.768294] (tello_msgs) StdoutLine: {'line': b'-- Up-to-date: /mnt/g/My Drive/Primary/skl-Course/SP26/EECS 206A - Introduction to Robotics/106a_final_project/drone_simulation/install/tello_msgs/include/tello_msgs/tello_msgs/msg/detail/tello_response__rosidl_typesupport_fastrtps_c.h\n'}
[18.770207] (-) TimerEvent: {}
[18.841182] (tello_msgs) StdoutLine: {'line': b'-- Up-to-date: /mnt/g/My Drive/Primary/skl-Course/SP26/EECS 206A - Introduction to Robotics/106a_final_project/drone_simulation/install/tello_msgs/include/tello_msgs/tello_msgs/srv\n'}
[18.870376] (-) TimerEvent: {}
[18.938908] (tello_msgs) StdoutLine: {'line': b'-- Up-to-date: /mnt/g/My Drive/Primary/skl-Course/SP26/EECS 206A - Introduction to Robotics/106a_final_project/drone_simulation/install/tello_msgs/include/tello_msgs/tello_msgs/srv/detail\n'}
[18.970556] (-) TimerEvent: {}
[19.071417] (-) TimerEvent: {}
[19.087961] (tello_msgs) StdoutLine: {'line': b'-- Up-to-date: /mnt/g/My Drive/Primary/skl-Course/SP26/EECS 206A - Introduction to Robotics/106a_final_project/drone_simulation/install/tello_msgs/include/tello_msgs/tello_msgs/srv/detail/tello_action__rosidl_typesupport_fastrtps_c.h\n'}
[19.171602] (-) TimerEvent: {}
[19.267013] (tello_msgs) StdoutLine: {'line': b'-- Up-to-date: /mnt/g/My Drive/Primary/skl-Course/SP26/EECS 206A - Introduction to Robotics/106a_final_project/drone_simulation/install/tello_msgs/lib/libtello_msgs__rosidl_typesupport_fastrtps_c.so\n'}
[19.271795] (-) TimerEvent: {}
[19.372729] (-) TimerEvent: {}
[19.420324] (tello_msgs) StdoutLine: {'line': b'-- Up-to-date: /mnt/g/My Drive/Primary/skl-Course/SP26/EECS 206A - Introduction to Robotics/106a_final_project/drone_simulation/install/tello_msgs/include/tello_msgs/tello_msgs\n'}
[19.472912] (-) TimerEvent: {}
[19.502077] (tello_msgs) StdoutLine: {'line': b'-- Up-to-date: /mnt/g/My Drive/Primary/skl-Course/SP26/EECS 206A - Introduction to Robotics/106a_final_project/drone_simulation/install/tello_msgs/include/tello_msgs/tello_msgs/msg\n'}
[19.573167] (-) TimerEvent: {}
[19.617503] (tello_msgs) StdoutLine: {'line': b'-- Up-to-date: /mnt/g/My Drive/Primary/skl-Course/SP26/EECS 206A - Introduction to Robotics/106a_final_project/drone_simulation/install/tello_msgs/include/tello_msgs/tello_msgs/msg/rosidl_typesupport_introspection_c__visibility_control.h\n'}
[19.673333] (-) TimerEvent: {}
[19.693063] (tello_msgs) StdoutLine: {'line': b'-- Up-to-date: /mnt/g/My Drive/Primary/skl-Course/SP26/EECS 206A - Introduction to Robotics/106a_final_project/drone_simulation/install/tello_msgs/include/tello_msgs/tello_msgs/msg/detail\n'}
[19.773535] (-) TimerEvent: {}
[19.831186] (tello_msgs) StdoutLine: {'line': b'-- Up-to-date: /mnt/g/My Drive/Primary/skl-Course/SP26/EECS 206A - Introduction to Robotics/106a_final_project/drone_simulation/install/tello_msgs/include/tello_msgs/tello_msgs/msg/detail/flight_data__rosidl_typesupport_introspection_c.h\n'}
[19.873799] (-) TimerEvent: {}
[19.948479] (tello_msgs) StdoutLine: {'line': b'-- Up-to-date: /mnt/g/My Drive/Primary/skl-Course/SP26/EECS 206A - Introduction to Robotics/106a_final_project/drone_simulation/install/tello_msgs/include/tello_msgs/tello_msgs/msg/detail/flight_data__type_support.c\n'}
[19.973995] (-) TimerEvent: {}
[20.075513] (-) TimerEvent: {}
[20.077460] (tello_msgs) StdoutLine: {'line': b'-- Up-to-date: /mnt/g/My Drive/Primary/skl-Course/SP26/EECS 206A - Introduction to Robotics/106a_final_project/drone_simulation/install/tello_msgs/include/tello_msgs/tello_msgs/msg/detail/tello_response__rosidl_typesupport_introspection_c.h\n'}
[20.175678] (-) TimerEvent: {}
[20.195889] (tello_msgs) StdoutLine: {'line': b'-- Up-to-date: /mnt/g/My Drive/Primary/skl-Course/SP26/EECS 206A - Introduction to Robotics/106a_final_project/drone_simulation/install/tello_msgs/include/tello_msgs/tello_msgs/msg/detail/tello_response__type_support.c\n'}
[20.273053] (tello_msgs) StdoutLine: {'line': b'-- Up-to-date: /mnt/g/My Drive/Primary/skl-Course/SP26/EECS 206A - Introduction to Robotics/106a_final_project/drone_simulation/install/tello_msgs/include/tello_msgs/tello_msgs/srv\n'}
[20.275756] (-) TimerEvent: {}
[20.376516] (-) TimerEvent: {}
[20.401132] (tello_msgs) StdoutLine: {'line': b'-- Up-to-date: /mnt/g/My Drive/Primary/skl-Course/SP26/EECS 206A - Introduction to Robotics/106a_final_project/drone_simulation/install/tello_msgs/include/tello_msgs/tello_msgs/srv/detail\n'}
[20.476758] (-) TimerEvent: {}
[20.576959] (tello_msgs) StdoutLine: {'line': b'-- Up-to-date: /mnt/g/My Drive/Primary/skl-Course/SP26/EECS 206A - Introduction to Robotics/106a_final_project/drone_simulation/install/tello_msgs/include/tello_msgs/tello_msgs/srv/detail/tello_action__rosidl_typesupport_introspection_c.h\n'}
[20.578862] (-) TimerEvent: {}
[20.679653] (-) TimerEvent: {}
[20.704777] (tello_msgs) StdoutLine: {'line': b'-- Up-to-date: /mnt/g/My Drive/Primary/skl-Course/SP26/EECS 206A - Introduction to Robotics/106a_final_project/drone_simulation/install/tello_msgs/include/tello_msgs/tello_msgs/srv/detail/tello_action__type_support.c\n'}
[20.779849] (-) TimerEvent: {}
[20.879815] (tello_msgs) StdoutLine: {'line': b'-- Up-to-date: /mnt/g/My Drive/Primary/skl-Course/SP26/EECS 206A - Introduction to Robotics/106a_final_project/drone_simulation/install/tello_msgs/lib/libtello_msgs__rosidl_typesupport_introspection_c.so\n'}
[20.881818] (-) TimerEvent: {}
[20.982598] (-) TimerEvent: {}
[21.084244] (-) TimerEvent: {}
[21.103770] (tello_msgs) StdoutLine: {'line': b'-- Up-to-date: /mnt/g/My Drive/Primary/skl-Course/SP26/EECS 206A - Introduction to Robotics/106a_final_project/drone_simulation/install/tello_msgs/lib/libtello_msgs__rosidl_typesupport_c.so\n'}
[21.184409] (-) TimerEvent: {}
[21.245307] (tello_msgs) StdoutLine: {'line': b'-- Up-to-date: /mnt/g/My Drive/Primary/skl-Course/SP26/EECS 206A - Introduction to Robotics/106a_final_project/drone_simulation/install/tello_msgs/include/tello_msgs/tello_msgs\n'}
[21.284581] (-) TimerEvent: {}
[21.324034] (tello_msgs) StdoutLine: {'line': b'-- Up-to-date: /mnt/g/My Drive/Primary/skl-Course/SP26/EECS 206A - Introduction to Robotics/106a_final_project/drone_simulation/install/tello_msgs/include/tello_msgs/tello_msgs/msg\n'}
[21.384745] (-) TimerEvent: {}
[21.443590] (tello_msgs) StdoutLine: {'line': b'-- Up-to-date: /mnt/g/My Drive/Primary/skl-Course/SP26/EECS 206A - Introduction to Robotics/106a_final_project/drone_simulation/install/tello_msgs/include/tello_msgs/tello_msgs/msg/rosidl_generator_cpp__visibility_control.hpp\n'}
[21.484924] (-) TimerEvent: {}
[21.526694] (tello_msgs) StdoutLine: {'line': b'-- Up-to-date: /mnt/g/My Drive/Primary/skl-Course/SP26/EECS 206A - Introduction to Robotics/106a_final_project/drone_simulation/install/tello_msgs/include/tello_msgs/tello_msgs/msg/flight_data.hpp\n'}
[21.585119] (-) TimerEvent: {}
[21.599827] (tello_msgs) StdoutLine: {'line': b'-- Up-to-date: /mnt/g/My Drive/Primary/skl-Course/SP26/EECS 206A - Introduction to Robotics/106a_final_project/drone_simulation/install/tello_msgs/include/tello_msgs/tello_msgs/msg/detail\n'}
[21.685274] (-) TimerEvent: {}
[21.734696] (tello_msgs) StdoutLine: {'line': b'-- Up-to-date: /mnt/g/My Drive/Primary/skl-Course/SP26/EECS 206A - Introduction to Robotics/106a_final_project/drone_simulation/install/tello_msgs/include/tello_msgs/tello_msgs/msg/detail/flight_data__builder.hpp\n'}
[21.785475] (-) TimerEvent: {}
[21.853483] (tello_msgs) StdoutLine: {'line': b'-- Up-to-date: /mnt/g/My Drive/Primary/skl-Course/SP26/EECS 206A - Introduction to Robotics/106a_final_project/drone_simulation/install/tello_msgs/include/tello_msgs/tello_msgs/msg/detail/flight_data__struct.hpp\n'}
[21.885766] (-) TimerEvent: {}
[21.977659] (tello_msgs) StdoutLine: {'line': b'-- Up-to-date: /mnt/g/My Drive/Primary/skl-Course/SP26/EECS 206A - Introduction to Robotics/106a_final_project/drone_simulation/install/tello_msgs/include/tello_msgs/tello_msgs/msg/detail/flight_data__traits.hpp\n'}
[21.985887] (-) TimerEvent: {}
[22.086693] (-) TimerEvent: {}
[22.091698] (tello_msgs) StdoutLine: {'line': b'-- Up-to-date: /mnt/g/My Drive/Primary/skl-Course/SP26/EECS 206A - Introduction to Robotics/106a_final_project/drone_simulation/install/tello_msgs/include/tello_msgs/tello_msgs/msg/detail/flight_data__type_support.hpp\n'}
[22.186877] (-) TimerEvent: {}
[22.205186] (tello_msgs) StdoutLine: {'line': b'-- Up-to-date: /mnt/g/My Drive/Primary/skl-Course/SP26/EECS 206A - Introduction to Robotics/106a_final_project/drone_simulation/install/tello_msgs/include/tello_msgs/tello_msgs/msg/detail/tello_response__builder.hpp\n'}
[22.287046] (-) TimerEvent: {}
[22.317140] (tello_msgs) StdoutLine: {'line': b'-- Up-to-date: /mnt/g/My Drive/Primary/skl-Course/SP26/EECS 206A - Introduction to Robotics/106a_final_project/drone_simulation/install/tello_msgs/include/tello_msgs/tello_msgs/msg/detail/tello_response__struct.hpp\n'}
[22.387216] (-) TimerEvent: {}
[22.434749] (tello_msgs) StdoutLine: {'line': b'-- Up-to-date: /mnt/g/My Drive/Primary/skl-Course/SP26/EECS 206A - Introduction to Robotics/106a_final_project/drone_simulation/install/tello_msgs/include/tello_msgs/tello_msgs/msg/detail/tello_response__traits.hpp\n'}
[22.487394] (-) TimerEvent: {}
[22.549634] (tello_msgs) StdoutLine: {'line': b'-- Up-to-date: /mnt/g/My Drive/Primary/skl-Course/SP26/EECS 206A - Introduction to Robotics/106a_final_project/drone_simulation/install/tello_msgs/include/tello_msgs/tello_msgs/msg/detail/tello_response__type_support.hpp\n'}
[22.587544] (-) TimerEvent: {}
[22.651822] (tello_msgs) StdoutLine: {'line': b'-- Up-to-date: /mnt/g/My Drive/Primary/skl-Course/SP26/EECS 206A - Introduction to Robotics/106a_final_project/drone_simulation/install/tello_msgs/include/tello_msgs/tello_msgs/msg/tello_response.hpp\n'}
[22.687693] (-) TimerEvent: {}
[22.729896] (tello_msgs) StdoutLine: {'line': b'-- Up-to-date: /mnt/g/My Drive/Primary/skl-Course/SP26/EECS 206A - Introduction to Robotics/106a_final_project/drone_simulation/install/tello_msgs/include/tello_msgs/tello_msgs/srv\n'}
[22.787868] (-) TimerEvent: {}
[22.869834] (tello_msgs) StdoutLine: {'line': b'-- Up-to-date: /mnt/g/My Drive/Primary/skl-Course/SP26/EECS 206A - Introduction to Robotics/106a_final_project/drone_simulation/install/tello_msgs/include/tello_msgs/tello_msgs/srv/tello_action.hpp\n'}
[22.888073] (-) TimerEvent: {}
[22.958134] (tello_msgs) StdoutLine: {'line': b'-- Up-to-date: /mnt/g/My Drive/Primary/skl-Course/SP26/EECS 206A - Introduction to Robotics/106a_final_project/drone_simulation/install/tello_msgs/include/tello_msgs/tello_msgs/srv/detail\n'}
[22.988258] (-) TimerEvent: {}
[23.089232] (-) TimerEvent: {}
[23.102749] (tello_msgs) StdoutLine: {'line': b'-- Up-to-date: /mnt/g/My Drive/Primary/skl-Course/SP26/EECS 206A - Introduction to Robotics/106a_final_project/drone_simulation/install/tello_msgs/include/tello_msgs/tello_msgs/srv/detail/tello_action__builder.hpp\n'}
[23.189491] (-) TimerEvent: {}
[23.213147] (tello_msgs) StdoutLine: {'line': b'-- Up-to-date: /mnt/g/My Drive/Primary/skl-Course/SP26/EECS 206A - Introduction to Robotics/106a_final_project/drone_simulation/install/tello_msgs/include/tello_msgs/tello_msgs/srv/detail/tello_action__struct.hpp\n'}
[23.289641] (-) TimerEvent: {}
[23.321756] (tello_msgs) StdoutLine: {'line': b'-- Up-to-date: /mnt/g/My Drive/Primary/skl-Course/SP26/EECS 206A - Introduction to Robotics/106a_final_project/drone_simulation/install/tello_msgs/include/tello_msgs/tello_msgs/srv/detail/tello_action__traits.hpp\n'}
[23.389794] (-) TimerEvent: {}
[23.430802] (tello_msgs) StdoutLine: {'line': b'-- Up-to-date: /mnt/g/My Drive/Primary/skl-Course/SP26/EECS 206A - Introduction to Robotics/106a_final_project/drone_simulation/install/tello_msgs/include/tello_msgs/tello_msgs/srv/detail/tello_action__type_support.hpp\n'}
[23.490092] (-) TimerEvent: {}
[23.494496] (tello_msgs) StdoutLine: {'line': b'-- Up-to-date: /mnt/g/My Drive/Primary/skl-Course/SP26/EECS 206A - Introduction to Robotics/106a_final_project/drone_simulation/install/tello_msgs/include/tello_msgs/tello_msgs\n'}
[23.575967] (tello_msgs) StdoutLine: {'line': b'-- Up-to-date: /mnt/g/My Drive/Primary/skl-Course/SP26/EECS 206A - Introduction to Robotics/106a_final_project/drone_simulation/install/tello_msgs/include/tello_msgs/tello_msgs/msg\n'}
[23.590224] (-) TimerEvent: {}
[23.688588] (tello_msgs) StdoutLine: {'line': b'-- Up-to-date: /mnt/g/My Drive/Primary/skl-Course/SP26/EECS 206A - Introduction to Robotics/106a_final_project/drone_simulation/install/tello_msgs/include/tello_msgs/tello_msgs/msg/rosidl_typesupport_fastrtps_cpp__visibility_control.h\n'}
[23.690309] (-) TimerEvent: {}
[23.765282] (tello_msgs) StdoutLine: {'line': b'-- Up-to-date: /mnt/g/My Drive/Primary/skl-Course/SP26/EECS 206A - Introduction to Robotics/106a_final_project/drone_simulation/install/tello_msgs/include/tello_msgs/tello_msgs/msg/detail\n'}
[23.790509] (-) TimerEvent: {}
[23.891466] (-) TimerEvent: {}
[23.901947] (tello_msgs) StdoutLine: {'line': b'-- Up-to-date: /mnt/g/My Drive/Primary/skl-Course/SP26/EECS 206A - Introduction to Robotics/106a_final_project/drone_simulation/install/tello_msgs/include/tello_msgs/tello_msgs/msg/detail/flight_data__rosidl_typesupport_fastrtps_cpp.hpp\n'}
[23.991688] (-) TimerEvent: {}
[24.009555] (tello_msgs) StdoutLine: {'line': b'-- Up-to-date: /mnt/g/My Drive/Primary/skl-Course/SP26/EECS 206A - Introduction to Robotics/106a_final_project/drone_simulation/install/tello_msgs/include/tello_msgs/tello_msgs/msg/detail/dds_fastrtps\n'}
[24.091858] (-) TimerEvent: {}
[24.176092] (tello_msgs) StdoutLine: {'line': b'-- Up-to-date: /mnt/g/My Drive/Primary/skl-Course/SP26/EECS 206A - Introduction to Robotics/106a_final_project/drone_simulation/install/tello_msgs/include/tello_msgs/tello_msgs/msg/detail/tello_response__rosidl_typesupport_fastrtps_cpp.hpp\n'}
[24.192014] (-) TimerEvent: {}
[24.246538] (tello_msgs) StdoutLine: {'line': b'-- Up-to-date: /mnt/g/My Drive/Primary/skl-Course/SP26/EECS 206A - Introduction to Robotics/106a_final_project/drone_simulation/install/tello_msgs/include/tello_msgs/tello_msgs/srv\n'}
[24.292211] (-) TimerEvent: {}
[24.348433] (tello_msgs) StdoutLine: {'line': b'-- Up-to-date: /mnt/g/My Drive/Primary/skl-Course/SP26/EECS 206A - Introduction to Robotics/106a_final_project/drone_simulation/install/tello_msgs/include/tello_msgs/tello_msgs/srv/detail\n'}
[24.392413] (-) TimerEvent: {}
[24.493401] (-) TimerEvent: {}
[24.499115] (tello_msgs) StdoutLine: {'line': b'-- Up-to-date: /mnt/g/My Drive/Primary/skl-Course/SP26/EECS 206A - Introduction to Robotics/106a_final_project/drone_simulation/install/tello_msgs/include/tello_msgs/tello_msgs/srv/detail/tello_action__rosidl_typesupport_fastrtps_cpp.hpp\n'}
[24.590664] (tello_msgs) StdoutLine: {'line': b'-- Up-to-date: /mnt/g/My Drive/Primary/skl-Course/SP26/EECS 206A - Introduction to Robotics/106a_final_project/drone_simulation/install/tello_msgs/include/tello_msgs/tello_msgs/srv/detail/dds_fastrtps\n'}
[24.593488] (-) TimerEvent: {}
[24.694189] (-) TimerEvent: {}
[24.785720] (tello_msgs) StdoutLine: {'line': b'-- Up-to-date: /mnt/g/My Drive/Primary/skl-Course/SP26/EECS 206A - Introduction to Robotics/106a_final_project/drone_simulation/install/tello_msgs/lib/libtello_msgs__rosidl_typesupport_fastrtps_cpp.so\n'}
[24.794389] (-) TimerEvent: {}
[24.895293] (-) TimerEvent: {}
[24.943772] (tello_msgs) StdoutLine: {'line': b'-- Up-to-date: /mnt/g/My Drive/Primary/skl-Course/SP26/EECS 206A - Introduction to Robotics/106a_final_project/drone_simulation/install/tello_msgs/include/tello_msgs/tello_msgs\n'}
[24.995556] (-) TimerEvent: {}
[25.028457] (tello_msgs) StdoutLine: {'line': b'-- Up-to-date: /mnt/g/My Drive/Primary/skl-Course/SP26/EECS 206A - Introduction to Robotics/106a_final_project/drone_simulation/install/tello_msgs/include/tello_msgs/tello_msgs/msg\n'}
[25.095791] (-) TimerEvent: {}
[25.135532] (tello_msgs) StdoutLine: {'line': b'-- Up-to-date: /mnt/g/My Drive/Primary/skl-Course/SP26/EECS 206A - Introduction to Robotics/106a_final_project/drone_simulation/install/tello_msgs/include/tello_msgs/tello_msgs/msg/detail\n'}
[25.195950] (-) TimerEvent: {}
[25.281561] (tello_msgs) StdoutLine: {'line': b'-- Up-to-date: /mnt/g/My Drive/Primary/skl-Course/SP26/EECS 206A - Introduction to Robotics/106a_final_project/drone_simulation/install/tello_msgs/include/tello_msgs/tello_msgs/msg/detail/flight_data__rosidl_typesupport_introspection_cpp.hpp\n'}
[25.296146] (-) TimerEvent: {}
[25.393748] (tello_msgs) StdoutLine: {'line': b'-- Up-to-date: /mnt/g/My Drive/Primary/skl-Course/SP26/EECS 206A - Introduction to Robotics/106a_final_project/drone_simulation/install/tello_msgs/include/tello_msgs/tello_msgs/msg/detail/flight_data__type_support.cpp\n'}
[25.396234] (-) TimerEvent: {}
[25.497012] (-) TimerEvent: {}
[25.517078] (tello_msgs) StdoutLine: {'line': b'-- Up-to-date: /mnt/g/My Drive/Primary/skl-Course/SP26/EECS 206A - Introduction to Robotics/106a_final_project/drone_simulation/install/tello_msgs/include/tello_msgs/tello_msgs/msg/detail/tello_response__rosidl_typesupport_introspection_cpp.hpp\n'}
[25.597177] (-) TimerEvent: {}
[25.648734] (tello_msgs) StdoutLine: {'line': b'-- Up-to-date: /mnt/g/My Drive/Primary/skl-Course/SP26/EECS 206A - Introduction to Robotics/106a_final_project/drone_simulation/install/tello_msgs/include/tello_msgs/tello_msgs/msg/detail/tello_response__type_support.cpp\n'}
[25.697361] (-) TimerEvent: {}
[25.731382] (tello_msgs) StdoutLine: {'line': b'-- Up-to-date: /mnt/g/My Drive/Primary/skl-Course/SP26/EECS 206A - Introduction to Robotics/106a_final_project/drone_simulation/install/tello_msgs/include/tello_msgs/tello_msgs/srv\n'}
[25.797623] (-) TimerEvent: {}
[25.865164] (tello_msgs) StdoutLine: {'line': b'-- Up-to-date: /mnt/g/My Drive/Primary/skl-Course/SP26/EECS 206A - Introduction to Robotics/106a_final_project/drone_simulation/install/tello_msgs/include/tello_msgs/tello_msgs/srv/detail\n'}
[25.897796] (-) TimerEvent: {}
[25.998844] (-) TimerEvent: {}
[26.036906] (tello_msgs) StdoutLine: {'line': b'-- Up-to-date: /mnt/g/My Drive/Primary/skl-Course/SP26/EECS 206A - Introduction to Robotics/106a_final_project/drone_simulation/install/tello_msgs/include/tello_msgs/tello_msgs/srv/detail/tello_action__rosidl_typesupport_introspection_cpp.hpp\n'}
[26.099089] (-) TimerEvent: {}
[26.152002] (tello_msgs) StdoutLine: {'line': b'-- Up-to-date: /mnt/g/My Drive/Primary/skl-Course/SP26/EECS 206A - Introduction to Robotics/106a_final_project/drone_simulation/install/tello_msgs/include/tello_msgs/tello_msgs/srv/detail/tello_action__type_support.cpp\n'}
[26.199241] (-) TimerEvent: {}
[26.300253] (-) TimerEvent: {}
[26.328345] (tello_msgs) StdoutLine: {'line': b'-- Up-to-date: /mnt/g/My Drive/Primary/skl-Course/SP26/EECS 206A - Introduction to Robotics/106a_final_project/drone_simulation/install/tello_msgs/lib/libtello_msgs__rosidl_typesupport_introspection_cpp.so\n'}
[26.400425] (-) TimerEvent: {}
[26.501384] (-) TimerEvent: {}
[26.564500] (tello_msgs) StdoutLine: {'line': b'-- Up-to-date: /mnt/g/My Drive/Primary/skl-Course/SP26/EECS 206A - Introduction to Robotics/106a_final_project/drone_simulation/install/tello_msgs/lib/libtello_msgs__rosidl_typesupport_cpp.so\n'}
[26.601528] (-) TimerEvent: {}
[26.703106] (-) TimerEvent: {}
[26.746004] (tello_msgs) StdoutLine: {'line': b'-- Up-to-date: /mnt/g/My Drive/Primary/skl-Course/SP26/EECS 206A - Introduction to Robotics/106a_final_project/drone_simulation/install/tello_msgs/share/tello_msgs/environment/pythonpath.sh\n'}
[26.803279] (-) TimerEvent: {}
[26.840001] (tello_msgs) StdoutLine: {'line': b'-- Up-to-date: /mnt/g/My Drive/Primary/skl-Course/SP26/EECS 206A - Introduction to Robotics/106a_final_project/drone_simulation/install/tello_msgs/share/tello_msgs/environment/pythonpath.dsv\n'}
[26.903462] (-) TimerEvent: {}
[26.908215] (tello_msgs) StdoutLine: {'line': b'-- Up-to-date: /mnt/g/My Drive/Primary/skl-Course/SP26/EECS 206A - Introduction to Robotics/106a_final_project/drone_simulation/install/tello_msgs/local/lib/python3.10/dist-packages/tello_msgs-0.1.0-py3.10.egg-info\n'}
[27.003652] (-) TimerEvent: {}
[27.032376] (tello_msgs) StdoutLine: {'line': b'-- Installing: /mnt/g/My Drive/Primary/skl-Course/SP26/EECS 206A - Introduction to Robotics/106a_final_project/drone_simulation/install/tello_msgs/local/lib/python3.10/dist-packages/tello_msgs-0.1.0-py3.10.egg-info/PKG-INFO\n'}
[27.103834] (-) TimerEvent: {}
[27.205054] (-) TimerEvent: {}
[27.306317] (-) TimerEvent: {}
[27.407470] (-) TimerEvent: {}
[27.444397] (tello_msgs) StdoutLine: {'line': b'-- Installing: /mnt/g/My Drive/Primary/skl-Course/SP26/EECS 206A - Introduction to Robotics/106a_final_project/drone_simulation/install/tello_msgs/local/lib/python3.10/dist-packages/tello_msgs-0.1.0-py3.10.egg-info/dependency_links.txt\n'}
[27.507694] (-) TimerEvent: {}
[27.608792] (-) TimerEvent: {}
[27.709766] (-) TimerEvent: {}
[27.810775] (-) TimerEvent: {}
[27.876265] (tello_msgs) StdoutLine: {'line': b'-- Installing: /mnt/g/My Drive/Primary/skl-Course/SP26/EECS 206A - Introduction to Robotics/106a_final_project/drone_simulation/install/tello_msgs/local/lib/python3.10/dist-packages/tello_msgs-0.1.0-py3.10.egg-info/top_level.txt\n'}
[27.910987] (-) TimerEvent: {}
[28.012044] (-) TimerEvent: {}
[28.113143] (-) TimerEvent: {}
[28.214233] (-) TimerEvent: {}
[28.311649] (tello_msgs) StdoutLine: {'line': b'-- Installing: /mnt/g/My Drive/Primary/skl-Course/SP26/EECS 206A - Introduction to Robotics/106a_final_project/drone_simulation/install/tello_msgs/local/lib/python3.10/dist-packages/tello_msgs-0.1.0-py3.10.egg-info/SOURCES.txt\n'}
[28.314350] (-) TimerEvent: {}
[28.415238] (-) TimerEvent: {}
[28.516631] (-) TimerEvent: {}
[28.617534] (-) TimerEvent: {}
[28.691577] (tello_msgs) StdoutLine: {'line': b'-- Up-to-date: /mnt/g/My Drive/Primary/skl-Course/SP26/EECS 206A - Introduction to Robotics/106a_final_project/drone_simulation/install/tello_msgs/local/lib/python3.10/dist-packages/tello_msgs\n'}
[28.717711] (-) TimerEvent: {}
[28.808906] (tello_msgs) StdoutLine: {'line': b'-- Up-to-date: /mnt/g/My Drive/Primary/skl-Course/SP26/EECS 206A - Introduction to Robotics/106a_final_project/drone_simulation/install/tello_msgs/local/lib/python3.10/dist-packages/tello_msgs/__init__.py\n'}
[28.817886] (-) TimerEvent: {}
[28.887692] (tello_msgs) StdoutLine: {'line': b'-- Up-to-date: /mnt/g/My Drive/Primary/skl-Course/SP26/EECS 206A - Introduction to Robotics/106a_final_project/drone_simulation/install/tello_msgs/local/lib/python3.10/dist-packages/tello_msgs/msg\n'}
[28.918040] (-) TimerEvent: {}
[29.018997] (-) TimerEvent: {}
[29.029242] (tello_msgs) StdoutLine: {'line': b'-- Up-to-date: /mnt/g/My Drive/Primary/skl-Course/SP26/EECS 206A - Introduction to Robotics/106a_final_project/drone_simulation/install/tello_msgs/local/lib/python3.10/dist-packages/tello_msgs/msg/_flight_data.py\n'}
[29.119153] (-) TimerEvent: {}
[29.138367] (tello_msgs) StdoutLine: {'line': b'-- Up-to-date: /mnt/g/My Drive/Primary/skl-Course/SP26/EECS 206A - Introduction to Robotics/106a_final_project/drone_simulation/install/tello_msgs/local/lib/python3.10/dist-packages/tello_msgs/msg/_flight_data_s.c\n'}
[29.219342] (-) TimerEvent: {}
[29.254055] (tello_msgs) StdoutLine: {'line': b'-- Up-to-date: /mnt/g/My Drive/Primary/skl-Course/SP26/EECS 206A - Introduction to Robotics/106a_final_project/drone_simulation/install/tello_msgs/local/lib/python3.10/dist-packages/tello_msgs/msg/_tello_response.py\n'}
[29.319528] (-) TimerEvent: {}
[29.355766] (tello_msgs) StdoutLine: {'line': b'-- Up-to-date: /mnt/g/My Drive/Primary/skl-Course/SP26/EECS 206A - Introduction to Robotics/106a_final_project/drone_simulation/install/tello_msgs/local/lib/python3.10/dist-packages/tello_msgs/msg/_tello_response_s.c\n'}
[29.419744] (-) TimerEvent: {}
[29.469408] (tello_msgs) StdoutLine: {'line': b'-- Up-to-date: /mnt/g/My Drive/Primary/skl-Course/SP26/EECS 206A - Introduction to Robotics/106a_final_project/drone_simulation/install/tello_msgs/local/lib/python3.10/dist-packages/tello_msgs/msg/__init__.py\n'}
[29.519936] (-) TimerEvent: {}
[29.557179] (tello_msgs) StdoutLine: {'line': b'-- Up-to-date: /mnt/g/My Drive/Primary/skl-Course/SP26/EECS 206A - Introduction to Robotics/106a_final_project/drone_simulation/install/tello_msgs/local/lib/python3.10/dist-packages/tello_msgs/srv\n'}
[29.620123] (-) TimerEvent: {}
[29.697855] (tello_msgs) StdoutLine: {'line': b'-- Up-to-date: /mnt/g/My Drive/Primary/skl-Course/SP26/EECS 206A - Introduction to Robotics/106a_final_project/drone_simulation/install/tello_msgs/local/lib/python3.10/dist-packages/tello_msgs/srv/_tello_action.py\n'}
[29.720305] (-) TimerEvent: {}
[29.807346] (tello_msgs) StdoutLine: {'line': b'-- Up-to-date: /mnt/g/My Drive/Primary/skl-Course/SP26/EECS 206A - Introduction to Robotics/106a_final_project/drone_simulation/install/tello_msgs/local/lib/python3.10/dist-packages/tello_msgs/srv/_tello_action_s.c\n'}
[29.820504] (-) TimerEvent: {}
[29.915614] (tello_msgs) StdoutLine: {'line': b'-- Up-to-date: /mnt/g/My Drive/Primary/skl-Course/SP26/EECS 206A - Introduction to Robotics/106a_final_project/drone_simulation/install/tello_msgs/local/lib/python3.10/dist-packages/tello_msgs/srv/__init__.py\n'}
[29.920574] (-) TimerEvent: {}
[30.013672] (tello_msgs) StdoutLine: {'line': b'-- Up-to-date: /mnt/g/My Drive/Primary/skl-Course/SP26/EECS 206A - Introduction to Robotics/106a_final_project/drone_simulation/install/tello_msgs/local/lib/python3.10/dist-packages/tello_msgs/_tello_msgs_s.ep.rosidl_typesupport_fastrtps_c.c\n'}
[30.020670] (-) TimerEvent: {}
[30.105872] (tello_msgs) StdoutLine: {'line': b'-- Up-to-date: /mnt/g/My Drive/Primary/skl-Course/SP26/EECS 206A - Introduction to Robotics/106a_final_project/drone_simulation/install/tello_msgs/local/lib/python3.10/dist-packages/tello_msgs/_tello_msgs_s.ep.rosidl_typesupport_introspection_c.c\n'}
[30.120936] (-) TimerEvent: {}
[30.197407] (tello_msgs) StdoutLine: {'line': b'-- Up-to-date: /mnt/g/My Drive/Primary/skl-Course/SP26/EECS 206A - Introduction to Robotics/106a_final_project/drone_simulation/install/tello_msgs/local/lib/python3.10/dist-packages/tello_msgs/_tello_msgs_s.ep.rosidl_typesupport_c.c\n'}
[30.221086] (-) TimerEvent: {}
[30.290505] (tello_msgs) StdoutLine: {'line': b'-- Up-to-date: /mnt/g/My Drive/Primary/skl-Course/SP26/EECS 206A - Introduction to Robotics/106a_final_project/drone_simulation/install/tello_msgs/local/lib/python3.10/dist-packages/tello_msgs/libtello_msgs__rosidl_generator_py.so\n'}
[30.321236] (-) TimerEvent: {}
[30.382973] (tello_msgs) StdoutLine: {'line': b'-- Up-to-date: /mnt/g/My Drive/Primary/skl-Course/SP26/EECS 206A - Introduction to Robotics/106a_final_project/drone_simulation/install/tello_msgs/local/lib/python3.10/dist-packages/tello_msgs/tello_msgs_s__rosidl_typesupport_c.cpython-310-x86_64-linux-gnu.so\n'}
[30.421424] (-) TimerEvent: {}
[30.476250] (tello_msgs) StdoutLine: {'line': b'-- Up-to-date: /mnt/g/My Drive/Primary/skl-Course/SP26/EECS 206A - Introduction to Robotics/106a_final_project/drone_simulation/install/tello_msgs/local/lib/python3.10/dist-packages/tello_msgs/tello_msgs_s__rosidl_typesupport_fastrtps_c.cpython-310-x86_64-linux-gnu.so\n'}
[30.521510] (-) TimerEvent: {}
[30.578956] (tello_msgs) StdoutLine: {'line': b'-- Up-to-date: /mnt/g/My Drive/Primary/skl-Course/SP26/EECS 206A - Introduction to Robotics/106a_final_project/drone_simulation/install/tello_msgs/local/lib/python3.10/dist-packages/tello_msgs/tello_msgs_s__rosidl_typesupport_introspection_c.cpython-310-x86_64-linux-gnu.so\n'}
[30.621676] (-) TimerEvent: {}
[30.722823] (-) TimerEvent: {}
[30.823695] (-) TimerEvent: {}
[30.924552] (-) TimerEvent: {}
[31.025528] (-) TimerEvent: {}
[31.126383] (-) TimerEvent: {}
[31.227316] (-) TimerEvent: {}
[31.328511] (-) TimerEvent: {}
[31.429517] (-) TimerEvent: {}
[31.530692] (-) TimerEvent: {}
[31.632408] (-) TimerEvent: {}
[31.734022] (-) TimerEvent: {}
[31.835097] (-) TimerEvent: {}
[31.927462] (tello_msgs) StdoutLine: {'line': b"Listing '/mnt/g/My Drive/Primary/skl-Course/SP26/EECS 206A - Introduction to Robotics/106a_final_project/drone_simulation/install/tello_msgs/local/lib/python3.10/dist-packages/tello_msgs'...\n"}
[31.929890] (tello_msgs) StdoutLine: {'line': b"Listing '/mnt/g/My Drive/Primary/skl-Course/SP26/EECS 206A - Introduction to Robotics/106a_final_project/drone_simulation/install/tello_msgs/local/lib/python3.10/dist-packages/tello_msgs/msg'...\n"}
[31.932096] (tello_msgs) StdoutLine: {'line': b"Listing '/mnt/g/My Drive/Primary/skl-Course/SP26/EECS 206A - Introduction to Robotics/106a_final_project/drone_simulation/install/tello_msgs/local/lib/python3.10/dist-packages/tello_msgs/srv'...\n"}
[31.935199] (-) TimerEvent: {}
[32.036062] (-) TimerEvent: {}
[32.137196] (-) TimerEvent: {}
[32.238154] (-) TimerEvent: {}
[32.287297] (tello_msgs) StdoutLine: {'line': b'-- Up-to-date: /mnt/g/My Drive/Primary/skl-Course/SP26/EECS 206A - Introduction to Robotics/106a_final_project/drone_simulation/install/tello_msgs/local/lib/python3.10/dist-packages/tello_msgs/tello_msgs_s__rosidl_typesupport_fastrtps_c.cpython-310-x86_64-linux-gnu.so\n'}
[32.338379] (-) TimerEvent: {}
[32.439595] (-) TimerEvent: {}
[32.540859] (-) TimerEvent: {}
[32.641961] (-) TimerEvent: {}
[32.743197] (-) TimerEvent: {}
[32.798850] (tello_msgs) StdoutLine: {'line': b'-- Up-to-date: /mnt/g/My Drive/Primary/skl-Course/SP26/EECS 206A - Introduction to Robotics/106a_final_project/drone_simulation/install/tello_msgs/local/lib/python3.10/dist-packages/tello_msgs/tello_msgs_s__rosidl_typesupport_introspection_c.cpython-310-x86_64-linux-gnu.so\n'}
[32.843436] (-) TimerEvent: {}
[32.944930] (-) TimerEvent: {}
[33.045969] (-) TimerEvent: {}
[33.147115] (-) TimerEvent: {}
[33.243905] (tello_msgs) StdoutLine: {'line': b'-- Up-to-date: /mnt/g/My Drive/Primary/skl-Course/SP26/EECS 206A - Introduction to Robotics/106a_final_project/drone_simulation/install/tello_msgs/local/lib/python3.10/dist-packages/tello_msgs/tello_msgs_s__rosidl_typesupport_c.cpython-310-x86_64-linux-gnu.so\n'}
[33.247256] (-) TimerEvent: {}
[33.348191] (-) TimerEvent: {}
[33.449095] (-) TimerEvent: {}
[33.550308] (-) TimerEvent: {}
[33.598635] (tello_msgs) StdoutLine: {'line': b'-- Up-to-date: /mnt/g/My Drive/Primary/skl-Course/SP26/EECS 206A - Introduction to Robotics/106a_final_project/drone_simulation/install/tello_msgs/lib/libtello_msgs__rosidl_generator_py.so\n'}
[33.650549] (-) TimerEvent: {}
[33.751739] (-) TimerEvent: {}
[33.832820] (tello_msgs) StdoutLine: {'line': b'-- Up-to-date: /mnt/g/My Drive/Primary/skl-Course/SP26/EECS 206A - Introduction to Robotics/106a_final_project/drone_simulation/install/tello_msgs/share/ament_index/resource_index/rust_packages/tello_msgs\n'}
[33.851956] (-) TimerEvent: {}
[33.907905] (tello_msgs) StdoutLine: {'line': b'-- Up-to-date: /mnt/g/My Drive/Primary/skl-Course/SP26/EECS 206A - Introduction to Robotics/106a_final_project/drone_simulation/install/tello_msgs/share/tello_msgs/rust\n'}
[33.952108] (-) TimerEvent: {}
[33.995142] (tello_msgs) StdoutLine: {'line': b'-- Up-to-date: /mnt/g/My Drive/Primary/skl-Course/SP26/EECS 206A - Introduction to Robotics/106a_final_project/drone_simulation/install/tello_msgs/share/tello_msgs/rust/src\n'}
[34.052304] (-) TimerEvent: {}
[34.127604] (tello_msgs) StdoutLine: {'line': b'-- Up-to-date: /mnt/g/My Drive/Primary/skl-Course/SP26/EECS 206A - Introduction to Robotics/106a_final_project/drone_simulation/install/tello_msgs/share/tello_msgs/rust/src/msg.rs\n'}
[34.152501] (-) TimerEvent: {}
[34.217037] (tello_msgs) StdoutLine: {'line': b'-- Up-to-date: /mnt/g/My Drive/Primary/skl-Course/SP26/EECS 206A - Introduction to Robotics/106a_final_project/drone_simulation/install/tello_msgs/share/tello_msgs/rust/src/msg\n'}
[34.252689] (-) TimerEvent: {}
[34.353712] (-) TimerEvent: {}
[34.400912] (tello_msgs) StdoutLine: {'line': b'-- Up-to-date: /mnt/g/My Drive/Primary/skl-Course/SP26/EECS 206A - Introduction to Robotics/106a_final_project/drone_simulation/install/tello_msgs/share/tello_msgs/rust/src/msg/rmw.rs\n'}
[34.453891] (-) TimerEvent: {}
[34.518338] (tello_msgs) StdoutLine: {'line': b'-- Up-to-date: /mnt/g/My Drive/Primary/skl-Course/SP26/EECS 206A - Introduction to Robotics/106a_final_project/drone_simulation/install/tello_msgs/share/tello_msgs/rust/src/srv.rs\n'}
[34.554171] (-) TimerEvent: {}
[34.612739] (tello_msgs) StdoutLine: {'line': b'-- Up-to-date: /mnt/g/My Drive/Primary/skl-Course/SP26/EECS 206A - Introduction to Robotics/106a_final_project/drone_simulation/install/tello_msgs/share/tello_msgs/rust/src/srv\n'}
[34.654337] (-) TimerEvent: {}
[34.755287] (-) TimerEvent: {}
[34.779452] (tello_msgs) StdoutLine: {'line': b'-- Up-to-date: /mnt/g/My Drive/Primary/skl-Course/SP26/EECS 206A - Introduction to Robotics/106a_final_project/drone_simulation/install/tello_msgs/share/tello_msgs/rust/src/srv/rmw.rs\n'}
[34.855516] (-) TimerEvent: {}
[34.900190] (tello_msgs) StdoutLine: {'line': b'-- Up-to-date: /mnt/g/My Drive/Primary/skl-Course/SP26/EECS 206A - Introduction to Robotics/106a_final_project/drone_simulation/install/tello_msgs/share/tello_msgs/rust/src/lib.rs\n'}
[34.955682] (-) TimerEvent: {}
[34.998198] (tello_msgs) StdoutLine: {'line': b'-- Up-to-date: /mnt/g/My Drive/Primary/skl-Course/SP26/EECS 206A - Introduction to Robotics/106a_final_project/drone_simulation/install/tello_msgs/share/tello_msgs/rust/Cargo.toml\n'}
[35.055856] (-) TimerEvent: {}
[35.091596] (tello_msgs) StdoutLine: {'line': b'-- Up-to-date: /mnt/g/My Drive/Primary/skl-Course/SP26/EECS 206A - Introduction to Robotics/106a_final_project/drone_simulation/install/tello_msgs/share/tello_msgs/rust/build.rs\n'}
[35.156038] (-) TimerEvent: {}
[35.199573] (tello_msgs) StdoutLine: {'line': b'-- Up-to-date: /mnt/g/My Drive/Primary/skl-Course/SP26/EECS 206A - Introduction to Robotics/106a_final_project/drone_simulation/install/tello_msgs/share/tello_msgs/msg/FlightData.idl\n'}
[35.256219] (-) TimerEvent: {}
[35.320576] (tello_msgs) StdoutLine: {'line': b'-- Up-to-date: /mnt/g/My Drive/Primary/skl-Course/SP26/EECS 206A - Introduction to Robotics/106a_final_project/drone_simulation/install/tello_msgs/share/tello_msgs/msg/TelloResponse.idl\n'}
[35.356392] (-) TimerEvent: {}
[35.433542] (tello_msgs) StdoutLine: {'line': b'-- Up-to-date: /mnt/g/My Drive/Primary/skl-Course/SP26/EECS 206A - Introduction to Robotics/106a_final_project/drone_simulation/install/tello_msgs/share/tello_msgs/srv/TelloAction.idl\n'}
[35.456593] (-) TimerEvent: {}
[35.545389] (tello_msgs) StdoutLine: {'line': b'-- Up-to-date: /mnt/g/My Drive/Primary/skl-Course/SP26/EECS 206A - Introduction to Robotics/106a_final_project/drone_simulation/install/tello_msgs/share/tello_msgs/msg/FlightData.msg\n'}
[35.556793] (-) TimerEvent: {}
[35.646537] (tello_msgs) StdoutLine: {'line': b'-- Up-to-date: /mnt/g/My Drive/Primary/skl-Course/SP26/EECS 206A - Introduction to Robotics/106a_final_project/drone_simulation/install/tello_msgs/share/tello_msgs/msg/TelloResponse.msg\n'}
[35.656921] (-) TimerEvent: {}
[35.757755] (-) TimerEvent: {}
[35.767682] (tello_msgs) StdoutLine: {'line': b'-- Up-to-date: /mnt/g/My Drive/Primary/skl-Course/SP26/EECS 206A - Introduction to Robotics/106a_final_project/drone_simulation/install/tello_msgs/share/tello_msgs/srv/TelloAction.srv\n'}
[35.858016] (-) TimerEvent: {}
[35.861956] (tello_msgs) StdoutLine: {'line': b'-- Up-to-date: /mnt/g/My Drive/Primary/skl-Course/SP26/EECS 206A - Introduction to Robotics/106a_final_project/drone_simulation/install/tello_msgs/share/tello_msgs/srv/TelloAction_Request.msg\n'}
[35.958170] (-) TimerEvent: {}
[35.959589] (tello_msgs) StdoutLine: {'line': b'-- Up-to-date: /mnt/g/My Drive/Primary/skl-Course/SP26/EECS 206A - Introduction to Robotics/106a_final_project/drone_simulation/install/tello_msgs/share/tello_msgs/srv/TelloAction_Response.msg\n'}
[36.058361] (-) TimerEvent: {}
[36.097213] (tello_msgs) StdoutLine: {'line': b'-- Up-to-date: /mnt/g/My Drive/Primary/skl-Course/SP26/EECS 206A - Introduction to Robotics/106a_final_project/drone_simulation/install/tello_msgs/share/ament_index/resource_index/package_run_dependencies/tello_msgs\n'}
[36.158539] (-) TimerEvent: {}
[36.259530] (-) TimerEvent: {}
[36.271038] (tello_msgs) StdoutLine: {'line': b'-- Up-to-date: /mnt/g/My Drive/Primary/skl-Course/SP26/EECS 206A - Introduction to Robotics/106a_final_project/drone_simulation/install/tello_msgs/share/ament_index/resource_index/parent_prefix_path/tello_msgs\n'}
[36.350291] (tello_msgs) StdoutLine: {'line': b'-- Up-to-date: /mnt/g/My Drive/Primary/skl-Course/SP26/EECS 206A - Introduction to Robotics/106a_final_project/drone_simulation/install/tello_msgs/share/tello_msgs/environment/ament_prefix_path.sh\n'}
[36.359595] (-) TimerEvent: {}
[36.460620] (-) TimerEvent: {}
[36.461698] (tello_msgs) StdoutLine: {'line': b'-- Up-to-date: /mnt/g/My Drive/Primary/skl-Course/SP26/EECS 206A - Introduction to Robotics/106a_final_project/drone_simulation/install/tello_msgs/share/tello_msgs/environment/ament_prefix_path.dsv\n'}
[36.542601] (tello_msgs) StdoutLine: {'line': b'-- Up-to-date: /mnt/g/My Drive/Primary/skl-Course/SP26/EECS 206A - Introduction to Robotics/106a_final_project/drone_simulation/install/tello_msgs/share/tello_msgs/environment/path.sh\n'}
[36.560907] (-) TimerEvent: {}
[36.661951] (-) TimerEvent: {}
[36.667328] (tello_msgs) StdoutLine: {'line': b'-- Up-to-date: /mnt/g/My Drive/Primary/skl-Course/SP26/EECS 206A - Introduction to Robotics/106a_final_project/drone_simulation/install/tello_msgs/share/tello_msgs/environment/path.dsv\n'}
[36.756050] (tello_msgs) StdoutLine: {'line': b'-- Up-to-date: /mnt/g/My Drive/Primary/skl-Course/SP26/EECS 206A - Introduction to Robotics/106a_final_project/drone_simulation/install/tello_msgs/share/tello_msgs/local_setup.bash\n'}
[36.762076] (-) TimerEvent: {}
[36.864388] (-) TimerEvent: {}
[36.866007] (tello_msgs) StdoutLine: {'line': b'-- Up-to-date: /mnt/g/My Drive/Primary/skl-Course/SP26/EECS 206A - Introduction to Robotics/106a_final_project/drone_simulation/install/tello_msgs/share/tello_msgs/local_setup.sh\n'}
[36.950308] (tello_msgs) StdoutLine: {'line': b'-- Up-to-date: /mnt/g/My Drive/Primary/skl-Course/SP26/EECS 206A - Introduction to Robotics/106a_final_project/drone_simulation/install/tello_msgs/share/tello_msgs/local_setup.zsh\n'}
[36.964587] (-) TimerEvent: {}
[37.032390] (tello_msgs) StdoutLine: {'line': b'-- Up-to-date: /mnt/g/My Drive/Primary/skl-Course/SP26/EECS 206A - Introduction to Robotics/106a_final_project/drone_simulation/install/tello_msgs/share/tello_msgs/local_setup.dsv\n'}
[37.064783] (-) TimerEvent: {}
[37.138814] (tello_msgs) StdoutLine: {'line': b'-- Installing: /mnt/g/My Drive/Primary/skl-Course/SP26/EECS 206A - Introduction to Robotics/106a_final_project/drone_simulation/install/tello_msgs/share/tello_msgs/package.dsv\n'}
[37.164983] (-) TimerEvent: {}
[37.266163] (-) TimerEvent: {}
[37.367560] (-) TimerEvent: {}
[37.468533] (-) TimerEvent: {}
[37.508670] (tello_msgs) StdoutLine: {'line': b'-- Up-to-date: /mnt/g/My Drive/Primary/skl-Course/SP26/EECS 206A - Introduction to Robotics/106a_final_project/drone_simulation/install/tello_msgs/share/ament_index/resource_index/packages/tello_msgs\n'}
[37.568743] (-) TimerEvent: {}
[37.669688] (-) TimerEvent: {}
[37.733464] (tello_msgs) StdoutLine: {'line': b'-- Up-to-date: /mnt/g/My Drive/Primary/skl-Course/SP26/EECS 206A - Introduction to Robotics/106a_final_project/drone_simulation/install/tello_msgs/share/tello_msgs/cmake/export_tello_msgs__rosidl_generator_cExport.cmake\n'}
[37.769974] (-) TimerEvent: {}
[37.849549] (tello_msgs) StdoutLine: {'line': b'-- Up-to-date: /mnt/g/My Drive/Primary/skl-Course/SP26/EECS 206A - Introduction to Robotics/106a_final_project/drone_simulation/install/tello_msgs/share/tello_msgs/cmake/export_tello_msgs__rosidl_generator_cExport-noconfig.cmake\n'}
[37.870099] (-) TimerEvent: {}
[37.970978] (-) TimerEvent: {}
[38.035086] (tello_msgs) StdoutLine: {'line': b'-- Up-to-date: /mnt/g/My Drive/Primary/skl-Course/SP26/EECS 206A - Introduction to Robotics/106a_final_project/drone_simulation/install/tello_msgs/share/tello_msgs/cmake/export_tello_msgs__rosidl_typesupport_fastrtps_cExport.cmake\n'}
[38.071156] (-) TimerEvent: {}
[38.156170] (tello_msgs) StdoutLine: {'line': b'-- Up-to-date: /mnt/g/My Drive/Primary/skl-Course/SP26/EECS 206A - Introduction to Robotics/106a_final_project/drone_simulation/install/tello_msgs/share/tello_msgs/cmake/export_tello_msgs__rosidl_typesupport_fastrtps_cExport-noconfig.cmake\n'}
[38.171313] (-) TimerEvent: {}
[38.272471] (-) TimerEvent: {}
[38.337491] (tello_msgs) StdoutLine: {'line': b'-- Up-to-date: /mnt/g/My Drive/Primary/skl-Course/SP26/EECS 206A - Introduction to Robotics/106a_final_project/drone_simulation/install/tello_msgs/share/tello_msgs/cmake/tello_msgs__rosidl_typesupport_introspection_cExport.cmake\n'}
[38.372737] (-) TimerEvent: {}
[38.462601] (tello_msgs) StdoutLine: {'line': b'-- Up-to-date: /mnt/g/My Drive/Primary/skl-Course/SP26/EECS 206A - Introduction to Robotics/106a_final_project/drone_simulation/install/tello_msgs/share/tello_msgs/cmake/tello_msgs__rosidl_typesupport_introspection_cExport-noconfig.cmake\n'}
[38.472865] (-) TimerEvent: {}
[38.573829] (-) TimerEvent: {}
[38.641229] (tello_msgs) StdoutLine: {'line': b'-- Up-to-date: /mnt/g/My Drive/Primary/skl-Course/SP26/EECS 206A - Introduction to Robotics/106a_final_project/drone_simulation/install/tello_msgs/share/tello_msgs/cmake/tello_msgs__rosidl_typesupport_cExport.cmake\n'}
[38.673964] (-) TimerEvent: {}
[38.758312] (tello_msgs) StdoutLine: {'line': b'-- Up-to-date: /mnt/g/My Drive/Primary/skl-Course/SP26/EECS 206A - Introduction to Robotics/106a_final_project/drone_simulation/install/tello_msgs/share/tello_msgs/cmake/tello_msgs__rosidl_typesupport_cExport-noconfig.cmake\n'}
[38.774107] (-) TimerEvent: {}
[38.875311] (-) TimerEvent: {}
[38.946241] (tello_msgs) StdoutLine: {'line': b'-- Up-to-date: /mnt/g/My Drive/Primary/skl-Course/SP26/EECS 206A - Introduction to Robotics/106a_final_project/drone_simulation/install/tello_msgs/share/tello_msgs/cmake/export_tello_msgs__rosidl_generator_cppExport.cmake\n'}
[38.975483] (-) TimerEvent: {}
[39.076398] (-) TimerEvent: {}
[39.144681] (tello_msgs) StdoutLine: {'line': b'-- Up-to-date: /mnt/g/My Drive/Primary/skl-Course/SP26/EECS 206A - Introduction to Robotics/106a_final_project/drone_simulation/install/tello_msgs/share/tello_msgs/cmake/export_tello_msgs__rosidl_typesupport_fastrtps_cppExport.cmake\n'}
[39.176558] (-) TimerEvent: {}
[39.268790] (tello_msgs) StdoutLine: {'line': b'-- Up-to-date: /mnt/g/My Drive/Primary/skl-Course/SP26/EECS 206A - Introduction to Robotics/106a_final_project/drone_simulation/install/tello_msgs/share/tello_msgs/cmake/export_tello_msgs__rosidl_typesupport_fastrtps_cppExport-noconfig.cmake\n'}
[39.276602] (-) TimerEvent: {}
[39.377281] (-) TimerEvent: {}
[39.459085] (tello_msgs) StdoutLine: {'line': b'-- Up-to-date: /mnt/g/My Drive/Primary/skl-Course/SP26/EECS 206A - Introduction to Robotics/106a_final_project/drone_simulation/install/tello_msgs/share/tello_msgs/cmake/tello_msgs__rosidl_typesupport_introspection_cppExport.cmake\n'}
[39.477451] (-) TimerEvent: {}
[39.578520] (-) TimerEvent: {}
[39.583982] (tello_msgs) StdoutLine: {'line': b'-- Up-to-date: /mnt/g/My Drive/Primary/skl-Course/SP26/EECS 206A - Introduction to Robotics/106a_final_project/drone_simulation/install/tello_msgs/share/tello_msgs/cmake/tello_msgs__rosidl_typesupport_introspection_cppExport-noconfig.cmake\n'}
[39.678676] (-) TimerEvent: {}
[39.775182] (tello_msgs) StdoutLine: {'line': b'-- Up-to-date: /mnt/g/My Drive/Primary/skl-Course/SP26/EECS 206A - Introduction to Robotics/106a_final_project/drone_simulation/install/tello_msgs/share/tello_msgs/cmake/tello_msgs__rosidl_typesupport_cppExport.cmake\n'}
[39.778762] (-) TimerEvent: {}
[39.879577] (-) TimerEvent: {}
[39.888599] (tello_msgs) StdoutLine: {'line': b'-- Up-to-date: /mnt/g/My Drive/Primary/skl-Course/SP26/EECS 206A - Introduction to Robotics/106a_final_project/drone_simulation/install/tello_msgs/share/tello_msgs/cmake/tello_msgs__rosidl_typesupport_cppExport-noconfig.cmake\n'}
[39.979830] (-) TimerEvent: {}
[40.068747] (tello_msgs) StdoutLine: {'line': b'-- Up-to-date: /mnt/g/My Drive/Primary/skl-Course/SP26/EECS 206A - Introduction to Robotics/106a_final_project/drone_simulation/install/tello_msgs/share/tello_msgs/cmake/export_tello_msgs__rosidl_generator_pyExport.cmake\n'}
[40.079909] (-) TimerEvent: {}
[40.180900] (-) TimerEvent: {}
[40.203641] (tello_msgs) StdoutLine: {'line': b'-- Up-to-date: /mnt/g/My Drive/Primary/skl-Course/SP26/EECS 206A - Introduction to Robotics/106a_final_project/drone_simulation/install/tello_msgs/share/tello_msgs/cmake/export_tello_msgs__rosidl_generator_pyExport-noconfig.cmake\n'}
[40.281060] (-) TimerEvent: {}
[40.295017] (tello_msgs) StdoutLine: {'line': b'-- Up-to-date: /mnt/g/My Drive/Primary/skl-Course/SP26/EECS 206A - Introduction to Robotics/106a_final_project/drone_simulation/install/tello_msgs/share/tello_msgs/cmake/rosidl_cmake-extras.cmake\n'}
[40.381225] (-) TimerEvent: {}
[40.385095] (tello_msgs) StdoutLine: {'line': b'-- Up-to-date: /mnt/g/My Drive/Primary/skl-Course/SP26/EECS 206A - Introduction to Robotics/106a_final_project/drone_simulation/install/tello_msgs/share/tello_msgs/cmake/ament_cmake_export_dependencies-extras.cmake\n'}
[40.468188] (tello_msgs) StdoutLine: {'line': b'-- Up-to-date: /mnt/g/My Drive/Primary/skl-Course/SP26/EECS 206A - Introduction to Robotics/106a_final_project/drone_simulation/install/tello_msgs/share/tello_msgs/cmake/ament_cmake_export_include_directories-extras.cmake\n'}
[40.481415] (-) TimerEvent: {}
[40.553438] (tello_msgs) StdoutLine: {'line': b'-- Up-to-date: /mnt/g/My Drive/Primary/skl-Course/SP26/EECS 206A - Introduction to Robotics/106a_final_project/drone_simulation/install/tello_msgs/share/tello_msgs/cmake/ament_cmake_export_libraries-extras.cmake\n'}
[40.581599] (-) TimerEvent: {}
[40.631083] (tello_msgs) StdoutLine: {'line': b'-- Up-to-date: /mnt/g/My Drive/Primary/skl-Course/SP26/EECS 206A - Introduction to Robotics/106a_final_project/drone_simulation/install/tello_msgs/share/tello_msgs/cmake/ament_cmake_export_targets-extras.cmake\n'}
[40.681855] (-) TimerEvent: {}
[40.708206] (tello_msgs) StdoutLine: {'line': b'-- Up-to-date: /mnt/g/My Drive/Primary/skl-Course/SP26/EECS 206A - Introduction to Robotics/106a_final_project/drone_simulation/install/tello_msgs/share/tello_msgs/cmake/rosidl_cmake_export_typesupport_targets-extras.cmake\n'}
[40.781999] (-) TimerEvent: {}
[40.784692] (tello_msgs) StdoutLine: {'line': b'-- Up-to-date: /mnt/g/My Drive/Primary/skl-Course/SP26/EECS 206A - Introduction to Robotics/106a_final_project/drone_simulation/install/tello_msgs/share/tello_msgs/cmake/rosidl_cmake_export_typesupport_libraries-extras.cmake\n'}
[40.859234] (tello_msgs) StdoutLine: {'line': b'-- Up-to-date: /mnt/g/My Drive/Primary/skl-Course/SP26/EECS 206A - Introduction to Robotics/106a_final_project/drone_simulation/install/tello_msgs/share/tello_msgs/cmake/tello_msgsConfig.cmake\n'}
[40.882289] (-) TimerEvent: {}
[40.924273] (tello_msgs) StdoutLine: {'line': b'-- Up-to-date: /mnt/g/My Drive/Primary/skl-Course/SP26/EECS 206A - Introduction to Robotics/106a_final_project/drone_simulation/install/tello_msgs/share/tello_msgs/cmake/tello_msgsConfig-version.cmake\n'}
[40.982449] (-) TimerEvent: {}
[41.012511] (tello_msgs) StdoutLine: {'line': b'-- Up-to-date: /mnt/g/My Drive/Primary/skl-Course/SP26/EECS 206A - Introduction to Robotics/106a_final_project/drone_simulation/install/tello_msgs/share/tello_msgs/package.xml\n'}
[41.082626] (-) TimerEvent: {}
[41.118765] (tello_msgs) CommandEnded: {'returncode': 0}
[41.182852] (-) TimerEvent: {}
[41.283894] (-) TimerEvent: {}
[41.384948] (-) TimerEvent: {}
[41.485683] (-) TimerEvent: {}
[41.586616] (-) TimerEvent: {}
[41.687545] (-) TimerEvent: {}
[41.788644] (-) TimerEvent: {}
[41.889575] (-) TimerEvent: {}
[41.990545] (-) TimerEvent: {}
[42.091410] (-) TimerEvent: {}
[42.192640] (-) TimerEvent: {}
[42.293515] (-) TimerEvent: {}
[42.395176] (-) TimerEvent: {}
[42.496256] (-) TimerEvent: {}
[42.597489] (-) TimerEvent: {}
[42.698835] (-) TimerEvent: {}
[42.799764] (-) TimerEvent: {}
[42.900748] (-) TimerEvent: {}
[43.001960] (-) TimerEvent: {}
[43.103562] (-) TimerEvent: {}
[43.204518] (-) TimerEvent: {}
[43.305326] (-) TimerEvent: {}
[43.407107] (-) TimerEvent: {}
[43.508109] (-) TimerEvent: {}
[43.608914] (-) TimerEvent: {}
[43.709788] (-) TimerEvent: {}
[43.810614] (-) TimerEvent: {}
[43.911497] (-) TimerEvent: {}
[44.012338] (-) TimerEvent: {}
[44.113301] (-) TimerEvent: {}
[44.214938] (-) TimerEvent: {}
[44.315791] (-) TimerEvent: {}
[44.416654] (-) TimerEvent: {}
[44.517537] (-) TimerEvent: {}
[44.618843] (-) TimerEvent: {}
[44.719974] (-) TimerEvent: {}
[44.821209] (-) TimerEvent: {}
[44.922135] (-) TimerEvent: {}
[45.023382] (-) TimerEvent: {}
[45.069138] (tello_msgs) JobEnded: {'identifier': 'tello_msgs', 'rc': 0}
[45.116688] (my_drone_vision) JobStarted: {'identifier': 'my_drone_vision'}
[45.123586] (-) TimerEvent: {}
[45.224694] (-) TimerEvent: {}
[45.325897] (-) TimerEvent: {}
[45.334622] (tello_driver) JobStarted: {'identifier': 'tello_driver'}
[45.389575] (tello_gazebo) JobStarted: {'identifier': 'tello_gazebo'}
[45.426182] (-) TimerEvent: {}
[45.527313] (-) TimerEvent: {}
[45.628138] (-) TimerEvent: {}
[45.729311] (-) TimerEvent: {}
[45.831389] (-) TimerEvent: {}
[45.932169] (-) TimerEvent: {}
[46.032992] (-) TimerEvent: {}
[46.133790] (-) TimerEvent: {}
[46.234796] (-) TimerEvent: {}
[46.336185] (-) TimerEvent: {}
[46.437254] (-) TimerEvent: {}
[46.538372] (-) TimerEvent: {}
[46.639526] (-) TimerEvent: {}
[46.740556] (-) TimerEvent: {}
[46.841631] (-) TimerEvent: {}
[46.942889] (-) TimerEvent: {}
[47.043710] (-) TimerEvent: {}
[47.144761] (-) TimerEvent: {}
[47.245700] (-) TimerEvent: {}
[47.346931] (-) TimerEvent: {}
[47.448155] (-) TimerEvent: {}
[47.549268] (-) TimerEvent: {}
[47.650328] (-) TimerEvent: {}
[47.703422] (tello_gazebo) JobProgress: {'identifier': 'tello_gazebo', 'progress': 'cmake'}
[47.750548] (-) TimerEvent: {}
[47.812701] (tello_gazebo) JobProgress: {'identifier': 'tello_gazebo', 'progress': 'build'}
[47.828795] (tello_gazebo) Command: {'cmd': ['/usr/bin/cmake', '--build', '/mnt/g/My Drive/Primary/skl-Course/SP26/EECS 206A - Introduction to Robotics/106a_final_project/drone_simulation/build/tello_gazebo', '--', '-j16', '-l16'], 'cwd': '/mnt/g/My Drive/Primary/skl-Course/SP26/EECS 206A - Introduction to Robotics/106a_final_project/drone_simulation/build/tello_gazebo', 'env': OrderedDict([('LESSOPEN', '| /usr/bin/lesspipe %s'), ('USER', 'happygaj'), ('SHLVL', '1'), ('LD_LIBRARY_PATH', '/mnt/g/My Drive/Primary/skl-Course/SP26/EECS 206A - Introduction to Robotics/106a_final_project/drone_simulation/install/tello_msgs/lib'), ('MOTD_SHOWN', 'update-motd'), ('HOME', '/home/happygaj'), ('OLDPWD', '/home/happygaj'), ('DBUS_SESSION_BUS_ADDRESS', 'unix:path=/run/user/1000/bus'), ('WSL_DISTRO_NAME', 'Ubuntu-22.04'), ('WAYLAND_DISPLAY', 'wayland-0'), ('LOGNAME', 'happygaj'), ('NAME', 'skl'), ('WSL_INTEROP', '/run/WSL/21038_interop'), ('PULSE_SERVER', 'unix:/mnt/wslg/PulseServer'), ('_', '/usr/bin/colcon'), ('TERM', 'xterm-256color'), ('PATH', '/usr/local/sbin:/usr/local/bin:/usr/sbin:/usr/bin:/sbin:/bin:/usr/games:/usr/local/games:/usr/lib/wsl/lib:/mnt/c/Program Files/WindowsApps/MicrosoftCorporationII.WindowsSubsystemForLinux_2.6.3.0_x64__8wekyb3d8bbwe:/mnt/c/WINDOWS/system32:/mnt/c/WINDOWS:/mnt/c/WINDOWS/System32/Wbem:/mnt/c/WINDOWS/System32/WindowsPowerShell/v1.0/:/mnt/c/WINDOWS/System32/OpenSSH/:/mnt/c/Program Files/MATLAB/R2025a/bin:/mnt/c/Program Files (x86)/Windows Kits/10/Windows Performance Toolkit/:/mnt/c/Program Files/dotnet/:/mnt/c/Program Files (x86)/Windows Kits/8.1/Windows Performance Toolkit/:/mnt/c/Program Files/Git/cmd:/mnt/c/Program Files/cursor/resources/app/bin:/mnt/c/Program Files/Tailscale/:/Docker/host/bin:/mnt/c/Users/happy/AppData/Local/Microsoft/WindowsApps:/mnt/c/Users/happy/AppData/Local/Programs/Microsoft VS Code/bin:/mnt/c/Users/happy/AppData/Local/Programs/cursor/resources/app/bin:/mnt/c/Users/happy/.local/bin:/snap/bin'), ('XDG_RUNTIME_DIR', '/run/user/1000/'), ('DISPLAY', ':0'), ('LANG', 'C.UTF-8'), ('LS_COLORS', 'rs=0:di=01;34:ln=01;36:mh=00:pi=40;33:so=01;35:do=01;35:bd=40;33;01:cd=40;33;01:or=40;31;01:mi=00:su=37;41:sg=30;43:ca=30;41:tw=30;42:ow=34;42:st=37;44:ex=01;32:*.tar=01;31:*.tgz=01;31:*.arc=01;31:*.arj=01;31:*.taz=01;31:*.lha=01;31:*.lz4=01;31:*.lzh=01;31:*.lzma=01;31:*.tlz=01;31:*.txz=01;31:*.tzo=01;31:*.t7z=01;31:*.zip=01;31:*.z=01;31:*.dz=01;31:*.gz=01;31:*.lrz=01;31:*.lz=01;31:*.lzo=01;31:*.xz=01;31:*.zst=01;31:*.tzst=01;31:*.bz2=01;31:*.bz=01;31:*.tbz=01;31:*.tbz2=01;31:*.tz=01;31:*.deb=01;31:*.rpm=01;31:*.jar=01;31:*.war=01;31:*.ear=01;31:*.sar=01;31:*.rar=01;31:*.alz=01;31:*.ace=01;31:*.zoo=01;31:*.cpio=01;31:*.7z=01;31:*.rz=01;31:*.cab=01;31:*.wim=01;31:*.swm=01;31:*.dwm=01;31:*.esd=01;31:*.jpg=01;35:*.jpeg=01;35:*.mjpg=01;35:*.mjpeg=01;35:*.gif=01;35:*.bmp=01;35:*.pbm=01;35:*.pgm=01;35:*.ppm=01;35:*.tga=01;35:*.xbm=01;35:*.xpm=01;35:*.tif=01;35:*.tiff=01;35:*.png=01;35:*.svg=01;35:*.svgz=01;35:*.mng=01;35:*.pcx=01;35:*.mov=01;35:*.mpg=01;35:*.mpeg=01;35:*.m2v=01;35:*.mkv=01;35:*.webm=01;35:*.webp=01;35:*.ogm=01;35:*.mp4=01;35:*.m4v=01;35:*.mp4v=01;35:*.vob=01;35:*.qt=01;35:*.nuv=01;35:*.wmv=01;35:*.asf=01;35:*.rm=01;35:*.rmvb=01;35:*.flc=01;35:*.avi=01;35:*.fli=01;35:*.flv=01;35:*.gl=01;35:*.dl=01;35:*.xcf=01;35:*.xwd=01;35:*.yuv=01;35:*.cgm=01;35:*.emf=01;35:*.ogv=01;35:*.ogx=01;35:*.aac=00;36:*.au=00;36:*.flac=00;36:*.m4a=00;36:*.mid=00;36:*.midi=00;36:*.mka=00;36:*.mp3=00;36:*.mpc=00;36:*.ogg=00;36:*.ra=00;36:*.wav=00;36:*.oga=00;36:*.opus=00;36:*.spx=00;36:*.xspf=00;36:'), ('AMENT_PREFIX_PATH', '/mnt/g/My Drive/Primary/skl-Course/SP26/EECS 206A - Introduction to Robotics/106a_final_project/drone_simulation/install/tello_msgs'), ('SHELL', '/bin/bash'), ('LESSCLOSE', '/usr/bin/lesspipe %s %s'), ('PWD', '/mnt/g/My Drive/Primary/skl-Course/SP26/EECS 206A - Introduction to Robotics/106a_final_project/drone_simulation/build/tello_gazebo'), ('XDG_DATA_DIRS', '/usr/local/share:/usr/share:/var/lib/snapd/desktop'), ('PYTHONPATH', '/mnt/g/My Drive/Primary/skl-Course/SP26/EECS 206A - Introduction to Robotics/106a_final_project/drone_simulation/install/tello_msgs/local/lib/python3.10/dist-packages'), ('COLCON', '1'), ('WSL2_GUI_APPS_ENABLED', '1'), ('HOSTTYPE', 'x86_64'), ('WSLENV', ''), ('CMAKE_PREFIX_PATH', '/mnt/g/My Drive/Primary/skl-Course/SP26/EECS 206A - Introduction to Robotics/106a_final_project/drone_simulation/install/tello_msgs')]), 'shell': False}
[47.956459] (-) TimerEvent: {}
[47.957273] (tello_driver) JobProgress: {'identifier': 'tello_driver', 'progress': 'cmake'}
[48.020530] (tello_driver) JobProgress: {'identifier': 'tello_driver', 'progress': 'build'}
[48.038603] (tello_driver) Command: {'cmd': ['/usr/bin/cmake', '--build', '/mnt/g/My Drive/Primary/skl-Course/SP26/EECS 206A - Introduction to Robotics/106a_final_project/drone_simulation/build/tello_driver', '--', '-j16', '-l16'], 'cwd': '/mnt/g/My Drive/Primary/skl-Course/SP26/EECS 206A - Introduction to Robotics/106a_final_project/drone_simulation/build/tello_driver', 'env': OrderedDict([('LESSOPEN', '| /usr/bin/lesspipe %s'), ('USER', 'happygaj'), ('SHLVL', '1'), ('LD_LIBRARY_PATH', '/mnt/g/My Drive/Primary/skl-Course/SP26/EECS 206A - Introduction to Robotics/106a_final_project/drone_simulation/install/tello_msgs/lib'), ('MOTD_SHOWN', 'update-motd'), ('HOME', '/home/happygaj'), ('OLDPWD', '/home/happygaj'), ('DBUS_SESSION_BUS_ADDRESS', 'unix:path=/run/user/1000/bus'), ('WSL_DISTRO_NAME', 'Ubuntu-22.04'), ('WAYLAND_DISPLAY', 'wayland-0'), ('LOGNAME', 'happygaj'), ('NAME', 'skl'), ('WSL_INTEROP', '/run/WSL/21038_interop'), ('PULSE_SERVER', 'unix:/mnt/wslg/PulseServer'), ('_', '/usr/bin/colcon'), ('TERM', 'xterm-256color'), ('PATH', '/usr/local/sbin:/usr/local/bin:/usr/sbin:/usr/bin:/sbin:/bin:/usr/games:/usr/local/games:/usr/lib/wsl/lib:/mnt/c/Program Files/WindowsApps/MicrosoftCorporationII.WindowsSubsystemForLinux_2.6.3.0_x64__8wekyb3d8bbwe:/mnt/c/WINDOWS/system32:/mnt/c/WINDOWS:/mnt/c/WINDOWS/System32/Wbem:/mnt/c/WINDOWS/System32/WindowsPowerShell/v1.0/:/mnt/c/WINDOWS/System32/OpenSSH/:/mnt/c/Program Files/MATLAB/R2025a/bin:/mnt/c/Program Files (x86)/Windows Kits/10/Windows Performance Toolkit/:/mnt/c/Program Files/dotnet/:/mnt/c/Program Files (x86)/Windows Kits/8.1/Windows Performance Toolkit/:/mnt/c/Program Files/Git/cmd:/mnt/c/Program Files/cursor/resources/app/bin:/mnt/c/Program Files/Tailscale/:/Docker/host/bin:/mnt/c/Users/happy/AppData/Local/Microsoft/WindowsApps:/mnt/c/Users/happy/AppData/Local/Programs/Microsoft VS Code/bin:/mnt/c/Users/happy/AppData/Local/Programs/cursor/resources/app/bin:/mnt/c/Users/happy/.local/bin:/snap/bin'), ('XDG_RUNTIME_DIR', '/run/user/1000/'), ('DISPLAY', ':0'), ('LANG', 'C.UTF-8'), ('LS_COLORS', 'rs=0:di=01;34:ln=01;36:mh=00:pi=40;33:so=01;35:do=01;35:bd=40;33;01:cd=40;33;01:or=40;31;01:mi=00:su=37;41:sg=30;43:ca=30;41:tw=30;42:ow=34;42:st=37;44:ex=01;32:*.tar=01;31:*.tgz=01;31:*.arc=01;31:*.arj=01;31:*.taz=01;31:*.lha=01;31:*.lz4=01;31:*.lzh=01;31:*.lzma=01;31:*.tlz=01;31:*.txz=01;31:*.tzo=01;31:*.t7z=01;31:*.zip=01;31:*.z=01;31:*.dz=01;31:*.gz=01;31:*.lrz=01;31:*.lz=01;31:*.lzo=01;31:*.xz=01;31:*.zst=01;31:*.tzst=01;31:*.bz2=01;31:*.bz=01;31:*.tbz=01;31:*.tbz2=01;31:*.tz=01;31:*.deb=01;31:*.rpm=01;31:*.jar=01;31:*.war=01;31:*.ear=01;31:*.sar=01;31:*.rar=01;31:*.alz=01;31:*.ace=01;31:*.zoo=01;31:*.cpio=01;31:*.7z=01;31:*.rz=01;31:*.cab=01;31:*.wim=01;31:*.swm=01;31:*.dwm=01;31:*.esd=01;31:*.jpg=01;35:*.jpeg=01;35:*.mjpg=01;35:*.mjpeg=01;35:*.gif=01;35:*.bmp=01;35:*.pbm=01;35:*.pgm=01;35:*.ppm=01;35:*.tga=01;35:*.xbm=01;35:*.xpm=01;35:*.tif=01;35:*.tiff=01;35:*.png=01;35:*.svg=01;35:*.svgz=01;35:*.mng=01;35:*.pcx=01;35:*.mov=01;35:*.mpg=01;35:*.mpeg=01;35:*.m2v=01;35:*.mkv=01;35:*.webm=01;35:*.webp=01;35:*.ogm=01;35:*.mp4=01;35:*.m4v=01;35:*.mp4v=01;35:*.vob=01;35:*.qt=01;35:*.nuv=01;35:*.wmv=01;35:*.asf=01;35:*.rm=01;35:*.rmvb=01;35:*.flc=01;35:*.avi=01;35:*.fli=01;35:*.flv=01;35:*.gl=01;35:*.dl=01;35:*.xcf=01;35:*.xwd=01;35:*.yuv=01;35:*.cgm=01;35:*.emf=01;35:*.ogv=01;35:*.ogx=01;35:*.aac=00;36:*.au=00;36:*.flac=00;36:*.m4a=00;36:*.mid=00;36:*.midi=00;36:*.mka=00;36:*.mp3=00;36:*.mpc=00;36:*.ogg=00;36:*.ra=00;36:*.wav=00;36:*.oga=00;36:*.opus=00;36:*.spx=00;36:*.xspf=00;36:'), ('AMENT_PREFIX_PATH', '/mnt/g/My Drive/Primary/skl-Course/SP26/EECS 206A - Introduction to Robotics/106a_final_project/drone_simulation/install/tello_msgs:/mnt/g/My Drive/Primary/skl-Course/SP26/EECS 206A - Introduction to Robotics/106a_final_project/drone_simulation/install/ros2_shared'), ('SHELL', '/bin/bash'), ('LESSCLOSE', '/usr/bin/lesspipe %s %s'), ('PWD', '/mnt/g/My Drive/Primary/skl-Course/SP26/EECS 206A - Introduction to Robotics/106a_final_project/drone_simulation/build/tello_driver'), ('XDG_DATA_DIRS', '/usr/local/share:/usr/share:/var/lib/snapd/desktop'), ('PYTHONPATH', '/mnt/g/My Drive/Primary/skl-Course/SP26/EECS 206A - Introduction to Robotics/106a_final_project/drone_simulation/install/tello_msgs/local/lib/python3.10/dist-packages'), ('COLCON', '1'), ('WSL2_GUI_APPS_ENABLED', '1'), ('HOSTTYPE', 'x86_64'), ('WSLENV', ''), ('CMAKE_PREFIX_PATH', '/mnt/g/My Drive/Primary/skl-Course/SP26/EECS 206A - Introduction to Robotics/106a_final_project/drone_simulation/install/tello_msgs:/mnt/g/My Drive/Primary/skl-Course/SP26/EECS 206A - Introduction to Robotics/106a_final_project/drone_simulation/install/ros2_shared')]), 'shell': False}
[48.159679] (-) TimerEvent: {}
[48.260464] (-) TimerEvent: {}
[48.361354] (-) TimerEvent: {}
[48.462240] (-) TimerEvent: {}
[48.563353] (-) TimerEvent: {}
[48.664438] (-) TimerEvent: {}
[48.765201] (-) TimerEvent: {}
[48.866066] (-) TimerEvent: {}
[48.967067] (-) TimerEvent: {}
[49.068185] (-) TimerEvent: {}
[49.169231] (-) TimerEvent: {}
[49.270088] (-) TimerEvent: {}
[49.370860] (-) TimerEvent: {}
[49.472541] (-) TimerEvent: {}
[49.573757] (-) TimerEvent: {}
[49.674901] (-) TimerEvent: {}
[49.777079] (-) TimerEvent: {}
[49.880648] (-) TimerEvent: {}
[49.981477] (-) TimerEvent: {}
[50.082442] (-) TimerEvent: {}
[50.095867] (tello_gazebo) StdoutLine: {'line': b'\x1b[35m\x1b[1mConsolidate compiler generated dependencies of target TelloPlugin\x1b[0m\n'}
[50.182599] (-) TimerEvent: {}
[50.283505] (-) TimerEvent: {}
[50.384448] (-) TimerEvent: {}
[50.485399] (-) TimerEvent: {}
[50.586628] (-) TimerEvent: {}
[50.688051] (-) TimerEvent: {}
[50.732124] (tello_driver) StdoutLine: {'line': b'\x1b[35m\x1b[1mConsolidate compiler generated dependencies of target tello_joy_node\x1b[0m\n'}
[50.782407] (tello_driver) StdoutLine: {'line': b'\x1b[35m\x1b[1mConsolidate compiler generated dependencies of target tello_joy_main\x1b[0m\n'}
[50.796602] (-) TimerEvent: {}
[50.817428] (tello_driver) StdoutLine: {'line': b'\x1b[35m\x1b[1mConsolidate compiler generated dependencies of target tello_driver_main\x1b[0m\n'}
[50.896771] (-) TimerEvent: {}
[50.980035] (tello_driver) StdoutLine: {'line': b'\x1b[35m\x1b[1mConsolidate compiler generated dependencies of target tello_driver_node\x1b[0m\n'}
[50.996924] (-) TimerEvent: {}
[51.098459] (-) TimerEvent: {}
[51.199824] (-) TimerEvent: {}
[51.301247] (-) TimerEvent: {}
[51.403233] (-) TimerEvent: {}
[51.496265] (tello_driver) StdoutLine: {'line': b'[  4%] \x1b[32mBuilding CXX object CMakeFiles/tello_emulator.dir/src/tello_emulator.cpp.o\x1b[0m\n'}
[51.503288] (-) TimerEvent: {}
[51.604730] (-) TimerEvent: {}
[51.705819] (-) TimerEvent: {}
[51.807126] (-) TimerEvent: {}
[51.908052] (-) TimerEvent: {}
[52.011221] (-) TimerEvent: {}
[52.083080] (tello_driver) StdoutLine: {'line': b'[ 18%] \x1b[32mBuilding CXX object CMakeFiles/tello_driver_main.dir/src/tello_driver_main.cpp.o\x1b[0m\n'}
[52.099690] (tello_driver) StdoutLine: {'line': b'[ 18%] \x1b[32mBuilding CXX object CMakeFiles/tello_driver_main.dir/src/tello_driver_node.cpp.o\x1b[0m\n'}
[52.107558] (tello_driver) StdoutLine: {'line': b'[ 18%] \x1b[32mBuilding CXX object CMakeFiles/tello_driver_main.dir/src/tello_socket.cpp.o\x1b[0m\n'}
[52.127827] (-) TimerEvent: {}
[52.213773] (tello_driver) StdoutLine: {'line': b'[ 27%] \x1b[32mBuilding CXX object CMakeFiles/tello_driver_main.dir/src/command_socket.cpp.o\x1b[0m\n'}
[52.231389] (-) TimerEvent: {}
[52.259772] (tello_driver) StdoutLine: {'line': b'[ 27%] \x1b[32mBuilding CXX object CMakeFiles/tello_driver_main.dir/src/state_socket.cpp.o\x1b[0m\n'}
[52.331563] (-) TimerEvent: {}
[52.384641] (tello_driver) StdoutLine: {'line': b'[ 40%] \x1b[32mBuilding CXX object CMakeFiles/tello_driver_node.dir/src/tello_driver_node.cpp.o\x1b[0m\n'}
[52.392155] (tello_driver) StdoutLine: {'line': b'[ 40%] \x1b[32mBuilding CXX object CMakeFiles/tello_driver_main.dir/src/video_socket.cpp.o\x1b[0m\n'}
[52.410805] (tello_driver) StdoutLine: {'line': b'[ 40%] \x1b[32mBuilding CXX object CMakeFiles/tello_driver_node.dir/src/tello_socket.cpp.o\x1b[0m\n'}
[52.431733] (-) TimerEvent: {}
[52.517485] (tello_driver) StdoutLine: {'line': b'[ 54%] \x1b[32mBuilding CXX object CMakeFiles/tello_driver_node.dir/src/state_socket.cpp.o\x1b[0m\n'}
[52.521300] (tello_driver) StdoutLine: {'line': b'[ 54%] \x1b[32mBuilding CXX object CMakeFiles/tello_driver_node.dir/src/command_socket.cpp.o\x1b[0m\n'}
[52.531856] (-) TimerEvent: {}
[52.539334] (tello_driver) StdoutLine: {'line': b'[ 54%] \x1b[32mBuilding CXX object CMakeFiles/tello_driver_node.dir/src/video_socket.cpp.o\x1b[0m\n'}
[52.632121] (-) TimerEvent: {}
[52.733770] (-) TimerEvent: {}
[52.834995] (-) TimerEvent: {}
[52.935863] (-) TimerEvent: {}
[53.037191] (-) TimerEvent: {}
[53.138397] (-) TimerEvent: {}
[53.240194] (-) TimerEvent: {}
[53.342596] (-) TimerEvent: {}
[53.444374] (-) TimerEvent: {}
[53.546688] (-) TimerEvent: {}
[53.648395] (-) TimerEvent: {}
[53.749439] (-) TimerEvent: {}
[53.851082] (-) TimerEvent: {}
[53.954781] (-) TimerEvent: {}
[54.056391] (-) TimerEvent: {}
[54.157653] (-) TimerEvent: {}
[54.258846] (-) TimerEvent: {}
[54.359990] (-) TimerEvent: {}
[54.461558] (-) TimerEvent: {}
[54.563060] (-) TimerEvent: {}
[54.619069] (tello_driver) StdoutLine: {'line': b'[ 63%] Built target tello_joy_node\n'}
[54.663261] (-) TimerEvent: {}
[54.765277] (-) TimerEvent: {}
[54.866978] (-) TimerEvent: {}
[54.968882] (-) TimerEvent: {}
[55.071645] (-) TimerEvent: {}
[55.172681] (-) TimerEvent: {}
[55.273847] (-) TimerEvent: {}
[55.375062] (-) TimerEvent: {}
[55.396307] (tello_driver) StdoutLine: {'line': b'[ 77%] Built target tello_joy_main\n'}
[55.475259] (-) TimerEvent: {}
[55.576254] (-) TimerEvent: {}
[55.677463] (-) TimerEvent: {}
[55.778482] (-) TimerEvent: {}
[55.880258] (-) TimerEvent: {}
[55.982100] (-) TimerEvent: {}
[56.084628] (-) TimerEvent: {}
[56.185756] (-) TimerEvent: {}
[56.286987] (-) TimerEvent: {}
[56.388044] (-) TimerEvent: {}
[56.488886] (-) TimerEvent: {}
[56.590109] (-) TimerEvent: {}
[56.599240] (my_drone_vision) Command: {'cmd': ['/usr/bin/python3', '-W', 'ignore:setup.py install is deprecated', '-W', 'ignore:easy_install command is deprecated', 'setup.py', 'egg_info', '--egg-base', '../../build/my_drone_vision', 'build', '--build-base', '/mnt/g/My Drive/Primary/skl-Course/SP26/EECS 206A - Introduction to Robotics/106a_final_project/drone_simulation/build/my_drone_vision/build', 'install', '--record', '/mnt/g/My Drive/Primary/skl-Course/SP26/EECS 206A - Introduction to Robotics/106a_final_project/drone_simulation/build/my_drone_vision/install.log', '--single-version-externally-managed', 'install_data'], 'cwd': '/mnt/g/My Drive/Primary/skl-Course/SP26/EECS 206A - Introduction to Robotics/106a_final_project/drone_simulation/src/my_drone_vision', 'env': {'LESSOPEN': '| /usr/bin/lesspipe %s', 'USER': 'happygaj', 'SHLVL': '1', 'LD_LIBRARY_PATH': '/mnt/g/My Drive/Primary/skl-Course/SP26/EECS 206A - Introduction to Robotics/106a_final_project/drone_simulation/install/tello_msgs/lib', 'MOTD_SHOWN': 'update-motd', 'HOME': '/home/happygaj', 'OLDPWD': '/home/happygaj', 'DBUS_SESSION_BUS_ADDRESS': 'unix:path=/run/user/1000/bus', 'WSL_DISTRO_NAME': 'Ubuntu-22.04', 'WAYLAND_DISPLAY': 'wayland-0', 'LOGNAME': 'happygaj', 'NAME': 'skl', 'WSL_INTEROP': '/run/WSL/21038_interop', 'PULSE_SERVER': 'unix:/mnt/wslg/PulseServer', '_': '/usr/bin/colcon', 'TERM': 'xterm-256color', 'PATH': '/usr/local/sbin:/usr/local/bin:/usr/sbin:/usr/bin:/sbin:/bin:/usr/games:/usr/local/games:/usr/lib/wsl/lib:/mnt/c/Program Files/WindowsApps/MicrosoftCorporationII.WindowsSubsystemForLinux_2.6.3.0_x64__8wekyb3d8bbwe:/mnt/c/WINDOWS/system32:/mnt/c/WINDOWS:/mnt/c/WINDOWS/System32/Wbem:/mnt/c/WINDOWS/System32/WindowsPowerShell/v1.0/:/mnt/c/WINDOWS/System32/OpenSSH/:/mnt/c/Program Files/MATLAB/R2025a/bin:/mnt/c/Program Files (x86)/Windows Kits/10/Windows Performance Toolkit/:/mnt/c/Program Files/dotnet/:/mnt/c/Program Files (x86)/Windows Kits/8.1/Windows Performance Toolkit/:/mnt/c/Program Files/Git/cmd:/mnt/c/Program Files/cursor/resources/app/bin:/mnt/c/Program Files/Tailscale/:/Docker/host/bin:/mnt/c/Users/happy/AppData/Local/Microsoft/WindowsApps:/mnt/c/Users/happy/AppData/Local/Programs/Microsoft VS Code/bin:/mnt/c/Users/happy/AppData/Local/Programs/cursor/resources/app/bin:/mnt/c/Users/happy/.local/bin:/snap/bin', 'XDG_RUNTIME_DIR': '/run/user/1000/', 'DISPLAY': ':0', 'LANG': 'C.UTF-8', 'LS_COLORS': 'rs=0:di=01;34:ln=01;36:mh=00:pi=40;33:so=01;35:do=01;35:bd=40;33;01:cd=40;33;01:or=40;31;01:mi=00:su=37;41:sg=30;43:ca=30;41:tw=30;42:ow=34;42:st=37;44:ex=01;32:*.tar=01;31:*.tgz=01;31:*.arc=01;31:*.arj=01;31:*.taz=01;31:*.lha=01;31:*.lz4=01;31:*.lzh=01;31:*.lzma=01;31:*.tlz=01;31:*.txz=01;31:*.tzo=01;31:*.t7z=01;31:*.zip=01;31:*.z=01;31:*.dz=01;31:*.gz=01;31:*.lrz=01;31:*.lz=01;31:*.lzo=01;31:*.xz=01;31:*.zst=01;31:*.tzst=01;31:*.bz2=01;31:*.bz=01;31:*.tbz=01;31:*.tbz2=01;31:*.tz=01;31:*.deb=01;31:*.rpm=01;31:*.jar=01;31:*.war=01;31:*.ear=01;31:*.sar=01;31:*.rar=01;31:*.alz=01;31:*.ace=01;31:*.zoo=01;31:*.cpio=01;31:*.7z=01;31:*.rz=01;31:*.cab=01;31:*.wim=01;31:*.swm=01;31:*.dwm=01;31:*.esd=01;31:*.jpg=01;35:*.jpeg=01;35:*.mjpg=01;35:*.mjpeg=01;35:*.gif=01;35:*.bmp=01;35:*.pbm=01;35:*.pgm=01;35:*.ppm=01;35:*.tga=01;35:*.xbm=01;35:*.xpm=01;35:*.tif=01;35:*.tiff=01;35:*.png=01;35:*.svg=01;35:*.svgz=01;35:*.mng=01;35:*.pcx=01;35:*.mov=01;35:*.mpg=01;35:*.mpeg=01;35:*.m2v=01;35:*.mkv=01;35:*.webm=01;35:*.webp=01;35:*.ogm=01;35:*.mp4=01;35:*.m4v=01;35:*.mp4v=01;35:*.vob=01;35:*.qt=01;35:*.nuv=01;35:*.wmv=01;35:*.asf=01;35:*.rm=01;35:*.rmvb=01;35:*.flc=01;35:*.avi=01;35:*.fli=01;35:*.flv=01;35:*.gl=01;35:*.dl=01;35:*.xcf=01;35:*.xwd=01;35:*.yuv=01;35:*.cgm=01;35:*.emf=01;35:*.ogv=01;35:*.ogx=01;35:*.aac=00;36:*.au=00;36:*.flac=00;36:*.m4a=00;36:*.mid=00;36:*.midi=00;36:*.mka=00;36:*.mp3=00;36:*.mpc=00;36:*.ogg=00;36:*.ra=00;36:*.wav=00;36:*.oga=00;36:*.opus=00;36:*.spx=00;36:*.xspf=00;36:', 'AMENT_PREFIX_PATH': '/mnt/g/My Drive/Primary/skl-Course/SP26/EECS 206A - Introduction to Robotics/106a_final_project/drone_simulation/install/tello_msgs', 'SHELL': '/bin/bash', 'LESSCLOSE': '/usr/bin/lesspipe %s %s', 'PWD': '/mnt/g/My Drive/Primary/skl-Course/SP26/EECS 206A - Introduction to Robotics/106a_final_project/drone_simulation/build/my_drone_vision', 'XDG_DATA_DIRS': '/usr/local/share:/usr/share:/var/lib/snapd/desktop', 'PYTHONPATH': '/mnt/g/My Drive/Primary/skl-Course/SP26/EECS 206A - Introduction to Robotics/106a_final_project/drone_simulation/build/my_drone_vision/prefix_override:/usr/lib/python3/dist-packages/colcon_core/task/python/colcon_distutils_commands:/mnt/g/My Drive/Primary/skl-Course/SP26/EECS 206A - Introduction to Robotics/106a_final_project/drone_simulation/install/my_drone_vision/lib/python3.10/site-packages:/mnt/g/My Drive/Primary/skl-Course/SP26/EECS 206A - Introduction to Robotics/106a_final_project/drone_simulation/install/tello_msgs/local/lib/python3.10/dist-packages', 'COLCON': '1', 'WSL2_GUI_APPS_ENABLED': '1', 'HOSTTYPE': 'x86_64', 'WSLENV': '', 'CMAKE_PREFIX_PATH': '/mnt/g/My Drive/Primary/skl-Course/SP26/EECS 206A - Introduction to Robotics/106a_final_project/drone_simulation/install/tello_msgs'}, 'shell': False}
[56.740596] (-) TimerEvent: {}
[56.841568] (-) TimerEvent: {}
[56.942674] (-) TimerEvent: {}
[57.043609] (-) TimerEvent: {}
[57.144526] (-) TimerEvent: {}
[57.245738] (-) TimerEvent: {}
[57.347127] (-) TimerEvent: {}
[57.448078] (-) TimerEvent: {}
[57.549005] (-) TimerEvent: {}
[57.650075] (-) TimerEvent: {}
[57.751041] (-) TimerEvent: {}
[57.852355] (-) TimerEvent: {}
[57.954927] (-) TimerEvent: {}
[58.056133] (-) TimerEvent: {}
[58.158500] (-) TimerEvent: {}
[58.261439] (-) TimerEvent: {}
[58.362467] (-) TimerEvent: {}
[58.463592] (-) TimerEvent: {}
[58.565012] (-) TimerEvent: {}
[58.667239] (-) TimerEvent: {}
[58.770327] (-) TimerEvent: {}
[58.872233] (-) TimerEvent: {}
[58.974339] (-) TimerEvent: {}
[59.076539] (-) TimerEvent: {}
[59.178376] (-) TimerEvent: {}
[59.279656] (-) TimerEvent: {}
[59.381098] (-) TimerEvent: {}
[59.483228] (-) TimerEvent: {}
[59.584599] (-) TimerEvent: {}
[59.685772] (-) TimerEvent: {}
[59.787342] (-) TimerEvent: {}
[59.858868] (tello_gazebo) StdoutLine: {'line': b'[100%] Built target TelloPlugin\n'}
[59.887515] (-) TimerEvent: {}
[59.989383] (-) TimerEvent: {}
[60.092778] (-) TimerEvent: {}
[60.194523] (-) TimerEvent: {}
[60.296098] (-) TimerEvent: {}
[60.417620] (-) TimerEvent: {}
[60.487321] (tello_gazebo) CommandEnded: {'returncode': 0}
[60.517907] (-) TimerEvent: {}
[60.603542] (tello_gazebo) JobProgress: {'identifier': 'tello_gazebo', 'progress': 'install'}
[60.618123] (-) TimerEvent: {}
[60.671198] (tello_gazebo) Command: {'cmd': ['/usr/bin/cmake', '--install', '/mnt/g/My Drive/Primary/skl-Course/SP26/EECS 206A - Introduction to Robotics/106a_final_project/drone_simulation/build/tello_gazebo'], 'cwd': '/mnt/g/My Drive/Primary/skl-Course/SP26/EECS 206A - Introduction to Robotics/106a_final_project/drone_simulation/build/tello_gazebo', 'env': OrderedDict([('LESSOPEN', '| /usr/bin/lesspipe %s'), ('USER', 'happygaj'), ('SHLVL', '1'), ('LD_LIBRARY_PATH', '/mnt/g/My Drive/Primary/skl-Course/SP26/EECS 206A - Introduction to Robotics/106a_final_project/drone_simulation/install/tello_msgs/lib'), ('MOTD_SHOWN', 'update-motd'), ('HOME', '/home/happygaj'), ('OLDPWD', '/home/happygaj'), ('DBUS_SESSION_BUS_ADDRESS', 'unix:path=/run/user/1000/bus'), ('WSL_DISTRO_NAME', 'Ubuntu-22.04'), ('WAYLAND_DISPLAY', 'wayland-0'), ('LOGNAME', 'happygaj'), ('NAME', 'skl'), ('WSL_INTEROP', '/run/WSL/21038_interop'), ('PULSE_SERVER', 'unix:/mnt/wslg/PulseServer'), ('_', '/usr/bin/colcon'), ('TERM', 'xterm-256color'), ('PATH', '/usr/local/sbin:/usr/local/bin:/usr/sbin:/usr/bin:/sbin:/bin:/usr/games:/usr/local/games:/usr/lib/wsl/lib:/mnt/c/Program Files/WindowsApps/MicrosoftCorporationII.WindowsSubsystemForLinux_2.6.3.0_x64__8wekyb3d8bbwe:/mnt/c/WINDOWS/system32:/mnt/c/WINDOWS:/mnt/c/WINDOWS/System32/Wbem:/mnt/c/WINDOWS/System32/WindowsPowerShell/v1.0/:/mnt/c/WINDOWS/System32/OpenSSH/:/mnt/c/Program Files/MATLAB/R2025a/bin:/mnt/c/Program Files (x86)/Windows Kits/10/Windows Performance Toolkit/:/mnt/c/Program Files/dotnet/:/mnt/c/Program Files (x86)/Windows Kits/8.1/Windows Performance Toolkit/:/mnt/c/Program Files/Git/cmd:/mnt/c/Program Files/cursor/resources/app/bin:/mnt/c/Program Files/Tailscale/:/Docker/host/bin:/mnt/c/Users/happy/AppData/Local/Microsoft/WindowsApps:/mnt/c/Users/happy/AppData/Local/Programs/Microsoft VS Code/bin:/mnt/c/Users/happy/AppData/Local/Programs/cursor/resources/app/bin:/mnt/c/Users/happy/.local/bin:/snap/bin'), ('XDG_RUNTIME_DIR', '/run/user/1000/'), ('DISPLAY', ':0'), ('LANG', 'C.UTF-8'), ('LS_COLORS', 'rs=0:di=01;34:ln=01;36:mh=00:pi=40;33:so=01;35:do=01;35:bd=40;33;01:cd=40;33;01:or=40;31;01:mi=00:su=37;41:sg=30;43:ca=30;41:tw=30;42:ow=34;42:st=37;44:ex=01;32:*.tar=01;31:*.tgz=01;31:*.arc=01;31:*.arj=01;31:*.taz=01;31:*.lha=01;31:*.lz4=01;31:*.lzh=01;31:*.lzma=01;31:*.tlz=01;31:*.txz=01;31:*.tzo=01;31:*.t7z=01;31:*.zip=01;31:*.z=01;31:*.dz=01;31:*.gz=01;31:*.lrz=01;31:*.lz=01;31:*.lzo=01;31:*.xz=01;31:*.zst=01;31:*.tzst=01;31:*.bz2=01;31:*.bz=01;31:*.tbz=01;31:*.tbz2=01;31:*.tz=01;31:*.deb=01;31:*.rpm=01;31:*.jar=01;31:*.war=01;31:*.ear=01;31:*.sar=01;31:*.rar=01;31:*.alz=01;31:*.ace=01;31:*.zoo=01;31:*.cpio=01;31:*.7z=01;31:*.rz=01;31:*.cab=01;31:*.wim=01;31:*.swm=01;31:*.dwm=01;31:*.esd=01;31:*.jpg=01;35:*.jpeg=01;35:*.mjpg=01;35:*.mjpeg=01;35:*.gif=01;35:*.bmp=01;35:*.pbm=01;35:*.pgm=01;35:*.ppm=01;35:*.tga=01;35:*.xbm=01;35:*.xpm=01;35:*.tif=01;35:*.tiff=01;35:*.png=01;35:*.svg=01;35:*.svgz=01;35:*.mng=01;35:*.pcx=01;35:*.mov=01;35:*.mpg=01;35:*.mpeg=01;35:*.m2v=01;35:*.mkv=01;35:*.webm=01;35:*.webp=01;35:*.ogm=01;35:*.mp4=01;35:*.m4v=01;35:*.mp4v=01;35:*.vob=01;35:*.qt=01;35:*.nuv=01;35:*.wmv=01;35:*.asf=01;35:*.rm=01;35:*.rmvb=01;35:*.flc=01;35:*.avi=01;35:*.fli=01;35:*.flv=01;35:*.gl=01;35:*.dl=01;35:*.xcf=01;35:*.xwd=01;35:*.yuv=01;35:*.cgm=01;35:*.emf=01;35:*.ogv=01;35:*.ogx=01;35:*.aac=00;36:*.au=00;36:*.flac=00;36:*.m4a=00;36:*.mid=00;36:*.midi=00;36:*.mka=00;36:*.mp3=00;36:*.mpc=00;36:*.ogg=00;36:*.ra=00;36:*.wav=00;36:*.oga=00;36:*.opus=00;36:*.spx=00;36:*.xspf=00;36:'), ('AMENT_PREFIX_PATH', '/mnt/g/My Drive/Primary/skl-Course/SP26/EECS 206A - Introduction to Robotics/106a_final_project/drone_simulation/install/tello_msgs'), ('SHELL', '/bin/bash'), ('LESSCLOSE', '/usr/bin/lesspipe %s %s'), ('PWD', '/mnt/g/My Drive/Primary/skl-Course/SP26/EECS 206A - Introduction to Robotics/106a_final_project/drone_simulation/build/tello_gazebo'), ('XDG_DATA_DIRS', '/usr/local/share:/usr/share:/var/lib/snapd/desktop'), ('PYTHONPATH', '/mnt/g/My Drive/Primary/skl-Course/SP26/EECS 206A - Introduction to Robotics/106a_final_project/drone_simulation/install/tello_msgs/local/lib/python3.10/dist-packages'), ('COLCON', '1'), ('WSL2_GUI_APPS_ENABLED', '1'), ('HOSTTYPE', 'x86_64'), ('WSLENV', ''), ('CMAKE_PREFIX_PATH', '/mnt/g/My Drive/Primary/skl-Course/SP26/EECS 206A - Introduction to Robotics/106a_final_project/drone_simulation/install/tello_msgs')]), 'shell': False}
[60.718378] (-) TimerEvent: {}
[60.821015] (-) TimerEvent: {}
[60.922422] (-) TimerEvent: {}
[61.023703] (-) TimerEvent: {}
[61.112613] (tello_gazebo) StdoutLine: {'line': b'-- Install configuration: ""\n'}
[61.123963] (-) TimerEvent: {}
[61.203855] (tello_gazebo) StdoutLine: {'line': b'-- Installing: /mnt/g/My Drive/Primary/skl-Course/SP26/EECS 206A - Introduction to Robotics/106a_final_project/drone_simulation/install/tello_gazebo/lib/libTelloPlugin.so\n'}
[61.224134] (-) TimerEvent: {}
[61.325596] (-) TimerEvent: {}
[61.426540] (-) TimerEvent: {}
[61.528409] (-) TimerEvent: {}
[61.629937] (-) TimerEvent: {}
[61.730955] (-) TimerEvent: {}
[61.832097] (-) TimerEvent: {}
[61.933062] (-) TimerEvent: {}
[62.033982] (-) TimerEvent: {}
[62.134864] (-) TimerEvent: {}
[62.236489] (-) TimerEvent: {}
[62.337796] (-) TimerEvent: {}
[62.439142] (-) TimerEvent: {}
[62.540208] (-) TimerEvent: {}
[62.641303] (-) TimerEvent: {}
[62.676887] (my_drone_vision) StdoutLine: {'line': b'running egg_info\n'}
[62.707959] (my_drone_vision) StdoutLine: {'line': b'writing ../../build/my_drone_vision/my_drone_vision.egg-info/PKG-INFO\n'}
[62.741493] (-) TimerEvent: {}
[62.765600] (my_drone_vision) StdoutLine: {'line': b'writing dependency_links to ../../build/my_drone_vision/my_drone_vision.egg-info/dependency_links.txt\n'}
[62.821582] (my_drone_vision) StdoutLine: {'line': b'writing entry points to ../../build/my_drone_vision/my_drone_vision.egg-info/entry_points.txt\n'}
[62.841724] (-) TimerEvent: {}
[62.866484] (my_drone_vision) StdoutLine: {'line': b'writing requirements to ../../build/my_drone_vision/my_drone_vision.egg-info/requires.txt\n'}
[62.895367] (my_drone_vision) StdoutLine: {'line': b'writing top-level names to ../../build/my_drone_vision/my_drone_vision.egg-info/top_level.txt\n'}
[62.941945] (-) TimerEvent: {}
[63.043710] (-) TimerEvent: {}
[63.144840] (-) TimerEvent: {}
[63.246180] (-) TimerEvent: {}
[63.249674] (my_drone_vision) StdoutLine: {'line': b"reading manifest file '../../build/my_drone_vision/my_drone_vision.egg-info/SOURCES.txt'\n"}
[63.346438] (-) TimerEvent: {}
[63.447653] (-) TimerEvent: {}
[63.548620] (-) TimerEvent: {}
[63.649600] (-) TimerEvent: {}
[63.751273] (-) TimerEvent: {}
[63.821464] (my_drone_vision) StdoutLine: {'line': b"writing manifest file '../../build/my_drone_vision/my_drone_vision.egg-info/SOURCES.txt'\n"}
[63.851565] (-) TimerEvent: {}
[63.856220] (my_drone_vision) StdoutLine: {'line': b'running build\n'}
[63.861197] (my_drone_vision) StdoutLine: {'line': b'running build_py\n'}
[63.934433] (tello_gazebo) StdoutLine: {'line': b'-- Set runtime path of "/mnt/g/My Drive/Primary/skl-Course/SP26/EECS 206A - Introduction to Robotics/106a_final_project/drone_simulation/install/tello_gazebo/lib/libTelloPlugin.so" to ""\n'}
[63.951729] (-) TimerEvent: {}
[64.010784] (tello_gazebo) StdoutLine: {'line': b'-- Installing: /mnt/g/My Drive/Primary/skl-Course/SP26/EECS 206A - Introduction to Robotics/106a_final_project/drone_simulation/install/tello_gazebo/share/tello_gazebo/models\n'}
[64.051995] (-) TimerEvent: {}
[64.153317] (-) TimerEvent: {}
[64.178070] (tello_gazebo) StdoutLine: {'line': b'-- Installing: /mnt/g/My Drive/Primary/skl-Course/SP26/EECS 206A - Introduction to Robotics/106a_final_project/drone_simulation/install/tello_gazebo/share/tello_gazebo/models/marker_0\n'}
[64.253547] (-) TimerEvent: {}
[64.330684] (my_drone_vision) StdoutLine: {'line': b'running install\n'}
[64.333903] (my_drone_vision) StdoutLine: {'line': b'running install_lib\n'}
[64.353713] (-) TimerEvent: {}
[64.387130] (tello_gazebo) StdoutLine: {'line': b'-- Installing: /mnt/g/My Drive/Primary/skl-Course/SP26/EECS 206A - Introduction to Robotics/106a_final_project/drone_simulation/install/tello_gazebo/share/tello_gazebo/models/marker_0/materials\n'}
[64.453992] (-) TimerEvent: {}
[64.556731] (-) TimerEvent: {}
[64.657774] (-) TimerEvent: {}
[64.691887] (tello_gazebo) StdoutLine: {'line': b'-- Installing: /mnt/g/My Drive/Primary/skl-Course/SP26/EECS 206A - Introduction to Robotics/106a_final_project/drone_simulation/install/tello_gazebo/share/tello_gazebo/models/marker_0/materials/scripts\n'}
[64.757997] (-) TimerEvent: {}
[64.859514] (-) TimerEvent: {}
[64.962181] (-) TimerEvent: {}
[65.063353] (-) TimerEvent: {}
[65.132328] (tello_gazebo) StdoutLine: {'line': b'-- Installing: /mnt/g/My Drive/Primary/skl-Course/SP26/EECS 206A - Introduction to Robotics/106a_final_project/drone_simulation/install/tello_gazebo/share/tello_gazebo/models/marker_0/materials/scripts/marker_0.material\n'}
[65.163569] (-) TimerEvent: {}
[65.265269] (-) TimerEvent: {}
[65.366390] (-) TimerEvent: {}
[65.467519] (-) TimerEvent: {}
[65.568450] (-) TimerEvent: {}
[65.669649] (-) TimerEvent: {}
[65.771532] (-) TimerEvent: {}
[65.874239] (-) TimerEvent: {}
[65.894415] (my_drone_vision) StdoutLine: {'line': b'running install_data\n'}
[65.974450] (-) TimerEvent: {}
[66.034934] (tello_gazebo) StdoutLine: {'line': b'-- Installing: /mnt/g/My Drive/Primary/skl-Course/SP26/EECS 206A - Introduction to Robotics/106a_final_project/drone_simulation/install/tello_gazebo/share/tello_gazebo/models/marker_0/materials/textures\n'}
[66.074809] (-) TimerEvent: {}
[66.175945] (-) TimerEvent: {}
[66.278595] (-) TimerEvent: {}
[66.412052] (-) TimerEvent: {}
[66.496039] (tello_gazebo) StdoutLine: {'line': b'-- Installing: /mnt/g/My Drive/Primary/skl-Course/SP26/EECS 206A - Introduction to Robotics/106a_final_project/drone_simulation/install/tello_gazebo/share/tello_gazebo/models/marker_0/materials/textures/aruco_mark_0.png\n'}
[66.512300] (-) TimerEvent: {}
[66.612670] (my_drone_vision) StdoutLine: {'line': b'running install_egg_info\n'}
[66.616143] (-) TimerEvent: {}
[66.702457] (my_drone_vision) StdoutLine: {'line': b"removing '/mnt/g/My Drive/Primary/skl-Course/SP26/EECS 206A - Introduction to Robotics/106a_final_project/drone_simulation/install/my_drone_vision/lib/python3.10/site-packages/my_drone_vision-0.0.0-py3.10.egg-info' (and everything under it)\n"}
[66.716386] (-) TimerEvent: {}
[66.818435] (-) TimerEvent: {}
[66.919556] (-) TimerEvent: {}
[67.021466] (-) TimerEvent: {}
[67.123888] (-) TimerEvent: {}
[67.225800] (-) TimerEvent: {}
[67.227368] (my_drone_vision) StdoutLine: {'line': b'Copying ../../build/my_drone_vision/my_drone_vision.egg-info to /mnt/g/My Drive/Primary/skl-Course/SP26/EECS 206A - Introduction to Robotics/106a_final_project/drone_simulation/install/my_drone_vision/lib/python3.10/site-packages/my_drone_vision-0.0.0-py3.10.egg-info\n'}
[67.326057] (-) TimerEvent: {}
[67.427455] (-) TimerEvent: {}
[67.487338] (tello_gazebo) StdoutLine: {'line': b'-- Installing: /mnt/g/My Drive/Primary/skl-Course/SP26/EECS 206A - Introduction to Robotics/106a_final_project/drone_simulation/install/tello_gazebo/share/tello_gazebo/models/marker_0/materials/textures/aruco_mark_0.svg\n'}
[67.527764] (-) TimerEvent: {}
[67.629278] (-) TimerEvent: {}
[67.730370] (-) TimerEvent: {}
[67.831527] (-) TimerEvent: {}
[67.932835] (-) TimerEvent: {}
[68.034293] (-) TimerEvent: {}
[68.136293] (-) TimerEvent: {}
[68.239472] (-) TimerEvent: {}
[68.340530] (-) TimerEvent: {}
[68.390006] (tello_gazebo) StdoutLine: {'line': b'-- Installing: /mnt/g/My Drive/Primary/skl-Course/SP26/EECS 206A - Introduction to Robotics/106a_final_project/drone_simulation/install/tello_gazebo/share/tello_gazebo/models/marker_0/model.config\n'}
[68.440731] (-) TimerEvent: {}
[68.462174] (tello_driver) StdoutLine: {'line': b'[ 81%] \x1b[32m\x1b[1mLinking CXX executable tello_emulator\x1b[0m\n'}
[68.540892] (-) TimerEvent: {}
[68.641947] (-) TimerEvent: {}
[68.743069] (-) TimerEvent: {}
[68.844464] (-) TimerEvent: {}
[68.945479] (-) TimerEvent: {}
[69.047357] (-) TimerEvent: {}
[69.082236] (tello_gazebo) StdoutLine: {'line': b'-- Installing: /mnt/g/My Drive/Primary/skl-Course/SP26/EECS 206A - Introduction to Robotics/106a_final_project/drone_simulation/install/tello_gazebo/share/tello_gazebo/models/marker_0/model.sdf\n'}
[69.147601] (-) TimerEvent: {}
[69.180280] (my_drone_vision) StdoutLine: {'line': b'running install_scripts\n'}
[69.247726] (-) TimerEvent: {}
[69.349254] (-) TimerEvent: {}
[69.451197] (-) TimerEvent: {}
[69.552217] (-) TimerEvent: {}
[69.652993] (tello_gazebo) StdoutLine: {'line': b'-- Installing: /mnt/g/My Drive/Primary/skl-Course/SP26/EECS 206A - Introduction to Robotics/106a_final_project/drone_simulation/install/tello_gazebo/share/tello_gazebo/models/marker_1\n'}
[69.656317] (-) TimerEvent: {}
[69.746437] (my_drone_vision) StdoutLine: {'line': b'Installing aruco_controller script to /mnt/g/My Drive/Primary/skl-Course/SP26/EECS 206A - Introduction to Robotics/106a_final_project/drone_simulation/install/my_drone_vision/lib/my_drone_vision\n'}
[69.756478] (-) TimerEvent: {}
[69.832319] (my_drone_vision) StdoutLine: {'line': b'Installing aruco_controller_3d script to /mnt/g/My Drive/Primary/skl-Course/SP26/EECS 206A - Introduction to Robotics/106a_final_project/drone_simulation/install/my_drone_vision/lib/my_drone_vision\n'}
[69.851955] (tello_gazebo) StdoutLine: {'line': b'-- Installing: /mnt/g/My Drive/Primary/skl-Course/SP26/EECS 206A - Introduction to Robotics/106a_final_project/drone_simulation/install/tello_gazebo/share/tello_gazebo/models/marker_1/materials\n'}
[69.856622] (-) TimerEvent: {}
[69.909812] (my_drone_vision) StdoutLine: {'line': b'Installing aruco_detector_3d script to /mnt/g/My Drive/Primary/skl-Course/SP26/EECS 206A - Introduction to Robotics/106a_final_project/drone_simulation/install/my_drone_vision/lib/my_drone_vision\n'}
[69.956848] (-) TimerEvent: {}
[69.992606] (my_drone_vision) StdoutLine: {'line': b'Installing tello_direct_io script to /mnt/g/My Drive/Primary/skl-Course/SP26/EECS 206A - Introduction to Robotics/106a_final_project/drone_simulation/install/my_drone_vision/lib/my_drone_vision\n'}
[70.057041] (-) TimerEvent: {}
[70.081540] (my_drone_vision) StdoutLine: {'line': b"writing list of installed files to '/mnt/g/My Drive/Primary/skl-Course/SP26/EECS 206A - Introduction to Robotics/106a_final_project/drone_simulation/build/my_drone_vision/install.log'\n"}
[70.119885] (tello_gazebo) StdoutLine: {'line': b'-- Installing: /mnt/g/My Drive/Primary/skl-Course/SP26/EECS 206A - Introduction to Robotics/106a_final_project/drone_simulation/install/tello_gazebo/share/tello_gazebo/models/marker_1/materials/scripts\n'}
[70.144343] (my_drone_vision) CommandEnded: {'returncode': 0}
[70.157201] (-) TimerEvent: {}
[70.258623] (-) TimerEvent: {}
[70.359573] (-) TimerEvent: {}
[70.461110] (-) TimerEvent: {}
[70.464241] (tello_gazebo) StdoutLine: {'line': b'-- Installing: /mnt/g/My Drive/Primary/skl-Course/SP26/EECS 206A - Introduction to Robotics/106a_final_project/drone_simulation/install/tello_gazebo/share/tello_gazebo/models/marker_1/materials/scripts/marker_1.material\n'}
[70.561263] (-) TimerEvent: {}
[70.662086] (-) TimerEvent: {}
[70.763284] (-) TimerEvent: {}
[70.864535] (-) TimerEvent: {}
[70.972264] (-) TimerEvent: {}
[71.074517] (-) TimerEvent: {}
[71.175384] (-) TimerEvent: {}
[71.276984] (-) TimerEvent: {}
[71.316679] (tello_gazebo) StdoutLine: {'line': b'-- Installing: /mnt/g/My Drive/Primary/skl-Course/SP26/EECS 206A - Introduction to Robotics/106a_final_project/drone_simulation/install/tello_gazebo/share/tello_gazebo/models/marker_1/materials/textures\n'}
[71.377147] (-) TimerEvent: {}
[71.478783] (-) TimerEvent: {}
[71.580678] (-) TimerEvent: {}
[71.681632] (-) TimerEvent: {}
[71.765788] (tello_gazebo) StdoutLine: {'line': b'-- Installing: /mnt/g/My Drive/Primary/skl-Course/SP26/EECS 206A - Introduction to Robotics/106a_final_project/drone_simulation/install/tello_gazebo/share/tello_gazebo/models/marker_1/materials/textures/aruco_mark_1.png\n'}
[71.781742] (-) TimerEvent: {}
[71.882820] (-) TimerEvent: {}
[71.983643] (-) TimerEvent: {}
[72.085658] (-) TimerEvent: {}
[72.188113] (-) TimerEvent: {}
[72.289793] (-) TimerEvent: {}
[72.363397] (my_drone_vision) JobEnded: {'identifier': 'my_drone_vision', 'rc': 0}
[72.455780] (-) TimerEvent: {}
[72.556476] (-) TimerEvent: {}
[72.657545] (-) TimerEvent: {}
[72.712047] (tello_gazebo) StdoutLine: {'line': b'-- Installing: /mnt/g/My Drive/Primary/skl-Course/SP26/EECS 206A - Introduction to Robotics/106a_final_project/drone_simulation/install/tello_gazebo/share/tello_gazebo/models/marker_1/materials/textures/aruco_mark_1.svg\n'}
[72.757686] (-) TimerEvent: {}
[72.859467] (-) TimerEvent: {}
[72.961206] (-) TimerEvent: {}
[73.062929] (-) TimerEvent: {}
[73.164029] (-) TimerEvent: {}
[73.265851] (-) TimerEvent: {}
[73.366768] (-) TimerEvent: {}
[73.468070] (-) TimerEvent: {}
[73.569081] (-) TimerEvent: {}
[73.573266] (tello_gazebo) StdoutLine: {'line': b'-- Installing: /mnt/g/My Drive/Primary/skl-Course/SP26/EECS 206A - Introduction to Robotics/106a_final_project/drone_simulation/install/tello_gazebo/share/tello_gazebo/models/marker_1/model.config\n'}
[73.669229] (-) TimerEvent: {}
[73.770353] (-) TimerEvent: {}
[73.871234] (-) TimerEvent: {}
[73.973566] (-) TimerEvent: {}
[74.075087] (-) TimerEvent: {}
[74.176145] (-) TimerEvent: {}
[74.186545] (tello_gazebo) StdoutLine: {'line': b'-- Installing: /mnt/g/My Drive/Primary/skl-Course/SP26/EECS 206A - Introduction to Robotics/106a_final_project/drone_simulation/install/tello_gazebo/share/tello_gazebo/models/marker_1/model.sdf\n'}
[74.276278] (-) TimerEvent: {}
[74.378179] (-) TimerEvent: {}
[74.479228] (-) TimerEvent: {}
[74.580265] (-) TimerEvent: {}
[74.681112] (-) TimerEvent: {}
[74.694679] (tello_gazebo) StdoutLine: {'line': b'-- Installing: /mnt/g/My Drive/Primary/skl-Course/SP26/EECS 206A - Introduction to Robotics/106a_final_project/drone_simulation/install/tello_gazebo/share/tello_gazebo/models/marker_2\n'}
[74.781298] (-) TimerEvent: {}
[74.875738] (tello_gazebo) StdoutLine: {'line': b'-- Installing: /mnt/g/My Drive/Primary/skl-Course/SP26/EECS 206A - Introduction to Robotics/106a_final_project/drone_simulation/install/tello_gazebo/share/tello_gazebo/models/marker_2/materials\n'}
[74.881429] (-) TimerEvent: {}
[74.968402] (tello_driver) StdoutLine: {'line': b'[ 81%] Built target tello_emulator\n'}
[74.981552] (-) TimerEvent: {}
[75.082459] (-) TimerEvent: {}
[75.105833] (tello_gazebo) StdoutLine: {'line': b'-- Installing: /mnt/g/My Drive/Primary/skl-Course/SP26/EECS 206A - Introduction to Robotics/106a_final_project/drone_simulation/install/tello_gazebo/share/tello_gazebo/models/marker_2/materials/scripts\n'}
[75.182589] (-) TimerEvent: {}
[75.283688] (-) TimerEvent: {}
[75.384868] (-) TimerEvent: {}
[75.404037] (tello_gazebo) StdoutLine: {'line': b'-- Installing: /mnt/g/My Drive/Primary/skl-Course/SP26/EECS 206A - Introduction to Robotics/106a_final_project/drone_simulation/install/tello_gazebo/share/tello_gazebo/models/marker_2/materials/scripts/marker_2.material\n'}
[75.485024] (-) TimerEvent: {}
[75.586057] (-) TimerEvent: {}
[75.687407] (-) TimerEvent: {}
[75.788774] (-) TimerEvent: {}
[75.889663] (-) TimerEvent: {}
[75.957961] (tello_gazebo) StdoutLine: {'line': b'-- Installing: /mnt/g/My Drive/Primary/skl-Course/SP26/EECS 206A - Introduction to Robotics/106a_final_project/drone_simulation/install/tello_gazebo/share/tello_gazebo/models/marker_2/materials/textures\n'}
[75.989827] (-) TimerEvent: {}
[76.090616] (-) TimerEvent: {}
[76.191792] (-) TimerEvent: {}
[76.242194] (tello_gazebo) StdoutLine: {'line': b'-- Installing: /mnt/g/My Drive/Primary/skl-Course/SP26/EECS 206A - Introduction to Robotics/106a_final_project/drone_simulation/install/tello_gazebo/share/tello_gazebo/models/marker_2/materials/textures/aruco_mark_2.png\n'}
[76.291969] (-) TimerEvent: {}
[76.392867] (-) TimerEvent: {}
[76.493835] (-) TimerEvent: {}
[76.594978] (-) TimerEvent: {}
[76.695810] (-) TimerEvent: {}
[76.796803] (-) TimerEvent: {}
[76.845004] (tello_gazebo) StdoutLine: {'line': b'-- Installing: /mnt/g/My Drive/Primary/skl-Course/SP26/EECS 206A - Introduction to Robotics/106a_final_project/drone_simulation/install/tello_gazebo/share/tello_gazebo/models/marker_2/materials/textures/aruco_mark_2.svg\n'}
[76.896957] (-) TimerEvent: {}
[76.998079] (-) TimerEvent: {}
[77.099062] (-) TimerEvent: {}
[77.199994] (-) TimerEvent: {}
[77.300993] (-) TimerEvent: {}
[77.402359] (-) TimerEvent: {}
[77.425830] (tello_gazebo) StdoutLine: {'line': b'-- Installing: /mnt/g/My Drive/Primary/skl-Course/SP26/EECS 206A - Introduction to Robotics/106a_final_project/drone_simulation/install/tello_gazebo/share/tello_gazebo/models/marker_2/model.config\n'}
[77.502531] (-) TimerEvent: {}
[77.603582] (-) TimerEvent: {}
[77.705130] (-) TimerEvent: {}
[77.806013] (-) TimerEvent: {}
[77.907329] (-) TimerEvent: {}
[77.908010] (tello_gazebo) StdoutLine: {'line': b'-- Installing: /mnt/g/My Drive/Primary/skl-Course/SP26/EECS 206A - Introduction to Robotics/106a_final_project/drone_simulation/install/tello_gazebo/share/tello_gazebo/models/marker_2/model.sdf\n'}
[78.007497] (-) TimerEvent: {}
[78.108467] (-) TimerEvent: {}
[78.209738] (-) TimerEvent: {}
[78.310641] (-) TimerEvent: {}
[78.319289] (tello_gazebo) StdoutLine: {'line': b'-- Installing: /mnt/g/My Drive/Primary/skl-Course/SP26/EECS 206A - Introduction to Robotics/106a_final_project/drone_simulation/install/tello_gazebo/share/tello_gazebo/models/marker_3\n'}
[78.410893] (-) TimerEvent: {}
[78.490895] (tello_gazebo) StdoutLine: {'line': b'-- Installing: /mnt/g/My Drive/Primary/skl-Course/SP26/EECS 206A - Introduction to Robotics/106a_final_project/drone_simulation/install/tello_gazebo/share/tello_gazebo/models/marker_3/materials\n'}
[78.511072] (-) TimerEvent: {}
[78.612052] (-) TimerEvent: {}
[78.710770] (tello_gazebo) StdoutLine: {'line': b'-- Installing: /mnt/g/My Drive/Primary/skl-Course/SP26/EECS 206A - Introduction to Robotics/106a_final_project/drone_simulation/install/tello_gazebo/share/tello_gazebo/models/marker_3/materials/scripts\n'}
[78.712912] (-) TimerEvent: {}
[78.813773] (-) TimerEvent: {}
[78.915204] (-) TimerEvent: {}
[79.004612] (tello_gazebo) StdoutLine: {'line': b'-- Installing: /mnt/g/My Drive/Primary/skl-Course/SP26/EECS 206A - Introduction to Robotics/106a_final_project/drone_simulation/install/tello_gazebo/share/tello_gazebo/models/marker_3/materials/scripts/marker_3.material\n'}
[79.015425] (-) TimerEvent: {}
[79.116955] (-) TimerEvent: {}
[79.218395] (-) TimerEvent: {}
[79.321525] (-) TimerEvent: {}
[79.422865] (-) TimerEvent: {}
[79.524048] (-) TimerEvent: {}
[79.626372] (-) TimerEvent: {}
[79.665038] (tello_gazebo) StdoutLine: {'line': b'-- Installing: /mnt/g/My Drive/Primary/skl-Course/SP26/EECS 206A - Introduction to Robotics/106a_final_project/drone_simulation/install/tello_gazebo/share/tello_gazebo/models/marker_3/materials/textures\n'}
[79.726553] (-) TimerEvent: {}
[79.827909] (-) TimerEvent: {}
[79.928790] (-) TimerEvent: {}
[79.991035] (tello_gazebo) StdoutLine: {'line': b'-- Installing: /mnt/g/My Drive/Primary/skl-Course/SP26/EECS 206A - Introduction to Robotics/106a_final_project/drone_simulation/install/tello_gazebo/share/tello_gazebo/models/marker_3/materials/textures/aruco_mark_3.png\n'}
[80.028950] (-) TimerEvent: {}
[80.130092] (-) TimerEvent: {}
[80.231120] (-) TimerEvent: {}
[80.331904] (-) TimerEvent: {}
[80.433135] (-) TimerEvent: {}
[80.534143] (-) TimerEvent: {}
[80.613608] (tello_gazebo) StdoutLine: {'line': b'-- Installing: /mnt/g/My Drive/Primary/skl-Course/SP26/EECS 206A - Introduction to Robotics/106a_final_project/drone_simulation/install/tello_gazebo/share/tello_gazebo/models/marker_3/materials/textures/aruco_mark_3.svg\n'}
[80.634359] (-) TimerEvent: {}
[80.735746] (-) TimerEvent: {}
[80.836617] (-) TimerEvent: {}
[80.938006] (-) TimerEvent: {}
[81.039322] (-) TimerEvent: {}
[81.141040] (-) TimerEvent: {}
[81.232845] (tello_gazebo) StdoutLine: {'line': b'-- Installing: /mnt/g/My Drive/Primary/skl-Course/SP26/EECS 206A - Introduction to Robotics/106a_final_project/drone_simulation/install/tello_gazebo/share/tello_gazebo/models/marker_3/model.config\n'}
[81.241211] (-) TimerEvent: {}
[81.342563] (-) TimerEvent: {}
[81.443763] (-) TimerEvent: {}
[81.544596] (-) TimerEvent: {}
[81.645590] (-) TimerEvent: {}
[81.728667] (tello_gazebo) StdoutLine: {'line': b'-- Installing: /mnt/g/My Drive/Primary/skl-Course/SP26/EECS 206A - Introduction to Robotics/106a_final_project/drone_simulation/install/tello_gazebo/share/tello_gazebo/models/marker_3/model.sdf\n'}
[81.745727] (-) TimerEvent: {}
[81.847149] (-) TimerEvent: {}
[81.948222] (-) TimerEvent: {}
[82.049285] (-) TimerEvent: {}
[82.150607] (-) TimerEvent: {}
[82.204978] (tello_gazebo) StdoutLine: {'line': b'-- Installing: /mnt/g/My Drive/Primary/skl-Course/SP26/EECS 206A - Introduction to Robotics/106a_final_project/drone_simulation/install/tello_gazebo/share/tello_gazebo/models/marker_4\n'}
[82.250891] (-) TimerEvent: {}
[82.353058] (-) TimerEvent: {}
[82.382458] (tello_gazebo) StdoutLine: {'line': b'-- Installing: /mnt/g/My Drive/Primary/skl-Course/SP26/EECS 206A - Introduction to Robotics/106a_final_project/drone_simulation/install/tello_gazebo/share/tello_gazebo/models/marker_4/materials\n'}
[82.453297] (-) TimerEvent: {}
[82.555474] (-) TimerEvent: {}
[82.587352] (tello_gazebo) StdoutLine: {'line': b'-- Installing: /mnt/g/My Drive/Primary/skl-Course/SP26/EECS 206A - Introduction to Robotics/106a_final_project/drone_simulation/install/tello_gazebo/share/tello_gazebo/models/marker_4/materials/scripts\n'}
[82.655564] (-) TimerEvent: {}
[82.756805] (-) TimerEvent: {}
[82.859083] (-) TimerEvent: {}
[82.888863] (tello_gazebo) StdoutLine: {'line': b'-- Installing: /mnt/g/My Drive/Primary/skl-Course/SP26/EECS 206A - Introduction to Robotics/106a_final_project/drone_simulation/install/tello_gazebo/share/tello_gazebo/models/marker_4/materials/scripts/marker_4.material\n'}
[82.959305] (-) TimerEvent: {}
[83.060178] (-) TimerEvent: {}
[83.161266] (-) TimerEvent: {}
[83.262927] (-) TimerEvent: {}
[83.364211] (-) TimerEvent: {}
[83.465171] (-) TimerEvent: {}
[83.479799] (tello_gazebo) StdoutLine: {'line': b'-- Installing: /mnt/g/My Drive/Primary/skl-Course/SP26/EECS 206A - Introduction to Robotics/106a_final_project/drone_simulation/install/tello_gazebo/share/tello_gazebo/models/marker_4/materials/textures\n'}
[83.565351] (-) TimerEvent: {}
[83.672934] (-) TimerEvent: {}
[83.774251] (-) TimerEvent: {}
[83.783507] (tello_gazebo) StdoutLine: {'line': b'-- Installing: /mnt/g/My Drive/Primary/skl-Course/SP26/EECS 206A - Introduction to Robotics/106a_final_project/drone_simulation/install/tello_gazebo/share/tello_gazebo/models/marker_4/materials/textures/aruco_mark_4.png\n'}
[83.874503] (-) TimerEvent: {}
[83.975508] (-) TimerEvent: {}
[84.076386] (-) TimerEvent: {}
[84.177273] (-) TimerEvent: {}
[84.278334] (-) TimerEvent: {}
[84.380129] (-) TimerEvent: {}
[84.481393] (-) TimerEvent: {}
[84.551774] (tello_gazebo) StdoutLine: {'line': b'-- Installing: /mnt/g/My Drive/Primary/skl-Course/SP26/EECS 206A - Introduction to Robotics/106a_final_project/drone_simulation/install/tello_gazebo/share/tello_gazebo/models/marker_4/materials/textures/aruco_mark_4.svg\n'}
[84.581740] (-) TimerEvent: {}
[84.683015] (-) TimerEvent: {}
[84.784986] (-) TimerEvent: {}
[84.886224] (-) TimerEvent: {}
[84.987448] (-) TimerEvent: {}
[85.090109] (-) TimerEvent: {}
[85.181607] (tello_gazebo) StdoutLine: {'line': b'-- Installing: /mnt/g/My Drive/Primary/skl-Course/SP26/EECS 206A - Introduction to Robotics/106a_final_project/drone_simulation/install/tello_gazebo/share/tello_gazebo/models/marker_4/model.config\n'}
[85.190348] (-) TimerEvent: {}
[85.294391] (-) TimerEvent: {}
[85.395925] (-) TimerEvent: {}
[85.505583] (-) TimerEvent: {}
[85.606763] (-) TimerEvent: {}
[85.660885] (tello_gazebo) StdoutLine: {'line': b'-- Installing: /mnt/g/My Drive/Primary/skl-Course/SP26/EECS 206A - Introduction to Robotics/106a_final_project/drone_simulation/install/tello_gazebo/share/tello_gazebo/models/marker_4/model.sdf\n'}
[85.707002] (-) TimerEvent: {}
[85.810806] (-) TimerEvent: {}
[85.929658] (-) TimerEvent: {}
[86.031140] (-) TimerEvent: {}
[86.131269] (tello_gazebo) StdoutLine: {'line': b'-- Installing: /mnt/g/My Drive/Primary/skl-Course/SP26/EECS 206A - Introduction to Robotics/106a_final_project/drone_simulation/install/tello_gazebo/share/tello_gazebo/models/marker_5\n'}
[86.133720] (-) TimerEvent: {}
[86.235784] (-) TimerEvent: {}
[86.303398] (tello_gazebo) StdoutLine: {'line': b'-- Installing: /mnt/g/My Drive/Primary/skl-Course/SP26/EECS 206A - Introduction to Robotics/106a_final_project/drone_simulation/install/tello_gazebo/share/tello_gazebo/models/marker_5/materials\n'}
[86.336950] (-) TimerEvent: {}
[86.438329] (-) TimerEvent: {}
[86.536578] (tello_gazebo) StdoutLine: {'line': b'-- Installing: /mnt/g/My Drive/Primary/skl-Course/SP26/EECS 206A - Introduction to Robotics/106a_final_project/drone_simulation/install/tello_gazebo/share/tello_gazebo/models/marker_5/materials/scripts\n'}
[86.538993] (-) TimerEvent: {}
[86.639993] (-) TimerEvent: {}
[86.741758] (-) TimerEvent: {}
[86.843167] (-) TimerEvent: {}
[86.879113] (tello_gazebo) StdoutLine: {'line': b'-- Installing: /mnt/g/My Drive/Primary/skl-Course/SP26/EECS 206A - Introduction to Robotics/106a_final_project/drone_simulation/install/tello_gazebo/share/tello_gazebo/models/marker_5/materials/scripts/marker_5.material\n'}
[86.945174] (-) TimerEvent: {}
[87.047019] (-) TimerEvent: {}
[87.147887] (-) TimerEvent: {}
[87.249073] (-) TimerEvent: {}
[87.350216] (-) TimerEvent: {}
[87.451494] (-) TimerEvent: {}
[87.464029] (tello_gazebo) StdoutLine: {'line': b'-- Installing: /mnt/g/My Drive/Primary/skl-Course/SP26/EECS 206A - Introduction to Robotics/106a_final_project/drone_simulation/install/tello_gazebo/share/tello_gazebo/models/marker_5/materials/textures\n'}
[87.551647] (-) TimerEvent: {}
[87.653164] (-) TimerEvent: {}
[87.754376] (-) TimerEvent: {}
[87.774571] (tello_gazebo) StdoutLine: {'line': b'-- Installing: /mnt/g/My Drive/Primary/skl-Course/SP26/EECS 206A - Introduction to Robotics/106a_final_project/drone_simulation/install/tello_gazebo/share/tello_gazebo/models/marker_5/materials/textures/aruco_mark_5.png\n'}
[87.854725] (-) TimerEvent: {}
[87.955776] (-) TimerEvent: {}
[88.058909] (-) TimerEvent: {}
[88.161541] (-) TimerEvent: {}
[88.264573] (-) TimerEvent: {}
[88.368172] (-) TimerEvent: {}
[88.398679] (tello_gazebo) StdoutLine: {'line': b'-- Installing: /mnt/g/My Drive/Primary/skl-Course/SP26/EECS 206A - Introduction to Robotics/106a_final_project/drone_simulation/install/tello_gazebo/share/tello_gazebo/models/marker_5/materials/textures/aruco_mark_5.svg\n'}
[88.468454] (-) TimerEvent: {}
[88.569709] (-) TimerEvent: {}
[88.670854] (-) TimerEvent: {}
[88.772186] (-) TimerEvent: {}
[88.873592] (-) TimerEvent: {}
[88.974970] (-) TimerEvent: {}
[89.009991] (tello_gazebo) StdoutLine: {'line': b'-- Installing: /mnt/g/My Drive/Primary/skl-Course/SP26/EECS 206A - Introduction to Robotics/106a_final_project/drone_simulation/install/tello_gazebo/share/tello_gazebo/models/marker_5/model.config\n'}
[89.075128] (-) TimerEvent: {}
[89.176297] (-) TimerEvent: {}
[89.277602] (-) TimerEvent: {}
[89.380569] (-) TimerEvent: {}
[89.483028] (-) TimerEvent: {}
[89.523420] (tello_gazebo) StdoutLine: {'line': b'-- Installing: /mnt/g/My Drive/Primary/skl-Course/SP26/EECS 206A - Introduction to Robotics/106a_final_project/drone_simulation/install/tello_gazebo/share/tello_gazebo/models/marker_5/model.sdf\n'}
[89.584223] (-) TimerEvent: {}
[89.687836] (-) TimerEvent: {}
[89.789535] (-) TimerEvent: {}
[89.892884] (-) TimerEvent: {}
[89.993996] (-) TimerEvent: {}
[89.999712] (tello_gazebo) StdoutLine: {'line': b'-- Installing: /mnt/g/My Drive/Primary/skl-Course/SP26/EECS 206A - Introduction to Robotics/106a_final_project/drone_simulation/install/tello_gazebo/share/tello_gazebo/models/marker_6\n'}
[90.094335] (-) TimerEvent: {}
[90.180996] (tello_gazebo) StdoutLine: {'line': b'-- Installing: /mnt/g/My Drive/Primary/skl-Course/SP26/EECS 206A - Introduction to Robotics/106a_final_project/drone_simulation/install/tello_gazebo/share/tello_gazebo/models/marker_6/materials\n'}
[90.194598] (-) TimerEvent: {}
[90.295809] (-) TimerEvent: {}
[90.398523] (-) TimerEvent: {}
[90.404947] (tello_gazebo) StdoutLine: {'line': b'-- Installing: /mnt/g/My Drive/Primary/skl-Course/SP26/EECS 206A - Introduction to Robotics/106a_final_project/drone_simulation/install/tello_gazebo/share/tello_gazebo/models/marker_6/materials/scripts\n'}
[90.499857] (-) TimerEvent: {}
[90.600911] (-) TimerEvent: {}
[90.684124] (tello_gazebo) StdoutLine: {'line': b'-- Installing: /mnt/g/My Drive/Primary/skl-Course/SP26/EECS 206A - Introduction to Robotics/106a_final_project/drone_simulation/install/tello_gazebo/share/tello_gazebo/models/marker_6/materials/scripts/marker_6.material\n'}
[90.701276] (-) TimerEvent: {}
[90.803630] (-) TimerEvent: {}
[90.904548] (-) TimerEvent: {}
[91.005789] (-) TimerEvent: {}
[91.107270] (-) TimerEvent: {}
[91.208275] (-) TimerEvent: {}
[91.245120] (tello_gazebo) StdoutLine: {'line': b'-- Installing: /mnt/g/My Drive/Primary/skl-Course/SP26/EECS 206A - Introduction to Robotics/106a_final_project/drone_simulation/install/tello_gazebo/share/tello_gazebo/models/marker_6/materials/textures\n'}
[91.309025] (-) TimerEvent: {}
[91.411536] (-) TimerEvent: {}
[91.513494] (-) TimerEvent: {}
[91.551411] (tello_gazebo) StdoutLine: {'line': b'-- Installing: /mnt/g/My Drive/Primary/skl-Course/SP26/EECS 206A - Introduction to Robotics/106a_final_project/drone_simulation/install/tello_gazebo/share/tello_gazebo/models/marker_6/materials/textures/aruco_mark_6.png\n'}
[91.613817] (-) TimerEvent: {}
[91.715271] (-) TimerEvent: {}
[91.816520] (-) TimerEvent: {}
[91.920658] (-) TimerEvent: {}
[92.022111] (-) TimerEvent: {}
[92.123293] (-) TimerEvent: {}
[92.175848] (tello_gazebo) StdoutLine: {'line': b'-- Installing: /mnt/g/My Drive/Primary/skl-Course/SP26/EECS 206A - Introduction to Robotics/106a_final_project/drone_simulation/install/tello_gazebo/share/tello_gazebo/models/marker_6/materials/textures/aruco_mark_6.svg\n'}
[92.223786] (-) TimerEvent: {}
[92.324822] (-) TimerEvent: {}
[92.426851] (-) TimerEvent: {}
[92.527806] (-) TimerEvent: {}
[92.628832] (-) TimerEvent: {}
[92.730190] (-) TimerEvent: {}
[92.824443] (tello_gazebo) StdoutLine: {'line': b'-- Installing: /mnt/g/My Drive/Primary/skl-Course/SP26/EECS 206A - Introduction to Robotics/106a_final_project/drone_simulation/install/tello_gazebo/share/tello_gazebo/models/marker_6/model.config\n'}
[92.830319] (-) TimerEvent: {}
[92.931168] (-) TimerEvent: {}
[93.032503] (-) TimerEvent: {}
[93.135568] (-) TimerEvent: {}
[93.236509] (-) TimerEvent: {}
[93.322673] (tello_gazebo) StdoutLine: {'line': b'-- Installing: /mnt/g/My Drive/Primary/skl-Course/SP26/EECS 206A - Introduction to Robotics/106a_final_project/drone_simulation/install/tello_gazebo/share/tello_gazebo/models/marker_6/model.sdf\n'}
[93.336745] (-) TimerEvent: {}
[93.437938] (-) TimerEvent: {}
[93.539431] (-) TimerEvent: {}
[93.640497] (-) TimerEvent: {}
[93.741634] (-) TimerEvent: {}
[93.823874] (tello_gazebo) StdoutLine: {'line': b'-- Installing: /mnt/g/My Drive/Primary/skl-Course/SP26/EECS 206A - Introduction to Robotics/106a_final_project/drone_simulation/install/tello_gazebo/share/tello_gazebo/models/marker_7\n'}
[93.841925] (-) TimerEvent: {}
[93.943772] (-) TimerEvent: {}
[94.045030] (-) TimerEvent: {}
[94.071835] (tello_gazebo) StdoutLine: {'line': b'-- Installing: /mnt/g/My Drive/Primary/skl-Course/SP26/EECS 206A - Introduction to Robotics/106a_final_project/drone_simulation/install/tello_gazebo/share/tello_gazebo/models/marker_7/materials\n'}
[94.145295] (-) TimerEvent: {}
[94.246836] (-) TimerEvent: {}
[94.348312] (-) TimerEvent: {}
[94.430635] (tello_gazebo) StdoutLine: {'line': b'-- Installing: /mnt/g/My Drive/Primary/skl-Course/SP26/EECS 206A - Introduction to Robotics/106a_final_project/drone_simulation/install/tello_gazebo/share/tello_gazebo/models/marker_7/materials/scripts\n'}
[94.448564] (-) TimerEvent: {}
[94.549790] (-) TimerEvent: {}
[94.651304] (-) TimerEvent: {}
[94.752412] (-) TimerEvent: {}
[94.884538] (-) TimerEvent: {}
[94.937879] (tello_gazebo) StdoutLine: {'line': b'-- Installing: /mnt/g/My Drive/Primary/skl-Course/SP26/EECS 206A - Introduction to Robotics/106a_final_project/drone_simulation/install/tello_gazebo/share/tello_gazebo/models/marker_7/materials/scripts/marker_7.material\n'}
[94.984892] (-) TimerEvent: {}
[95.087820] (-) TimerEvent: {}
[95.190593] (-) TimerEvent: {}
[95.292478] (-) TimerEvent: {}
[95.394622] (-) TimerEvent: {}
[95.496856] (-) TimerEvent: {}
[95.599240] (-) TimerEvent: {}
[95.701566] (-) TimerEvent: {}
[95.803216] (-) TimerEvent: {}
[95.905352] (-) TimerEvent: {}
[96.006939] (-) TimerEvent: {}
[96.066518] (tello_gazebo) StdoutLine: {'line': b'-- Installing: /mnt/g/My Drive/Primary/skl-Course/SP26/EECS 206A - Introduction to Robotics/106a_final_project/drone_simulation/install/tello_gazebo/share/tello_gazebo/models/marker_7/materials/textures\n'}
[96.107178] (-) TimerEvent: {}
[96.208451] (-) TimerEvent: {}
[96.315671] (-) TimerEvent: {}
[96.418783] (-) TimerEvent: {}
[96.520230] (-) TimerEvent: {}
[96.621985] (-) TimerEvent: {}
[96.641140] (tello_gazebo) StdoutLine: {'line': b'-- Installing: /mnt/g/My Drive/Primary/skl-Course/SP26/EECS 206A - Introduction to Robotics/106a_final_project/drone_simulation/install/tello_gazebo/share/tello_gazebo/models/marker_7/materials/textures/aruco_mark_7.png\n'}
[96.722262] (-) TimerEvent: {}
[96.824314] (-) TimerEvent: {}
[96.927163] (-) TimerEvent: {}
[97.029615] (-) TimerEvent: {}
[97.131185] (-) TimerEvent: {}
[97.232734] (-) TimerEvent: {}
[97.334573] (-) TimerEvent: {}
[97.436172] (-) TimerEvent: {}
[97.537855] (-) TimerEvent: {}
[97.639418] (-) TimerEvent: {}
[97.741105] (-) TimerEvent: {}
[97.844014] (-) TimerEvent: {}
[97.945848] (-) TimerEvent: {}
[97.957089] (tello_gazebo) StdoutLine: {'line': b'-- Installing: /mnt/g/My Drive/Primary/skl-Course/SP26/EECS 206A - Introduction to Robotics/106a_final_project/drone_simulation/install/tello_gazebo/share/tello_gazebo/models/marker_7/materials/textures/aruco_mark_7.svg\n'}
[98.046094] (-) TimerEvent: {}
[98.147633] (-) TimerEvent: {}
[98.249398] (-) TimerEvent: {}
[98.353417] (-) TimerEvent: {}
[98.456257] (-) TimerEvent: {}
[98.563454] (-) TimerEvent: {}
[98.665265] (-) TimerEvent: {}
[98.766853] (-) TimerEvent: {}
[98.869031] (-) TimerEvent: {}
[98.971561] (-) TimerEvent: {}
[99.074164] (-) TimerEvent: {}
[99.177054] (-) TimerEvent: {}
[99.279183] (-) TimerEvent: {}
[99.362597] (tello_gazebo) StdoutLine: {'line': b'-- Installing: /mnt/g/My Drive/Primary/skl-Course/SP26/EECS 206A - Introduction to Robotics/106a_final_project/drone_simulation/install/tello_gazebo/share/tello_gazebo/models/marker_7/model.config\n'}
[99.379414] (-) TimerEvent: {}
[99.481015] (-) TimerEvent: {}
[99.582509] (-) TimerEvent: {}
[99.684516] (-) TimerEvent: {}
[99.834912] (-) TimerEvent: {}
[99.942881] (-) TimerEvent: {}
[100.044841] (-) TimerEvent: {}
[100.147998] (-) TimerEvent: {}
[100.251500] (-) TimerEvent: {}
[100.353323] (-) TimerEvent: {}
[100.455959] (-) TimerEvent: {}
[100.557566] (-) TimerEvent: {}
[100.602096] (tello_gazebo) StdoutLine: {'line': b'-- Installing: /mnt/g/My Drive/Primary/skl-Course/SP26/EECS 206A - Introduction to Robotics/106a_final_project/drone_simulation/install/tello_gazebo/share/tello_gazebo/models/marker_7/model.sdf\n'}
[100.657732] (-) TimerEvent: {}
[100.759406] (-) TimerEvent: {}
[100.861059] (-) TimerEvent: {}
[100.962618] (-) TimerEvent: {}
[101.064341] (-) TimerEvent: {}
[101.167964] (-) TimerEvent: {}
[101.269430] (-) TimerEvent: {}
[101.371156] (-) TimerEvent: {}
[101.495084] (-) TimerEvent: {}
[101.600476] (-) TimerEvent: {}
[101.702385] (-) TimerEvent: {}
[101.709701] (tello_gazebo) StdoutLine: {'line': b'-- Installing: /mnt/g/My Drive/Primary/skl-Course/SP26/EECS 206A - Introduction to Robotics/106a_final_project/drone_simulation/install/tello_gazebo/share/tello_gazebo/worlds\n'}
[101.802607] (-) TimerEvent: {}
[101.906441] (-) TimerEvent: {}
[102.008758] (-) TimerEvent: {}
[102.053593] (tello_gazebo) StdoutLine: {'line': b'-- Installing: /mnt/g/My Drive/Primary/skl-Course/SP26/EECS 206A - Introduction to Robotics/106a_final_project/drone_simulation/install/tello_gazebo/share/tello_gazebo/worlds/build_world.py\n'}
[102.109022] (-) TimerEvent: {}
[102.216082] (-) TimerEvent: {}
[102.320390] (-) TimerEvent: {}
[102.423070] (-) TimerEvent: {}
[102.545678] (-) TimerEvent: {}
[102.686898] (-) TimerEvent: {}
[102.792761] (-) TimerEvent: {}
[102.909533] (-) TimerEvent: {}
[103.013330] (-) TimerEvent: {}
[103.115203] (-) TimerEvent: {}
[103.217549] (-) TimerEvent: {}
[103.319180] (-) TimerEvent: {}
[103.334290] (tello_gazebo) StdoutLine: {'line': b'-- Installing: /mnt/g/My Drive/Primary/skl-Course/SP26/EECS 206A - Introduction to Robotics/106a_final_project/drone_simulation/install/tello_gazebo/share/tello_gazebo/worlds/f2.world\n'}
[103.419430] (-) TimerEvent: {}
[103.520859] (-) TimerEvent: {}
[103.623047] (-) TimerEvent: {}
[103.724419] (-) TimerEvent: {}
[103.827230] (-) TimerEvent: {}
[103.930609] (-) TimerEvent: {}
[104.035085] (-) TimerEvent: {}
[104.144852] (-) TimerEvent: {}
[104.216650] (tello_gazebo) StdoutLine: {'line': b'-- Installing: /mnt/g/My Drive/Primary/skl-Course/SP26/EECS 206A - Introduction to Robotics/106a_final_project/drone_simulation/install/tello_gazebo/share/tello_gazebo/worlds/f2_map.yaml\n'}
[104.244858] (-) TimerEvent: {}
[104.346276] (-) TimerEvent: {}
[104.448317] (-) TimerEvent: {}
[104.551303] (-) TimerEvent: {}
[104.661328] (-) TimerEvent: {}
[104.762671] (-) TimerEvent: {}
[104.864328] (-) TimerEvent: {}
[104.965760] (-) TimerEvent: {}
[105.067398] (-) TimerEvent: {}
[105.089021] (tello_gazebo) StdoutLine: {'line': b'-- Installing: /mnt/g/My Drive/Primary/skl-Course/SP26/EECS 206A - Introduction to Robotics/106a_final_project/drone_simulation/install/tello_gazebo/share/tello_gazebo/worlds/fiducial.world\n'}
[105.170954] (-) TimerEvent: {}
[105.281185] (-) TimerEvent: {}
[105.384022] (-) TimerEvent: {}
[105.485981] (-) TimerEvent: {}
[105.587645] (-) TimerEvent: {}
[105.689470] (-) TimerEvent: {}
[105.791101] (-) TimerEvent: {}
[105.894654] (-) TimerEvent: {}
[105.997229] (-) TimerEvent: {}
[106.000852] (tello_gazebo) StdoutLine: {'line': b'-- Installing: /mnt/g/My Drive/Primary/skl-Course/SP26/EECS 206A - Introduction to Robotics/106a_final_project/drone_simulation/install/tello_gazebo/share/tello_gazebo/worlds/fiducial_map.yaml\n'}
[106.097493] (-) TimerEvent: {}
[106.201025] (-) TimerEvent: {}
[106.305479] (-) TimerEvent: {}
[106.407514] (-) TimerEvent: {}
[106.510045] (-) TimerEvent: {}
[106.611983] (-) TimerEvent: {}
[106.713443] (-) TimerEvent: {}
[106.818933] (-) TimerEvent: {}
[106.938856] (-) TimerEvent: {}
[106.968324] (tello_gazebo) StdoutLine: {'line': b'-- Installing: /mnt/g/My Drive/Primary/skl-Course/SP26/EECS 206A - Introduction to Robotics/106a_final_project/drone_simulation/install/tello_gazebo/share/tello_gazebo/worlds/simple.world\n'}
[107.038906] (-) TimerEvent: {}
[107.140436] (-) TimerEvent: {}
[107.242003] (-) TimerEvent: {}
[107.347206] (-) TimerEvent: {}
[107.451491] (-) TimerEvent: {}
[107.552870] (-) TimerEvent: {}
[107.654602] (-) TimerEvent: {}
[107.756829] (-) TimerEvent: {}
[107.821320] (tello_gazebo) StdoutLine: {'line': b'-- Installing: /mnt/g/My Drive/Primary/skl-Course/SP26/EECS 206A - Introduction to Robotics/106a_final_project/drone_simulation/install/tello_gazebo/share/tello_gazebo/launch\n'}
[107.857059] (-) TimerEvent: {}
[107.958817] (-) TimerEvent: {}
[108.063413] (-) TimerEvent: {}
[108.165807] (-) TimerEvent: {}
[108.225449] (tello_gazebo) StdoutLine: {'line': b'-- Installing: /mnt/g/My Drive/Primary/skl-Course/SP26/EECS 206A - Introduction to Robotics/106a_final_project/drone_simulation/install/tello_gazebo/share/tello_gazebo/launch/simple_launch.py\n'}
[108.265989] (-) TimerEvent: {}
[108.367705] (-) TimerEvent: {}
[108.469546] (-) TimerEvent: {}
[108.572169] (-) TimerEvent: {}
[108.681264] (-) TimerEvent: {}
[108.786070] (-) TimerEvent: {}
[108.890866] (-) TimerEvent: {}
[108.995560] (-) TimerEvent: {}
[109.098124] (-) TimerEvent: {}
[109.199662] (-) TimerEvent: {}
[109.302837] (-) TimerEvent: {}
[109.405064] (-) TimerEvent: {}
[109.463258] (tello_gazebo) StdoutLine: {'line': b'-- Installing: /mnt/g/My Drive/Primary/skl-Course/SP26/EECS 206A - Introduction to Robotics/106a_final_project/drone_simulation/install/tello_gazebo/share/tello_gazebo/launch/vlam_launch.py\n'}
[109.505297] (-) TimerEvent: {}
[109.607084] (-) TimerEvent: {}
[109.708799] (-) TimerEvent: {}
[109.810548] (-) TimerEvent: {}
[109.912348] (-) TimerEvent: {}
[110.015372] (-) TimerEvent: {}
[110.124567] (-) TimerEvent: {}
[110.227388] (-) TimerEvent: {}
[110.330095] (-) TimerEvent: {}
[110.432471] (-) TimerEvent: {}
[110.534120] (-) TimerEvent: {}
[110.635708] (-) TimerEvent: {}
[110.786066] (-) TimerEvent: {}
[110.888020] (-) TimerEvent: {}
[110.965208] (tello_gazebo) StdoutLine: {'line': b'-- Installing: /mnt/g/My Drive/Primary/skl-Course/SP26/EECS 206A - Introduction to Robotics/106a_final_project/drone_simulation/install/tello_gazebo/lib/tello_gazebo/inject_entity.py\n'}
[110.988264] (-) TimerEvent: {}
[111.089757] (-) TimerEvent: {}
[111.191211] (-) TimerEvent: {}
[111.292731] (-) TimerEvent: {}
[111.394502] (-) TimerEvent: {}
[111.499482] (-) TimerEvent: {}
[111.603613] (-) TimerEvent: {}
[111.705134] (-) TimerEvent: {}
[111.806536] (-) TimerEvent: {}
[111.908365] (-) TimerEvent: {}
[112.009899] (-) TimerEvent: {}
[112.061485] (tello_gazebo) StdoutLine: {'line': b'-- Installing: /mnt/g/My Drive/Primary/skl-Course/SP26/EECS 206A - Introduction to Robotics/106a_final_project/drone_simulation/install/tello_gazebo/share/ament_index/resource_index/package_run_dependencies/tello_gazebo\n'}
[112.110173] (-) TimerEvent: {}
[112.211929] (-) TimerEvent: {}
[112.313684] (-) TimerEvent: {}
[112.415527] (-) TimerEvent: {}
[112.517287] (-) TimerEvent: {}
[112.622036] (-) TimerEvent: {}
[112.724333] (-) TimerEvent: {}
[112.826316] (-) TimerEvent: {}
[112.927655] (-) TimerEvent: {}
[113.029250] (-) TimerEvent: {}
[113.131842] (-) TimerEvent: {}
[113.233612] (-) TimerEvent: {}
[113.247128] (tello_gazebo) StdoutLine: {'line': b'-- Installing: /mnt/g/My Drive/Primary/skl-Course/SP26/EECS 206A - Introduction to Robotics/106a_final_project/drone_simulation/install/tello_gazebo/share/ament_index/resource_index/parent_prefix_path/tello_gazebo\n'}
[113.333841] (-) TimerEvent: {}
[113.435459] (-) TimerEvent: {}
[113.536967] (-) TimerEvent: {}
[113.640381] (-) TimerEvent: {}
[113.742084] (-) TimerEvent: {}
[113.847601] (-) TimerEvent: {}
[113.949604] (-) TimerEvent: {}
[114.051327] (-) TimerEvent: {}
[114.154911] (-) TimerEvent: {}
[114.274295] (-) TimerEvent: {}
[114.378082] (-) TimerEvent: {}
[114.481472] (-) TimerEvent: {}
[114.523902] (tello_gazebo) StdoutLine: {'line': b'-- Installing: /mnt/g/My Drive/Primary/skl-Course/SP26/EECS 206A - Introduction to Robotics/106a_final_project/drone_simulation/install/tello_gazebo/share/tello_gazebo/environment/ament_prefix_path.sh\n'}
[114.581744] (-) TimerEvent: {}
[114.683683] (-) TimerEvent: {}
[114.785660] (-) TimerEvent: {}
[114.887333] (-) TimerEvent: {}
[114.988942] (-) TimerEvent: {}
[115.092022] (-) TimerEvent: {}
[115.197713] (-) TimerEvent: {}
[115.219079] (tello_gazebo) StdoutLine: {'line': b'-- Installing: /mnt/g/My Drive/Primary/skl-Course/SP26/EECS 206A - Introduction to Robotics/106a_final_project/drone_simulation/install/tello_gazebo/share/tello_gazebo/environment/ament_prefix_path.dsv\n'}
[115.297955] (-) TimerEvent: {}
[115.399730] (-) TimerEvent: {}
[115.501464] (-) TimerEvent: {}
[115.604413] (-) TimerEvent: {}
[115.707993] (-) TimerEvent: {}
[115.810922] (-) TimerEvent: {}
[115.912319] (-) TimerEvent: {}
[115.930321] (tello_gazebo) StdoutLine: {'line': b'-- Installing: /mnt/g/My Drive/Primary/skl-Course/SP26/EECS 206A - Introduction to Robotics/106a_final_project/drone_simulation/install/tello_gazebo/share/tello_gazebo/environment/path.sh\n'}
[116.012554] (-) TimerEvent: {}
[116.114086] (-) TimerEvent: {}
[116.219725] (-) TimerEvent: {}
[116.325779] (-) TimerEvent: {}
[116.427851] (-) TimerEvent: {}
[116.530163] (-) TimerEvent: {}
[116.632279] (-) TimerEvent: {}
[116.696350] (tello_gazebo) StdoutLine: {'line': b'-- Installing: /mnt/g/My Drive/Primary/skl-Course/SP26/EECS 206A - Introduction to Robotics/106a_final_project/drone_simulation/install/tello_gazebo/share/tello_gazebo/environment/path.dsv\n'}
[116.732531] (-) TimerEvent: {}
[116.834804] (-) TimerEvent: {}
[116.936375] (-) TimerEvent: {}
[117.038889] (-) TimerEvent: {}
[117.147213] (-) TimerEvent: {}
[117.249282] (-) TimerEvent: {}
[117.350938] (-) TimerEvent: {}
[117.454447] (-) TimerEvent: {}
[117.555741] (-) TimerEvent: {}
[117.605966] (tello_gazebo) StdoutLine: {'line': b'-- Installing: /mnt/g/My Drive/Primary/skl-Course/SP26/EECS 206A - Introduction to Robotics/106a_final_project/drone_simulation/install/tello_gazebo/share/tello_gazebo/local_setup.bash\n'}
[117.656032] (-) TimerEvent: {}
[117.761471] (-) TimerEvent: {}
[117.862701] (-) TimerEvent: {}
[117.964781] (-) TimerEvent: {}
[118.067309] (-) TimerEvent: {}
[118.169664] (-) TimerEvent: {}
[118.234014] (tello_gazebo) StdoutLine: {'line': b'-- Installing: /mnt/g/My Drive/Primary/skl-Course/SP26/EECS 206A - Introduction to Robotics/106a_final_project/drone_simulation/install/tello_gazebo/share/tello_gazebo/local_setup.sh\n'}
[118.270036] (-) TimerEvent: {}
[118.373282] (-) TimerEvent: {}
[118.475566] (-) TimerEvent: {}
[118.583059] (-) TimerEvent: {}
[118.685447] (-) TimerEvent: {}
[118.787093] (-) TimerEvent: {}
[118.840893] (tello_gazebo) StdoutLine: {'line': b'-- Installing: /mnt/g/My Drive/Primary/skl-Course/SP26/EECS 206A - Introduction to Robotics/106a_final_project/drone_simulation/install/tello_gazebo/share/tello_gazebo/local_setup.zsh\n'}
[118.887351] (-) TimerEvent: {}
[118.988963] (-) TimerEvent: {}
[119.091047] (-) TimerEvent: {}
[119.192441] (-) TimerEvent: {}
[119.294695] (-) TimerEvent: {}
[119.400297] (-) TimerEvent: {}
[119.503679] (tello_gazebo) StdoutLine: {'line': b'-- Installing: /mnt/g/My Drive/Primary/skl-Course/SP26/EECS 206A - Introduction to Robotics/106a_final_project/drone_simulation/install/tello_gazebo/share/tello_gazebo/local_setup.dsv\n'}
[119.515280] (-) TimerEvent: {}
[119.620275] (-) TimerEvent: {}
[119.728870] (-) TimerEvent: {}
[119.830852] (-) TimerEvent: {}
[119.932878] (-) TimerEvent: {}
[120.036171] (-) TimerEvent: {}
[120.138607] (-) TimerEvent: {}
[120.242423] (-) TimerEvent: {}
[120.345357] (-) TimerEvent: {}
[120.439194] (tello_gazebo) StdoutLine: {'line': b'-- Installing: /mnt/g/My Drive/Primary/skl-Course/SP26/EECS 206A - Introduction to Robotics/106a_final_project/drone_simulation/install/tello_gazebo/share/tello_gazebo/package.dsv\n'}
[120.445779] (-) TimerEvent: {}
[120.550506] (-) TimerEvent: {}
[120.654897] (-) TimerEvent: {}
[120.758904] (-) TimerEvent: {}
[120.864833] (-) TimerEvent: {}
[120.973226] (-) TimerEvent: {}
[121.077104] (-) TimerEvent: {}
[121.181363] (-) TimerEvent: {}
[121.285186] (-) TimerEvent: {}
[121.388671] (-) TimerEvent: {}
[121.492277] (-) TimerEvent: {}
[121.555452] (tello_gazebo) StdoutLine: {'line': b'-- Installing: /mnt/g/My Drive/Primary/skl-Course/SP26/EECS 206A - Introduction to Robotics/106a_final_project/drone_simulation/install/tello_gazebo/share/ament_index/resource_index/packages/tello_gazebo\n'}
[121.593161] (-) TimerEvent: {}
[121.703196] (-) TimerEvent: {}
[121.809421] (-) TimerEvent: {}
[121.913041] (-) TimerEvent: {}
[122.016570] (-) TimerEvent: {}
[122.121310] (-) TimerEvent: {}
[122.228199] (-) TimerEvent: {}
[122.334104] (-) TimerEvent: {}
[122.437470] (-) TimerEvent: {}
[122.540696] (-) TimerEvent: {}
[122.643497] (-) TimerEvent: {}
[122.746292] (-) TimerEvent: {}
[122.850890] (-) TimerEvent: {}
[122.911891] (tello_gazebo) StdoutLine: {'line': b'-- Installing: /mnt/g/My Drive/Primary/skl-Course/SP26/EECS 206A - Introduction to Robotics/106a_final_project/drone_simulation/install/tello_gazebo/share/tello_gazebo/cmake/tello_gazeboConfig.cmake\n'}
[122.951515] (-) TimerEvent: {}
[123.055698] (-) TimerEvent: {}
[123.157367] (-) TimerEvent: {}
[123.259955] (-) TimerEvent: {}
[123.363114] (-) TimerEvent: {}
[123.475657] (-) TimerEvent: {}
[123.578671] (-) TimerEvent: {}
[123.680662] (-) TimerEvent: {}
[123.783069] (-) TimerEvent: {}
[123.789033] (tello_gazebo) StdoutLine: {'line': b'-- Installing: /mnt/g/My Drive/Primary/skl-Course/SP26/EECS 206A - Introduction to Robotics/106a_final_project/drone_simulation/install/tello_gazebo/share/tello_gazebo/cmake/tello_gazeboConfig-version.cmake\n'}
[123.883294] (-) TimerEvent: {}
[123.984948] (-) TimerEvent: {}
[124.086564] (-) TimerEvent: {}
[124.188453] (-) TimerEvent: {}
[124.289984] (-) TimerEvent: {}
[124.391557] (-) TimerEvent: {}
[124.493994] (-) TimerEvent: {}
[124.595859] (-) TimerEvent: {}
[124.698114] (-) TimerEvent: {}
[124.800045] (-) TimerEvent: {}
[124.813440] (tello_gazebo) StdoutLine: {'line': b'-- Installing: /mnt/g/My Drive/Primary/skl-Course/SP26/EECS 206A - Introduction to Robotics/106a_final_project/drone_simulation/install/tello_gazebo/share/tello_gazebo/package.xml\n'}
[124.900291] (-) TimerEvent: {}
[125.002139] (-) TimerEvent: {}
[125.119532] (-) TimerEvent: {}
[125.229382] (-) TimerEvent: {}
[125.335597] (-) TimerEvent: {}
[125.438036] (-) TimerEvent: {}
[125.540830] (-) TimerEvent: {}
[125.642493] (-) TimerEvent: {}
[125.746982] (-) TimerEvent: {}
[125.866656] (-) TimerEvent: {}
[125.970510] (-) TimerEvent: {}
[126.078310] (-) TimerEvent: {}
[126.136048] (tello_gazebo) CommandEnded: {'returncode': 0}
[126.211417] (-) TimerEvent: {}
[126.636854] (-) TimerEvent: {}
[126.739637] (-) TimerEvent: {}
[126.841356] (-) TimerEvent: {}
[126.943410] (-) TimerEvent: {}
[127.046392] (-) TimerEvent: {}
[127.148155] (-) TimerEvent: {}
[127.250403] (-) TimerEvent: {}
[127.352113] (-) TimerEvent: {}
[127.453625] (-) TimerEvent: {}
[127.555491] (-) TimerEvent: {}
[127.657801] (-) TimerEvent: {}
[127.760755] (-) TimerEvent: {}
[127.862849] (-) TimerEvent: {}
[127.964653] (-) TimerEvent: {}
[128.066766] (-) TimerEvent: {}
[128.168215] (-) TimerEvent: {}
[128.270003] (-) TimerEvent: {}
[128.373257] (-) TimerEvent: {}
[128.474917] (-) TimerEvent: {}
[128.576871] (-) TimerEvent: {}
[128.678505] (-) TimerEvent: {}
[128.780666] (-) TimerEvent: {}
[128.882380] (-) TimerEvent: {}
[128.984702] (-) TimerEvent: {}
[129.086158] (-) TimerEvent: {}
[129.188138] (-) TimerEvent: {}
[129.289791] (-) TimerEvent: {}
[129.394349] (-) TimerEvent: {}
[129.496634] (-) TimerEvent: {}
[129.598692] (-) TimerEvent: {}
[129.700370] (-) TimerEvent: {}
[129.802019] (-) TimerEvent: {}
[129.903466] (-) TimerEvent: {}
[130.008047] (-) TimerEvent: {}
[130.109955] (-) TimerEvent: {}
[130.211437] (-) TimerEvent: {}
[130.312810] (-) TimerEvent: {}
[130.414372] (-) TimerEvent: {}
[130.516429] (-) TimerEvent: {}
[130.617906] (-) TimerEvent: {}
[130.721402] (-) TimerEvent: {}
[130.829839] (-) TimerEvent: {}
[130.937340] (-) TimerEvent: {}
[131.038806] (-) TimerEvent: {}
[131.140608] (-) TimerEvent: {}
[131.242496] (-) TimerEvent: {}
[131.344968] (-) TimerEvent: {}
[131.447234] (-) TimerEvent: {}
[131.549804] (-) TimerEvent: {}
[131.663739] (-) TimerEvent: {}
[131.765282] (-) TimerEvent: {}
[131.866739] (-) TimerEvent: {}
[131.968392] (-) TimerEvent: {}
[132.069754] (-) TimerEvent: {}
[132.171468] (-) TimerEvent: {}
[132.272972] (-) TimerEvent: {}
[132.374262] (-) TimerEvent: {}
[132.475531] (-) TimerEvent: {}
[132.576939] (-) TimerEvent: {}
[132.678409] (-) TimerEvent: {}
[132.780097] (-) TimerEvent: {}
[132.881472] (-) TimerEvent: {}
[132.982902] (-) TimerEvent: {}
[133.086381] (-) TimerEvent: {}
[133.187899] (-) TimerEvent: {}
[133.289159] (-) TimerEvent: {}
[133.390850] (-) TimerEvent: {}
[133.492199] (-) TimerEvent: {}
[133.593506] (-) TimerEvent: {}
[133.695207] (-) TimerEvent: {}
[133.796653] (-) TimerEvent: {}
[133.898187] (-) TimerEvent: {}
[133.999734] (-) TimerEvent: {}
[134.103710] (-) TimerEvent: {}
[134.205108] (-) TimerEvent: {}
[134.307983] (-) TimerEvent: {}
[134.409465] (-) TimerEvent: {}
[134.511981] (-) TimerEvent: {}
[134.613671] (-) TimerEvent: {}
[134.715070] (-) TimerEvent: {}
[134.816539] (-) TimerEvent: {}
[134.917941] (-) TimerEvent: {}
[135.019726] (-) TimerEvent: {}
[135.121110] (-) TimerEvent: {}
[135.222663] (-) TimerEvent: {}
[135.324456] (-) TimerEvent: {}
[135.426080] (-) TimerEvent: {}
[135.528277] (-) TimerEvent: {}
[135.629880] (-) TimerEvent: {}
[135.731378] (-) TimerEvent: {}
[135.833195] (-) TimerEvent: {}
[135.935641] (-) TimerEvent: {}
[136.150271] (-) TimerEvent: {}
[136.255936] (-) TimerEvent: {}
[136.357473] (-) TimerEvent: {}
[136.459041] (-) TimerEvent: {}
[136.560485] (-) TimerEvent: {}
[136.662253] (-) TimerEvent: {}
[136.763888] (-) TimerEvent: {}
[136.865500] (-) TimerEvent: {}
[136.966916] (-) TimerEvent: {}
[136.981855] (tello_gazebo) JobEnded: {'identifier': 'tello_gazebo', 'rc': 0}
[137.067172] (-) TimerEvent: {}
[137.168952] (-) TimerEvent: {}
[137.270511] (-) TimerEvent: {}
[137.372317] (-) TimerEvent: {}
[137.474232] (-) TimerEvent: {}
[137.591775] (-) TimerEvent: {}
[137.693536] (-) TimerEvent: {}
[137.794633] (-) TimerEvent: {}
[137.896254] (-) TimerEvent: {}
[137.997948] (-) TimerEvent: {}
[138.099758] (-) TimerEvent: {}
[138.201373] (-) TimerEvent: {}
[138.303124] (-) TimerEvent: {}
[138.405335] (-) TimerEvent: {}
[138.507188] (-) TimerEvent: {}
[138.608290] (-) TimerEvent: {}
[138.709690] (-) TimerEvent: {}
[138.810890] (-) TimerEvent: {}
[138.912350] (-) TimerEvent: {}
[139.014119] (-) TimerEvent: {}
[139.115557] (-) TimerEvent: {}
[139.216524] (-) TimerEvent: {}
[139.317689] (-) TimerEvent: {}
[139.419762] (-) TimerEvent: {}
[139.521228] (-) TimerEvent: {}
[139.622901] (-) TimerEvent: {}
[139.727249] (-) TimerEvent: {}
[139.828803] (-) TimerEvent: {}
[139.930336] (-) TimerEvent: {}
[140.031559] (-) TimerEvent: {}
[140.132886] (-) TimerEvent: {}
[140.234582] (-) TimerEvent: {}
[140.335661] (-) TimerEvent: {}
[140.436956] (-) TimerEvent: {}
[140.538115] (-) TimerEvent: {}
[140.639334] (-) TimerEvent: {}
[140.740562] (-) TimerEvent: {}
[140.841663] (-) TimerEvent: {}
[140.942745] (-) TimerEvent: {}
[141.044461] (-) TimerEvent: {}
[141.145881] (-) TimerEvent: {}
[141.247255] (-) TimerEvent: {}
[141.348526] (-) TimerEvent: {}
[141.449565] (-) TimerEvent: {}
[141.550569] (-) TimerEvent: {}
[141.651518] (-) TimerEvent: {}
[141.752796] (-) TimerEvent: {}
[141.854342] (-) TimerEvent: {}
[141.955250] (-) TimerEvent: {}
[142.056497] (-) TimerEvent: {}
[142.157460] (-) TimerEvent: {}
[142.258344] (-) TimerEvent: {}
[142.359314] (-) TimerEvent: {}
[142.460379] (-) TimerEvent: {}
[142.561482] (-) TimerEvent: {}
[142.662581] (-) TimerEvent: {}
[142.764060] (-) TimerEvent: {}
[142.865264] (-) TimerEvent: {}
[142.966308] (-) TimerEvent: {}
[143.067326] (-) TimerEvent: {}
[143.168414] (-) TimerEvent: {}
[143.269385] (-) TimerEvent: {}
[143.370378] (-) TimerEvent: {}
[143.473814] (-) TimerEvent: {}
[143.574825] (-) TimerEvent: {}
[143.675813] (-) TimerEvent: {}
[143.776810] (-) TimerEvent: {}
[143.877918] (-) TimerEvent: {}
[143.978955] (-) TimerEvent: {}
[144.079916] (-) TimerEvent: {}
[144.181320] (-) TimerEvent: {}
[144.282164] (-) TimerEvent: {}
[144.383064] (-) TimerEvent: {}
[144.483953] (-) TimerEvent: {}
[144.584830] (-) TimerEvent: {}
[144.685760] (-) TimerEvent: {}
[144.787077] (-) TimerEvent: {}
[144.888107] (-) TimerEvent: {}
[144.989482] (-) TimerEvent: {}
[145.090453] (-) TimerEvent: {}
[145.191797] (-) TimerEvent: {}
[145.293154] (-) TimerEvent: {}
[145.394282] (-) TimerEvent: {}
[145.495547] (-) TimerEvent: {}
[145.596763] (-) TimerEvent: {}
[145.697899] (-) TimerEvent: {}
[145.799248] (-) TimerEvent: {}
[145.900283] (-) TimerEvent: {}
[146.001589] (-) TimerEvent: {}
[146.102495] (-) TimerEvent: {}
[146.203544] (-) TimerEvent: {}
[146.304838] (-) TimerEvent: {}
[146.405970] (-) TimerEvent: {}
[146.507185] (-) TimerEvent: {}
[146.608360] (-) TimerEvent: {}
[146.709526] (-) TimerEvent: {}
[146.810462] (-) TimerEvent: {}
[146.911665] (-) TimerEvent: {}
[147.012704] (-) TimerEvent: {}
[147.113591] (-) TimerEvent: {}
[147.214449] (-) TimerEvent: {}
[147.315273] (-) TimerEvent: {}
[147.416777] (-) TimerEvent: {}
[147.517753] (-) TimerEvent: {}
[147.619143] (-) TimerEvent: {}
[147.720126] (-) TimerEvent: {}
[147.821659] (-) TimerEvent: {}
[147.922504] (-) TimerEvent: {}
[148.023688] (-) TimerEvent: {}
[148.124880] (-) TimerEvent: {}
[148.225960] (-) TimerEvent: {}
[148.327716] (-) TimerEvent: {}
[148.428878] (-) TimerEvent: {}
[148.530076] (-) TimerEvent: {}
[148.631124] (-) TimerEvent: {}
[148.732012] (-) TimerEvent: {}
[148.832893] (-) TimerEvent: {}
[149.130153] (-) TimerEvent: {}
[149.231432] (-) TimerEvent: {}
[149.333362] (-) TimerEvent: {}
[149.434508] (-) TimerEvent: {}
[149.535514] (-) TimerEvent: {}
[149.636427] (-) TimerEvent: {}
[149.766346] (-) TimerEvent: {}
[149.867969] (-) TimerEvent: {}
[149.968832] (-) TimerEvent: {}
[150.071984] (-) TimerEvent: {}
[150.176745] (-) TimerEvent: {}
[150.281129] (-) TimerEvent: {}
[150.385788] (-) TimerEvent: {}
[150.490550] (-) TimerEvent: {}
[150.595040] (-) TimerEvent: {}
[150.699347] (-) TimerEvent: {}
[150.803866] (-) TimerEvent: {}
[150.908383] (-) TimerEvent: {}
[151.012726] (-) TimerEvent: {}
[151.116642] (-) TimerEvent: {}
[151.220467] (-) TimerEvent: {}
[151.324639] (-) TimerEvent: {}
[151.425913] (-) TimerEvent: {}
[151.529896] (-) TimerEvent: {}
[151.633796] (-) TimerEvent: {}
[151.734846] (-) TimerEvent: {}
[151.838692] (-) TimerEvent: {}
[151.942417] (-) TimerEvent: {}
[152.045973] (-) TimerEvent: {}
[152.149219] (-) TimerEvent: {}
[152.252452] (-) TimerEvent: {}
[152.355841] (-) TimerEvent: {}
[152.459256] (-) TimerEvent: {}
[152.562776] (-) TimerEvent: {}
[152.666102] (-) TimerEvent: {}
[152.769964] (-) TimerEvent: {}
[152.873255] (-) TimerEvent: {}
[152.976677] (-) TimerEvent: {}
[153.079403] (-) TimerEvent: {}
[153.182274] (-) TimerEvent: {}
[153.285168] (-) TimerEvent: {}
[153.387904] (-) TimerEvent: {}
[153.490957] (-) TimerEvent: {}
[153.593762] (-) TimerEvent: {}
[153.696618] (-) TimerEvent: {}
[153.799394] (-) TimerEvent: {}
[153.903665] (-) TimerEvent: {}
[154.006632] (-) TimerEvent: {}
[154.109841] (-) TimerEvent: {}
[154.212263] (-) TimerEvent: {}
[154.314954] (-) TimerEvent: {}
[154.417498] (-) TimerEvent: {}
[154.520332] (-) TimerEvent: {}
[154.622801] (-) TimerEvent: {}
[154.725336] (-) TimerEvent: {}
[154.827836] (-) TimerEvent: {}
[154.930305] (-) TimerEvent: {}
[155.032749] (-) TimerEvent: {}
[155.135125] (-) TimerEvent: {}
[155.236979] (-) TimerEvent: {}
[155.339233] (-) TimerEvent: {}
[155.441352] (-) TimerEvent: {}
[155.543492] (-) TimerEvent: {}
[155.645738] (-) TimerEvent: {}
[155.747161] (-) TimerEvent: {}
[155.849576] (-) TimerEvent: {}
[155.952007] (-) TimerEvent: {}
[156.053950] (-) TimerEvent: {}
[156.155907] (-) TimerEvent: {}
[156.257885] (-) TimerEvent: {}
[156.360173] (-) TimerEvent: {}
[156.462313] (-) TimerEvent: {}
[156.563525] (-) TimerEvent: {}
[156.665402] (-) TimerEvent: {}
[156.767372] (-) TimerEvent: {}
[156.869247] (-) TimerEvent: {}
[156.971266] (-) TimerEvent: {}
[157.072898] (-) TimerEvent: {}
[157.174488] (-) TimerEvent: {}
[157.276013] (-) TimerEvent: {}
[157.377477] (-) TimerEvent: {}
[157.479201] (-) TimerEvent: {}
[157.581023] (-) TimerEvent: {}
[157.682954] (-) TimerEvent: {}
[157.784777] (-) TimerEvent: {}
[157.886550] (-) TimerEvent: {}
[157.988473] (-) TimerEvent: {}
[158.089846] (-) TimerEvent: {}
[158.191267] (-) TimerEvent: {}
[158.292740] (-) TimerEvent: {}
[158.394015] (-) TimerEvent: {}
[158.495355] (-) TimerEvent: {}
[158.596855] (-) TimerEvent: {}
[158.698419] (-) TimerEvent: {}
[158.799877] (-) TimerEvent: {}
[158.901291] (-) TimerEvent: {}
[159.002767] (-) TimerEvent: {}
[159.104043] (-) TimerEvent: {}
[159.205283] (-) TimerEvent: {}
[159.306651] (-) TimerEvent: {}
[159.407935] (-) TimerEvent: {}
[159.509121] (-) TimerEvent: {}
[159.610511] (-) TimerEvent: {}
[159.711618] (-) TimerEvent: {}
[159.813022] (-) TimerEvent: {}
[159.919310] (-) TimerEvent: {}
[160.020543] (-) TimerEvent: {}
[160.121680] (-) TimerEvent: {}
[160.222875] (-) TimerEvent: {}
[160.324056] (-) TimerEvent: {}
[160.425443] (-) TimerEvent: {}
[160.526839] (-) TimerEvent: {}
[160.627831] (-) TimerEvent: {}
[160.729109] (-) TimerEvent: {}
[160.830267] (-) TimerEvent: {}
[160.931422] (-) TimerEvent: {}
[161.032512] (-) TimerEvent: {}
[161.133272] (-) TimerEvent: {}
[161.234064] (-) TimerEvent: {}
[161.335072] (-) TimerEvent: {}
[161.437032] (-) TimerEvent: {}
[161.538232] (-) TimerEvent: {}
[161.639405] (-) TimerEvent: {}
[161.740449] (-) TimerEvent: {}
[161.841375] (-) TimerEvent: {}
[161.942171] (-) TimerEvent: {}
[162.043225] (-) TimerEvent: {}
[162.144351] (-) TimerEvent: {}
[162.245444] (-) TimerEvent: {}
[162.346314] (-) TimerEvent: {}
[162.447536] (-) TimerEvent: {}
[162.548764] (-) TimerEvent: {}
[162.649698] (-) TimerEvent: {}
[162.750660] (-) TimerEvent: {}
[162.851536] (-) TimerEvent: {}
[162.952443] (-) TimerEvent: {}
[163.053364] (-) TimerEvent: {}
[163.154586] (-) TimerEvent: {}
[163.255891] (-) TimerEvent: {}
[163.356978] (-) TimerEvent: {}
[163.458060] (-) TimerEvent: {}
[163.559269] (-) TimerEvent: {}
[163.660185] (-) TimerEvent: {}
[163.761025] (-) TimerEvent: {}
[163.861934] (-) TimerEvent: {}
[163.963070] (-) TimerEvent: {}
[164.073358] (-) TimerEvent: {}
[164.174316] (-) TimerEvent: {}
[164.275228] (-) TimerEvent: {}
[164.376246] (-) TimerEvent: {}
[164.477182] (-) TimerEvent: {}
[164.578062] (-) TimerEvent: {}
[164.679086] (-) TimerEvent: {}
[164.779968] (-) TimerEvent: {}
[164.880833] (-) TimerEvent: {}
[164.981742] (-) TimerEvent: {}
[165.082674] (-) TimerEvent: {}
[165.183729] (-) TimerEvent: {}
[165.284841] (-) TimerEvent: {}
[165.385768] (-) TimerEvent: {}
[165.486680] (-) TimerEvent: {}
[165.587798] (-) TimerEvent: {}
[165.688686] (-) TimerEvent: {}
[165.789502] (-) TimerEvent: {}
[165.890790] (-) TimerEvent: {}
[165.991849] (-) TimerEvent: {}
[166.147121] (-) TimerEvent: {}
[166.216703] (tello_driver) StdoutLine: {'line': b'[ 90%] \x1b[32m\x1b[1mLinking CXX executable tello_driver_main\x1b[0m\n'}
[166.229593] (tello_driver) StdoutLine: {'line': b'[ 90%] \x1b[32m\x1b[1mLinking CXX shared library libtello_driver_node.so\x1b[0m\n'}
[166.247239] (-) TimerEvent: {}
[166.348493] (-) TimerEvent: {}
[166.449846] (-) TimerEvent: {}
[166.550809] (-) TimerEvent: {}
[166.651694] (-) TimerEvent: {}
[166.752698] (-) TimerEvent: {}
[166.854376] (-) TimerEvent: {}
[166.957019] (-) TimerEvent: {}
[167.058137] (-) TimerEvent: {}
[167.159852] (-) TimerEvent: {}
[167.260865] (-) TimerEvent: {}
[167.361822] (-) TimerEvent: {}
[167.462976] (-) TimerEvent: {}
[167.563795] (-) TimerEvent: {}
[167.664569] (-) TimerEvent: {}
[167.769655] (-) TimerEvent: {}
[167.870876] (-) TimerEvent: {}
[167.971984] (-) TimerEvent: {}
[168.073235] (-) TimerEvent: {}
[168.235347] (-) TimerEvent: {}
[168.337088] (-) TimerEvent: {}
[168.437959] (-) TimerEvent: {}
[168.538767] (-) TimerEvent: {}
[168.640154] (-) TimerEvent: {}
[168.741014] (-) TimerEvent: {}
[168.841927] (-) TimerEvent: {}
[168.942866] (-) TimerEvent: {}
[169.043861] (-) TimerEvent: {}
[169.144934] (-) TimerEvent: {}
[169.245852] (-) TimerEvent: {}
[169.346998] (-) TimerEvent: {}
[169.447915] (-) TimerEvent: {}
[169.548765] (-) TimerEvent: {}
[169.649551] (-) TimerEvent: {}
[169.750406] (-) TimerEvent: {}
[169.851265] (-) TimerEvent: {}
[169.952523] (-) TimerEvent: {}
[170.053544] (-) TimerEvent: {}
[170.154625] (-) TimerEvent: {}
[170.319329] (-) TimerEvent: {}
[170.425253] (-) TimerEvent: {}
[170.526281] (-) TimerEvent: {}
[170.627507] (-) TimerEvent: {}
[170.728531] (-) TimerEvent: {}
[170.833713] (-) TimerEvent: {}
[170.934646] (-) TimerEvent: {}
[171.036259] (-) TimerEvent: {}
[171.137141] (-) TimerEvent: {}
[171.238264] (-) TimerEvent: {}
[171.340908] (-) TimerEvent: {}
[171.444210] (-) TimerEvent: {}
[171.545456] (-) TimerEvent: {}
[171.646457] (-) TimerEvent: {}
[171.747410] (-) TimerEvent: {}
[171.848276] (-) TimerEvent: {}
[171.949154] (-) TimerEvent: {}
[172.050041] (-) TimerEvent: {}
[172.151286] (-) TimerEvent: {}
[172.252220] (-) TimerEvent: {}
[172.363778] (-) TimerEvent: {}
[172.464861] (-) TimerEvent: {}
[172.565876] (-) TimerEvent: {}
[172.666648] (-) TimerEvent: {}
[172.767438] (-) TimerEvent: {}
[172.868276] (-) TimerEvent: {}
[172.969455] (-) TimerEvent: {}
[173.070799] (-) TimerEvent: {}
[173.171710] (-) TimerEvent: {}
[173.272679] (-) TimerEvent: {}
[173.373589] (-) TimerEvent: {}
[173.474775] (-) TimerEvent: {}
[173.575623] (-) TimerEvent: {}
[173.676491] (-) TimerEvent: {}
[173.777369] (-) TimerEvent: {}
[173.878110] (-) TimerEvent: {}
[173.979071] (-) TimerEvent: {}
[174.079915] (-) TimerEvent: {}
[174.181317] (-) TimerEvent: {}
[174.282570] (-) TimerEvent: {}
[174.386601] (-) TimerEvent: {}
[174.487899] (-) TimerEvent: {}
[174.589455] (-) TimerEvent: {}
[174.690923] (-) TimerEvent: {}
[174.791823] (-) TimerEvent: {}
[174.892813] (-) TimerEvent: {}
[174.993905] (-) TimerEvent: {}
[175.095434] (-) TimerEvent: {}
[175.196320] (-) TimerEvent: {}
[175.297440] (-) TimerEvent: {}
[175.398282] (-) TimerEvent: {}
[175.499154] (-) TimerEvent: {}
[175.600225] (-) TimerEvent: {}
[175.701388] (-) TimerEvent: {}
[175.802495] (-) TimerEvent: {}
[175.903650] (-) TimerEvent: {}
[176.004577] (-) TimerEvent: {}
[176.105751] (-) TimerEvent: {}
[176.206697] (-) TimerEvent: {}
[176.307596] (-) TimerEvent: {}
[176.408653] (-) TimerEvent: {}
[176.509588] (-) TimerEvent: {}
[176.610505] (-) TimerEvent: {}
[176.711803] (-) TimerEvent: {}
[176.812609] (-) TimerEvent: {}
[176.913516] (-) TimerEvent: {}
[177.014580] (-) TimerEvent: {}
[177.115571] (-) TimerEvent: {}
[177.217034] (-) TimerEvent: {}
[177.318208] (-) TimerEvent: {}
[177.419632] (-) TimerEvent: {}
[177.520560] (-) TimerEvent: {}
[177.621786] (-) TimerEvent: {}
[177.722610] (-) TimerEvent: {}
[177.823547] (-) TimerEvent: {}
[177.924498] (-) TimerEvent: {}
[178.025624] (-) TimerEvent: {}
[178.126408] (-) TimerEvent: {}
[178.227208] (-) TimerEvent: {}
[178.328137] (-) TimerEvent: {}
[178.429249] (-) TimerEvent: {}
[178.530080] (-) TimerEvent: {}
[178.631087] (-) TimerEvent: {}
[178.732108] (-) TimerEvent: {}
[178.833029] (-) TimerEvent: {}
[178.933923] (-) TimerEvent: {}
[179.035038] (-) TimerEvent: {}
[179.135925] (-) TimerEvent: {}
[179.236882] (-) TimerEvent: {}
[179.337658] (-) TimerEvent: {}
[179.438430] (-) TimerEvent: {}
[179.539347] (-) TimerEvent: {}
[179.640246] (-) TimerEvent: {}
[179.741240] (-) TimerEvent: {}
[179.842070] (-) TimerEvent: {}
[179.943070] (-) TimerEvent: {}
[180.043877] (-) TimerEvent: {}
[180.144905] (-) TimerEvent: {}
[180.245817] (-) TimerEvent: {}
[180.346965] (-) TimerEvent: {}
[180.448027] (-) TimerEvent: {}
[180.548942] (-) TimerEvent: {}
[180.650122] (-) TimerEvent: {}
[180.751524] (-) TimerEvent: {}
[180.852919] (-) TimerEvent: {}
[180.953901] (-) TimerEvent: {}
[181.054869] (-) TimerEvent: {}
[181.155951] (-) TimerEvent: {}
[181.257140] (-) TimerEvent: {}
[181.358394] (-) TimerEvent: {}
[181.459267] (-) TimerEvent: {}
[181.560163] (-) TimerEvent: {}
[181.661281] (-) TimerEvent: {}
[181.762249] (-) TimerEvent: {}
[181.863294] (-) TimerEvent: {}
[181.964403] (-) TimerEvent: {}
[182.067319] (-) TimerEvent: {}
[182.171770] (-) TimerEvent: {}
[182.276614] (-) TimerEvent: {}
[182.381290] (-) TimerEvent: {}
[182.486229] (-) TimerEvent: {}
[182.590857] (-) TimerEvent: {}
[182.695582] (-) TimerEvent: {}
[182.800018] (-) TimerEvent: {}
[182.904575] (-) TimerEvent: {}
[183.009253] (-) TimerEvent: {}
[183.113168] (-) TimerEvent: {}
[183.217131] (-) TimerEvent: {}
[183.321045] (-) TimerEvent: {}
[183.424902] (-) TimerEvent: {}
[183.528881] (-) TimerEvent: {}
[183.632883] (-) TimerEvent: {}
[183.734481] (-) TimerEvent: {}
[183.838558] (-) TimerEvent: {}
[183.942758] (-) TimerEvent: {}
[184.046371] (-) TimerEvent: {}
[184.150211] (-) TimerEvent: {}
[184.253832] (-) TimerEvent: {}
[184.357249] (-) TimerEvent: {}
[184.460759] (-) TimerEvent: {}
[184.564115] (-) TimerEvent: {}
[184.667524] (-) TimerEvent: {}
[184.771474] (-) TimerEvent: {}
[184.875378] (-) TimerEvent: {}
[184.979014] (-) TimerEvent: {}
[185.082051] (-) TimerEvent: {}
[185.184935] (-) TimerEvent: {}
[185.287784] (-) TimerEvent: {}
[185.391165] (-) TimerEvent: {}
[185.494384] (-) TimerEvent: {}
[185.597712] (-) TimerEvent: {}
[185.700681] (-) TimerEvent: {}
[185.803760] (-) TimerEvent: {}
[185.906941] (-) TimerEvent: {}
[186.010101] (-) TimerEvent: {}
[186.112695] (-) TimerEvent: {}
[186.215483] (-) TimerEvent: {}
[186.318324] (-) TimerEvent: {}
[186.421371] (-) TimerEvent: {}
[186.523945] (-) TimerEvent: {}
[186.625147] (-) TimerEvent: {}
[186.727671] (-) TimerEvent: {}
[186.830155] (-) TimerEvent: {}
[186.932866] (-) TimerEvent: {}
[187.035412] (-) TimerEvent: {}
[187.137679] (-) TimerEvent: {}
[187.240010] (-) TimerEvent: {}
[187.342251] (-) TimerEvent: {}
[187.444406] (-) TimerEvent: {}
[187.546593] (-) TimerEvent: {}
[187.648832] (-) TimerEvent: {}
[187.750035] (-) TimerEvent: {}
[187.852155] (-) TimerEvent: {}
[187.954352] (-) TimerEvent: {}
[188.056388] (-) TimerEvent: {}
[188.158384] (-) TimerEvent: {}
[188.260423] (-) TimerEvent: {}
[188.362496] (-) TimerEvent: {}
[188.464551] (-) TimerEvent: {}
[188.566753] (-) TimerEvent: {}
[188.668718] (-) TimerEvent: {}
[188.770672] (-) TimerEvent: {}
[188.872643] (-) TimerEvent: {}
[188.974915] (-) TimerEvent: {}
[189.076494] (-) TimerEvent: {}
[189.178079] (-) TimerEvent: {}
[189.279848] (-) TimerEvent: {}
[189.381514] (-) TimerEvent: {}
[189.483516] (-) TimerEvent: {}
[189.585159] (-) TimerEvent: {}
[189.686857] (-) TimerEvent: {}
[189.788522] (-) TimerEvent: {}
[189.890223] (-) TimerEvent: {}
[189.992032] (-) TimerEvent: {}
[190.093745] (-) TimerEvent: {}
[190.195104] (-) TimerEvent: {}
[190.296456] (-) TimerEvent: {}
[190.397904] (-) TimerEvent: {}
[190.499261] (-) TimerEvent: {}
[190.600593] (-) TimerEvent: {}
[190.702026] (-) TimerEvent: {}
[190.803555] (-) TimerEvent: {}
[190.904901] (-) TimerEvent: {}
[191.006248] (-) TimerEvent: {}
[191.107658] (-) TimerEvent: {}
[191.209257] (-) TimerEvent: {}
[191.310571] (-) TimerEvent: {}
[191.412044] (-) TimerEvent: {}
[191.513557] (-) TimerEvent: {}
[191.614852] (-) TimerEvent: {}
[191.716078] (-) TimerEvent: {}
[191.817467] (-) TimerEvent: {}
[191.918640] (-) TimerEvent: {}
[192.019876] (-) TimerEvent: {}
[192.120924] (-) TimerEvent: {}
[192.222138] (-) TimerEvent: {}
[192.323418] (-) TimerEvent: {}
[192.424511] (-) TimerEvent: {}
[192.525721] (-) TimerEvent: {}
[192.626842] (-) TimerEvent: {}
[192.728155] (-) TimerEvent: {}
[192.829555] (-) TimerEvent: {}
[192.930830] (-) TimerEvent: {}
[193.031879] (-) TimerEvent: {}
[193.133093] (-) TimerEvent: {}
[193.234078] (-) TimerEvent: {}
[193.335177] (-) TimerEvent: {}
[193.436268] (-) TimerEvent: {}
[193.537376] (-) TimerEvent: {}
[193.638223] (-) TimerEvent: {}
[193.738994] (-) TimerEvent: {}
[193.839724] (-) TimerEvent: {}
[193.940782] (-) TimerEvent: {}
[194.041825] (-) TimerEvent: {}
[194.142521] (-) TimerEvent: {}
[194.243388] (-) TimerEvent: {}
[194.344447] (-) TimerEvent: {}
[194.445971] (-) TimerEvent: {}
[194.546836] (-) TimerEvent: {}
[194.647680] (-) TimerEvent: {}
[194.748544] (-) TimerEvent: {}
[194.849508] (-) TimerEvent: {}
[194.950414] (-) TimerEvent: {}
[195.051396] (-) TimerEvent: {}
[195.152372] (-) TimerEvent: {}
[195.253205] (-) TimerEvent: {}
[195.354312] (-) TimerEvent: {}
[195.455318] (-) TimerEvent: {}
[195.556356] (-) TimerEvent: {}
[195.657313] (-) TimerEvent: {}
[195.758466] (-) TimerEvent: {}
[195.859528] (-) TimerEvent: {}
[195.960573] (-) TimerEvent: {}
[196.061706] (-) TimerEvent: {}
[196.162692] (-) TimerEvent: {}
[196.263814] (-) TimerEvent: {}
[196.364753] (-) TimerEvent: {}
[196.465619] (-) TimerEvent: {}
[196.566574] (-) TimerEvent: {}
[196.667715] (-) TimerEvent: {}
[196.768679] (-) TimerEvent: {}
[196.869692] (-) TimerEvent: {}
[196.970830] (-) TimerEvent: {}
[197.071765] (-) TimerEvent: {}
[197.172919] (-) TimerEvent: {}
[197.273891] (-) TimerEvent: {}
[197.375055] (-) TimerEvent: {}
[197.475867] (-) TimerEvent: {}
[197.576684] (-) TimerEvent: {}
[197.677712] (-) TimerEvent: {}
[197.779070] (-) TimerEvent: {}
[197.880070] (-) TimerEvent: {}
[197.980991] (-) TimerEvent: {}
[198.081870] (-) TimerEvent: {}
[198.182914] (-) TimerEvent: {}
[198.283934] (-) TimerEvent: {}
[198.384755] (-) TimerEvent: {}
[198.485595] (-) TimerEvent: {}
[198.586496] (-) TimerEvent: {}
[198.687324] (-) TimerEvent: {}
[198.788175] (-) TimerEvent: {}
[198.889132] (-) TimerEvent: {}
[198.990094] (-) TimerEvent: {}
[199.091117] (-) TimerEvent: {}
[199.192291] (-) TimerEvent: {}
[199.293272] (-) TimerEvent: {}
[199.394376] (-) TimerEvent: {}
[199.495609] (-) TimerEvent: {}
[199.596698] (-) TimerEvent: {}
[199.697916] (-) TimerEvent: {}
[199.798817] (-) TimerEvent: {}
[199.899781] (-) TimerEvent: {}
[200.000611] (-) TimerEvent: {}
[200.101584] (-) TimerEvent: {}
[200.202808] (-) TimerEvent: {}
[200.303688] (-) TimerEvent: {}
[200.404589] (-) TimerEvent: {}
[200.505948] (-) TimerEvent: {}
[200.606971] (-) TimerEvent: {}
[200.707970] (-) TimerEvent: {}
[200.808823] (-) TimerEvent: {}
[200.909656] (-) TimerEvent: {}
[201.010624] (-) TimerEvent: {}
[201.111773] (-) TimerEvent: {}
[201.212539] (-) TimerEvent: {}
[201.313439] (-) TimerEvent: {}
[201.414672] (-) TimerEvent: {}
[201.515897] (-) TimerEvent: {}
[201.616739] (-) TimerEvent: {}
[201.717828] (-) TimerEvent: {}
[201.818800] (-) TimerEvent: {}
[201.919855] (-) TimerEvent: {}
[202.020965] (-) TimerEvent: {}
[202.121797] (-) TimerEvent: {}
[202.223336] (-) TimerEvent: {}
[202.324137] (-) TimerEvent: {}
[202.425053] (-) TimerEvent: {}
[202.525893] (-) TimerEvent: {}
[202.626859] (-) TimerEvent: {}
[202.727821] (-) TimerEvent: {}
[202.829177] (-) TimerEvent: {}
[202.930265] (-) TimerEvent: {}
[203.031213] (-) TimerEvent: {}
[203.132055] (-) TimerEvent: {}
[203.233366] (-) TimerEvent: {}
[203.334422] (-) TimerEvent: {}
[203.435346] (-) TimerEvent: {}
[203.536296] (-) TimerEvent: {}
[203.637437] (-) TimerEvent: {}
[203.738230] (-) TimerEvent: {}
[203.838983] (-) TimerEvent: {}
[203.939959] (-) TimerEvent: {}
[204.040681] (-) TimerEvent: {}
[204.141629] (-) TimerEvent: {}
[204.242425] (-) TimerEvent: {}
[204.343680] (-) TimerEvent: {}
[204.444742] (-) TimerEvent: {}
[204.545552] (-) TimerEvent: {}
[204.646421] (-) TimerEvent: {}
[204.747593] (-) TimerEvent: {}
[204.848900] (-) TimerEvent: {}
[204.950003] (-) TimerEvent: {}
[205.050821] (-) TimerEvent: {}
[205.151558] (-) TimerEvent: {}
[205.252317] (-) TimerEvent: {}
[205.353204] (-) TimerEvent: {}
[205.454306] (-) TimerEvent: {}
[205.555186] (-) TimerEvent: {}
[205.656036] (-) TimerEvent: {}
[205.756834] (-) TimerEvent: {}
[205.857611] (-) TimerEvent: {}
[205.958411] (-) TimerEvent: {}
[206.059220] (-) TimerEvent: {}
[206.160370] (-) TimerEvent: {}
[206.261598] (-) TimerEvent: {}
[206.362844] (-) TimerEvent: {}
[206.464021] (-) TimerEvent: {}
[206.564791] (-) TimerEvent: {}
[206.665626] (-) TimerEvent: {}
[206.766524] (-) TimerEvent: {}
[206.867494] (-) TimerEvent: {}
[206.968276] (-) TimerEvent: {}
[207.069297] (-) TimerEvent: {}
[207.170380] (-) TimerEvent: {}
[207.271266] (-) TimerEvent: {}
[207.372177] (-) TimerEvent: {}
[207.473049] (-) TimerEvent: {}
[207.574136] (-) TimerEvent: {}
[207.675906] (-) TimerEvent: {}
[207.777017] (-) TimerEvent: {}
[207.877911] (-) TimerEvent: {}
[207.979099] (-) TimerEvent: {}
[208.080050] (-) TimerEvent: {}
[208.180911] (-) TimerEvent: {}
[208.281714] (-) TimerEvent: {}
[208.382594] (-) TimerEvent: {}
[208.483412] (-) TimerEvent: {}
[208.584191] (-) TimerEvent: {}
[208.685068] (-) TimerEvent: {}
[208.786057] (-) TimerEvent: {}
[208.886973] (-) TimerEvent: {}
[208.988005] (-) TimerEvent: {}
[209.088824] (-) TimerEvent: {}
[209.189643] (-) TimerEvent: {}
[209.290572] (-) TimerEvent: {}
[209.391697] (-) TimerEvent: {}
[209.492559] (-) TimerEvent: {}
[209.593645] (-) TimerEvent: {}
[209.694430] (-) TimerEvent: {}
[209.795611] (-) TimerEvent: {}
[209.896590] (-) TimerEvent: {}
[209.922516] (tello_driver) StdoutLine: {'line': b'[ 95%] Built target tello_driver_node\n'}
[209.996774] (-) TimerEvent: {}
[210.097677] (-) TimerEvent: {}
[210.198601] (-) TimerEvent: {}
[210.299581] (-) TimerEvent: {}
[210.400239] (-) TimerEvent: {}
[210.501115] (-) TimerEvent: {}
[210.602168] (-) TimerEvent: {}
[210.703185] (-) TimerEvent: {}
[210.804468] (-) TimerEvent: {}
[210.905325] (-) TimerEvent: {}
[211.006448] (-) TimerEvent: {}
[211.107418] (-) TimerEvent: {}
[211.208615] (-) TimerEvent: {}
[211.309923] (-) TimerEvent: {}
[211.331279] (tello_driver) StdoutLine: {'line': b'[100%] Built target tello_driver_main\n'}
[211.410168] (-) TimerEvent: {}
[211.511316] (-) TimerEvent: {}
[211.612222] (-) TimerEvent: {}
[211.713193] (-) TimerEvent: {}
[211.814239] (-) TimerEvent: {}
[211.915207] (-) TimerEvent: {}
[212.016062] (-) TimerEvent: {}
[212.116876] (-) TimerEvent: {}
[212.217864] (-) TimerEvent: {}
[212.245115] (tello_driver) CommandEnded: {'returncode': 0}
[212.318043] (-) TimerEvent: {}
[212.326751] (tello_driver) JobProgress: {'identifier': 'tello_driver', 'progress': 'install'}
[212.381507] (tello_driver) Command: {'cmd': ['/usr/bin/cmake', '--install', '/mnt/g/My Drive/Primary/skl-Course/SP26/EECS 206A - Introduction to Robotics/106a_final_project/drone_simulation/build/tello_driver'], 'cwd': '/mnt/g/My Drive/Primary/skl-Course/SP26/EECS 206A - Introduction to Robotics/106a_final_project/drone_simulation/build/tello_driver', 'env': OrderedDict([('LESSOPEN', '| /usr/bin/lesspipe %s'), ('USER', 'happygaj'), ('SHLVL', '1'), ('LD_LIBRARY_PATH', '/mnt/g/My Drive/Primary/skl-Course/SP26/EECS 206A - Introduction to Robotics/106a_final_project/drone_simulation/install/tello_msgs/lib'), ('MOTD_SHOWN', 'update-motd'), ('HOME', '/home/happygaj'), ('OLDPWD', '/home/happygaj'), ('DBUS_SESSION_BUS_ADDRESS', 'unix:path=/run/user/1000/bus'), ('WSL_DISTRO_NAME', 'Ubuntu-22.04'), ('WAYLAND_DISPLAY', 'wayland-0'), ('LOGNAME', 'happygaj'), ('NAME', 'skl'), ('WSL_INTEROP', '/run/WSL/21038_interop'), ('PULSE_SERVER', 'unix:/mnt/wslg/PulseServer'), ('_', '/usr/bin/colcon'), ('TERM', 'xterm-256color'), ('PATH', '/usr/local/sbin:/usr/local/bin:/usr/sbin:/usr/bin:/sbin:/bin:/usr/games:/usr/local/games:/usr/lib/wsl/lib:/mnt/c/Program Files/WindowsApps/MicrosoftCorporationII.WindowsSubsystemForLinux_2.6.3.0_x64__8wekyb3d8bbwe:/mnt/c/WINDOWS/system32:/mnt/c/WINDOWS:/mnt/c/WINDOWS/System32/Wbem:/mnt/c/WINDOWS/System32/WindowsPowerShell/v1.0/:/mnt/c/WINDOWS/System32/OpenSSH/:/mnt/c/Program Files/MATLAB/R2025a/bin:/mnt/c/Program Files (x86)/Windows Kits/10/Windows Performance Toolkit/:/mnt/c/Program Files/dotnet/:/mnt/c/Program Files (x86)/Windows Kits/8.1/Windows Performance Toolkit/:/mnt/c/Program Files/Git/cmd:/mnt/c/Program Files/cursor/resources/app/bin:/mnt/c/Program Files/Tailscale/:/Docker/host/bin:/mnt/c/Users/happy/AppData/Local/Microsoft/WindowsApps:/mnt/c/Users/happy/AppData/Local/Programs/Microsoft VS Code/bin:/mnt/c/Users/happy/AppData/Local/Programs/cursor/resources/app/bin:/mnt/c/Users/happy/.local/bin:/snap/bin'), ('XDG_RUNTIME_DIR', '/run/user/1000/'), ('DISPLAY', ':0'), ('LANG', 'C.UTF-8'), ('LS_COLORS', 'rs=0:di=01;34:ln=01;36:mh=00:pi=40;33:so=01;35:do=01;35:bd=40;33;01:cd=40;33;01:or=40;31;01:mi=00:su=37;41:sg=30;43:ca=30;41:tw=30;42:ow=34;42:st=37;44:ex=01;32:*.tar=01;31:*.tgz=01;31:*.arc=01;31:*.arj=01;31:*.taz=01;31:*.lha=01;31:*.lz4=01;31:*.lzh=01;31:*.lzma=01;31:*.tlz=01;31:*.txz=01;31:*.tzo=01;31:*.t7z=01;31:*.zip=01;31:*.z=01;31:*.dz=01;31:*.gz=01;31:*.lrz=01;31:*.lz=01;31:*.lzo=01;31:*.xz=01;31:*.zst=01;31:*.tzst=01;31:*.bz2=01;31:*.bz=01;31:*.tbz=01;31:*.tbz2=01;31:*.tz=01;31:*.deb=01;31:*.rpm=01;31:*.jar=01;31:*.war=01;31:*.ear=01;31:*.sar=01;31:*.rar=01;31:*.alz=01;31:*.ace=01;31:*.zoo=01;31:*.cpio=01;31:*.7z=01;31:*.rz=01;31:*.cab=01;31:*.wim=01;31:*.swm=01;31:*.dwm=01;31:*.esd=01;31:*.jpg=01;35:*.jpeg=01;35:*.mjpg=01;35:*.mjpeg=01;35:*.gif=01;35:*.bmp=01;35:*.pbm=01;35:*.pgm=01;35:*.ppm=01;35:*.tga=01;35:*.xbm=01;35:*.xpm=01;35:*.tif=01;35:*.tiff=01;35:*.png=01;35:*.svg=01;35:*.svgz=01;35:*.mng=01;35:*.pcx=01;35:*.mov=01;35:*.mpg=01;35:*.mpeg=01;35:*.m2v=01;35:*.mkv=01;35:*.webm=01;35:*.webp=01;35:*.ogm=01;35:*.mp4=01;35:*.m4v=01;35:*.mp4v=01;35:*.vob=01;35:*.qt=01;35:*.nuv=01;35:*.wmv=01;35:*.asf=01;35:*.rm=01;35:*.rmvb=01;35:*.flc=01;35:*.avi=01;35:*.fli=01;35:*.flv=01;35:*.gl=01;35:*.dl=01;35:*.xcf=01;35:*.xwd=01;35:*.yuv=01;35:*.cgm=01;35:*.emf=01;35:*.ogv=01;35:*.ogx=01;35:*.aac=00;36:*.au=00;36:*.flac=00;36:*.m4a=00;36:*.mid=00;36:*.midi=00;36:*.mka=00;36:*.mp3=00;36:*.mpc=00;36:*.ogg=00;36:*.ra=00;36:*.wav=00;36:*.oga=00;36:*.opus=00;36:*.spx=00;36:*.xspf=00;36:'), ('AMENT_PREFIX_PATH', '/mnt/g/My Drive/Primary/skl-Course/SP26/EECS 206A - Introduction to Robotics/106a_final_project/drone_simulation/install/tello_msgs:/mnt/g/My Drive/Primary/skl-Course/SP26/EECS 206A - Introduction to Robotics/106a_final_project/drone_simulation/install/ros2_shared'), ('SHELL', '/bin/bash'), ('LESSCLOSE', '/usr/bin/lesspipe %s %s'), ('PWD', '/mnt/g/My Drive/Primary/skl-Course/SP26/EECS 206A - Introduction to Robotics/106a_final_project/drone_simulation/build/tello_driver'), ('XDG_DATA_DIRS', '/usr/local/share:/usr/share:/var/lib/snapd/desktop'), ('PYTHONPATH', '/mnt/g/My Drive/Primary/skl-Course/SP26/EECS 206A - Introduction to Robotics/106a_final_project/drone_simulation/install/tello_msgs/local/lib/python3.10/dist-packages'), ('COLCON', '1'), ('WSL2_GUI_APPS_ENABLED', '1'), ('HOSTTYPE', 'x86_64'), ('WSLENV', ''), ('CMAKE_PREFIX_PATH', '/mnt/g/My Drive/Primary/skl-Course/SP26/EECS 206A - Introduction to Robotics/106a_final_project/drone_simulation/install/tello_msgs:/mnt/g/My Drive/Primary/skl-Course/SP26/EECS 206A - Introduction to Robotics/106a_final_project/drone_simulation/install/ros2_shared')]), 'shell': False}
[212.418311] (-) TimerEvent: {}
[212.519408] (-) TimerEvent: {}
[212.620418] (-) TimerEvent: {}
[212.721319] (-) TimerEvent: {}
[212.821375] (tello_driver) StdoutLine: {'line': b'-- Install configuration: ""\n'}
[212.824528] (-) TimerEvent: {}
[212.925380] (-) TimerEvent: {}
[212.939590] (tello_driver) StdoutLine: {'line': b'-- Installing: /mnt/g/My Drive/Primary/skl-Course/SP26/EECS 206A - Introduction to Robotics/106a_final_project/drone_simulation/install/tello_driver/share/tello_driver/environment/library_path.sh\n'}
[213.025531] (-) TimerEvent: {}
[213.126374] (-) TimerEvent: {}
[213.211095] (tello_driver) StdoutLine: {'line': b'-- Installing: /mnt/g/My Drive/Primary/skl-Course/SP26/EECS 206A - Introduction to Robotics/106a_final_project/drone_simulation/install/tello_driver/share/tello_driver/environment/library_path.dsv\n'}
[213.226524] (-) TimerEvent: {}
[213.327451] (-) TimerEvent: {}
[213.428531] (-) TimerEvent: {}
[213.503809] (tello_driver) StdoutLine: {'line': b'-- Installing: /mnt/g/My Drive/Primary/skl-Course/SP26/EECS 206A - Introduction to Robotics/106a_final_project/drone_simulation/install/tello_driver/lib/libtello_driver_node.so\n'}
[213.528682] (-) TimerEvent: {}
[213.629559] (-) TimerEvent: {}
[213.730693] (-) TimerEvent: {}
[213.831821] (-) TimerEvent: {}
[213.932786] (-) TimerEvent: {}
[214.034252] (-) TimerEvent: {}
[214.139303] (-) TimerEvent: {}
[214.243901] (-) TimerEvent: {}
[214.348474] (-) TimerEvent: {}
[214.453280] (-) TimerEvent: {}
[214.557991] (-) TimerEvent: {}
[214.663317] (-) TimerEvent: {}
[214.768204] (-) TimerEvent: {}
[214.872749] (-) TimerEvent: {}
[214.977492] (-) TimerEvent: {}
[215.081810] (-) TimerEvent: {}
[215.186338] (-) TimerEvent: {}
[215.230790] (tello_driver) StdoutLine: {'line': b'-- Set runtime path of "/mnt/g/My Drive/Primary/skl-Course/SP26/EECS 206A - Introduction to Robotics/106a_final_project/drone_simulation/install/tello_driver/lib/libtello_driver_node.so" to ""\n'}
[215.284491] (tello_driver) StdoutLine: {'line': b'-- Installing: /mnt/g/My Drive/Primary/skl-Course/SP26/EECS 206A - Introduction to Robotics/106a_final_project/drone_simulation/install/tello_driver/lib/libtello_joy_node.so\n'}
[215.286634] (-) TimerEvent: {}
[215.390828] (-) TimerEvent: {}
[215.495102] (-) TimerEvent: {}
[215.599119] (-) TimerEvent: {}
[215.703242] (-) TimerEvent: {}
[215.806870] (-) TimerEvent: {}
[215.910816] (-) TimerEvent: {}
[216.015006] (-) TimerEvent: {}
[216.118563] (-) TimerEvent: {}
[216.222067] (-) TimerEvent: {}
[216.325489] (-) TimerEvent: {}
[216.428968] (-) TimerEvent: {}
[216.532322] (-) TimerEvent: {}
[216.586688] (tello_driver) StdoutLine: {'line': b'-- Set runtime path of "/mnt/g/My Drive/Primary/skl-Course/SP26/EECS 206A - Introduction to Robotics/106a_final_project/drone_simulation/install/tello_driver/lib/libtello_joy_node.so" to ""\n'}
[216.633615] (-) TimerEvent: {}
[216.688158] (tello_driver) StdoutLine: {'line': b'-- Installing: /mnt/g/My Drive/Primary/skl-Course/SP26/EECS 206A - Introduction to Robotics/106a_final_project/drone_simulation/install/tello_driver/lib/tello_driver/tello_driver_main\n'}
[216.734943] (-) TimerEvent: {}
[216.838577] (-) TimerEvent: {}
[216.941960] (-) TimerEvent: {}
[217.045439] (-) TimerEvent: {}
[217.148440] (-) TimerEvent: {}
[217.251528] (-) TimerEvent: {}
[217.354629] (-) TimerEvent: {}
[217.457866] (-) TimerEvent: {}
[217.560920] (-) TimerEvent: {}
[217.664211] (-) TimerEvent: {}
[217.767208] (-) TimerEvent: {}
[217.870352] (-) TimerEvent: {}
[217.878735] (tello_driver) StdoutLine: {'line': b'-- Set runtime path of "/mnt/g/My Drive/Primary/skl-Course/SP26/EECS 206A - Introduction to Robotics/106a_final_project/drone_simulation/install/tello_driver/lib/tello_driver/tello_driver_main" to ""\n'}
[217.950144] (tello_driver) StdoutLine: {'line': b'-- Installing: /mnt/g/My Drive/Primary/skl-Course/SP26/EECS 206A - Introduction to Robotics/106a_final_project/drone_simulation/install/tello_driver/lib/tello_driver/tello_joy_main\n'}
[217.970979] (-) TimerEvent: {}
[218.073899] (-) TimerEvent: {}
[218.177281] (-) TimerEvent: {}
[218.280014] (-) TimerEvent: {}
[218.382915] (-) TimerEvent: {}
[218.485645] (-) TimerEvent: {}
[218.588408] (-) TimerEvent: {}
[218.691089] (-) TimerEvent: {}
[218.793754] (-) TimerEvent: {}
[218.860605] (tello_driver) StdoutLine: {'line': b'-- Set runtime path of "/mnt/g/My Drive/Primary/skl-Course/SP26/EECS 206A - Introduction to Robotics/106a_final_project/drone_simulation/install/tello_driver/lib/tello_driver/tello_joy_main" to ""\n'}
[218.894577] (-) TimerEvent: {}
[218.931449] (tello_driver) StdoutLine: {'line': b'-- Installing: /mnt/g/My Drive/Primary/skl-Course/SP26/EECS 206A - Introduction to Robotics/106a_final_project/drone_simulation/install/tello_driver/lib/tello_driver/tello_emulator\n'}
[218.995724] (-) TimerEvent: {}
[219.098038] (-) TimerEvent: {}
[219.200422] (-) TimerEvent: {}
[219.275043] (tello_driver) StdoutLine: {'line': b'-- Installing: /mnt/g/My Drive/Primary/skl-Course/SP26/EECS 206A - Introduction to Robotics/106a_final_project/drone_simulation/install/tello_driver/share/tello_driver/cfg\n'}
[219.301019] (-) TimerEvent: {}
[219.403428] (-) TimerEvent: {}
[219.404203] (tello_driver) StdoutLine: {'line': b'-- Installing: /mnt/g/My Drive/Primary/skl-Course/SP26/EECS 206A - Introduction to Robotics/106a_final_project/drone_simulation/install/tello_driver/share/tello_driver/cfg/camera_info.yaml\n'}
[219.504927] (-) TimerEvent: {}
[219.607202] (-) TimerEvent: {}
[219.705733] (tello_driver) StdoutLine: {'line': b'-- Installing: /mnt/g/My Drive/Primary/skl-Course/SP26/EECS 206A - Introduction to Robotics/106a_final_project/drone_simulation/install/tello_driver/share/tello_driver/launch\n'}
[219.707742] (-) TimerEvent: {}
[219.809675] (-) TimerEvent: {}
[219.840173] (tello_driver) StdoutLine: {'line': b'-- Installing: /mnt/g/My Drive/Primary/skl-Course/SP26/EECS 206A - Introduction to Robotics/106a_final_project/drone_simulation/install/tello_driver/share/tello_driver/launch/emulator_launch.py\n'}
[219.910785] (-) TimerEvent: {}
[220.013034] (-) TimerEvent: {}
[220.115126] (-) TimerEvent: {}
[220.181974] (tello_driver) StdoutLine: {'line': b'-- Installing: /mnt/g/My Drive/Primary/skl-Course/SP26/EECS 206A - Introduction to Robotics/106a_final_project/drone_simulation/install/tello_driver/share/tello_driver/launch/emulators_launch.py\n'}
[220.215732] (-) TimerEvent: {}
[220.317987] (-) TimerEvent: {}
[220.419982] (-) TimerEvent: {}
[220.511706] (tello_driver) StdoutLine: {'line': b'-- Installing: /mnt/g/My Drive/Primary/skl-Course/SP26/EECS 206A - Introduction to Robotics/106a_final_project/drone_simulation/install/tello_driver/share/tello_driver/launch/teleop_launch.py\n'}
[220.520245] (-) TimerEvent: {}
[220.622307] (-) TimerEvent: {}
[220.724434] (-) TimerEvent: {}
[220.826515] (-) TimerEvent: {}
[220.853706] (tello_driver) StdoutLine: {'line': b'-- Installing: /mnt/g/My Drive/Primary/skl-Course/SP26/EECS 206A - Introduction to Robotics/106a_final_project/drone_simulation/install/tello_driver/share/tello_driver/launch/teleop_wsl_launch.py\n'}
[220.927558] (-) TimerEvent: {}
[221.029786] (-) TimerEvent: {}
[221.131410] (-) TimerEvent: {}
[221.233361] (-) TimerEvent: {}
[221.311337] (tello_driver) StdoutLine: {'line': b'-- Installing: /mnt/g/My Drive/Primary/skl-Course/SP26/EECS 206A - Introduction to Robotics/106a_final_project/drone_simulation/install/tello_driver/share/ament_index/resource_index/package_run_dependencies/tello_driver\n'}
[221.333678] (-) TimerEvent: {}
[221.435358] (-) TimerEvent: {}
[221.537094] (-) TimerEvent: {}
[221.639190] (-) TimerEvent: {}
[221.740959] (-) TimerEvent: {}
[221.771206] (tello_driver) StdoutLine: {'line': b'-- Installing: /mnt/g/My Drive/Primary/skl-Course/SP26/EECS 206A - Introduction to Robotics/106a_final_project/drone_simulation/install/tello_driver/share/ament_index/resource_index/parent_prefix_path/tello_driver\n'}
[221.841776] (-) TimerEvent: {}
[221.943908] (-) TimerEvent: {}
[222.045651] (-) TimerEvent: {}
[222.108350] (tello_driver) StdoutLine: {'line': b'-- Installing: /mnt/g/My Drive/Primary/skl-Course/SP26/EECS 206A - Introduction to Robotics/106a_final_project/drone_simulation/install/tello_driver/share/tello_driver/environment/ament_prefix_path.sh\n'}
[222.145996] (-) TimerEvent: {}
[222.247385] (-) TimerEvent: {}
[222.348639] (-) TimerEvent: {}
[222.396966] (tello_driver) StdoutLine: {'line': b'-- Installing: /mnt/g/My Drive/Primary/skl-Course/SP26/EECS 206A - Introduction to Robotics/106a_final_project/drone_simulation/install/tello_driver/share/tello_driver/environment/ament_prefix_path.dsv\n'}
[222.449091] (-) TimerEvent: {}
[222.550899] (-) TimerEvent: {}
[222.652332] (-) TimerEvent: {}
[222.698570] (tello_driver) StdoutLine: {'line': b'-- Installing: /mnt/g/My Drive/Primary/skl-Course/SP26/EECS 206A - Introduction to Robotics/106a_final_project/drone_simulation/install/tello_driver/share/tello_driver/environment/path.sh\n'}
[222.752825] (-) TimerEvent: {}
[222.854485] (-) TimerEvent: {}
[222.956013] (-) TimerEvent: {}
[222.996278] (tello_driver) StdoutLine: {'line': b'-- Installing: /mnt/g/My Drive/Primary/skl-Course/SP26/EECS 206A - Introduction to Robotics/106a_final_project/drone_simulation/install/tello_driver/share/tello_driver/environment/path.dsv\n'}
[223.056421] (-) TimerEvent: {}
[223.157731] (-) TimerEvent: {}
[223.259050] (-) TimerEvent: {}
[223.298641] (tello_driver) StdoutLine: {'line': b'-- Installing: /mnt/g/My Drive/Primary/skl-Course/SP26/EECS 206A - Introduction to Robotics/106a_final_project/drone_simulation/install/tello_driver/share/tello_driver/local_setup.bash\n'}
[223.359523] (-) TimerEvent: {}
[223.461046] (-) TimerEvent: {}
[223.552611] (tello_driver) StdoutLine: {'line': b'-- Installing: /mnt/g/My Drive/Primary/skl-Course/SP26/EECS 206A - Introduction to Robotics/106a_final_project/drone_simulation/install/tello_driver/share/tello_driver/local_setup.sh\n'}
[223.561247] (-) TimerEvent: {}
[223.662690] (-) TimerEvent: {}
[223.763751] (-) TimerEvent: {}
[223.795927] (tello_driver) StdoutLine: {'line': b'-- Installing: /mnt/g/My Drive/Primary/skl-Course/SP26/EECS 206A - Introduction to Robotics/106a_final_project/drone_simulation/install/tello_driver/share/tello_driver/local_setup.zsh\n'}
[223.864164] (-) TimerEvent: {}
[223.965763] (-) TimerEvent: {}
[224.058514] (tello_driver) StdoutLine: {'line': b'-- Installing: /mnt/g/My Drive/Primary/skl-Course/SP26/EECS 206A - Introduction to Robotics/106a_final_project/drone_simulation/install/tello_driver/share/tello_driver/local_setup.dsv\n'}
[224.065874] (-) TimerEvent: {}
[224.166759] (-) TimerEvent: {}
[224.267916] (-) TimerEvent: {}
[224.330119] (tello_driver) StdoutLine: {'line': b'-- Installing: /mnt/g/My Drive/Primary/skl-Course/SP26/EECS 206A - Introduction to Robotics/106a_final_project/drone_simulation/install/tello_driver/share/tello_driver/package.dsv\n'}
[224.368146] (-) TimerEvent: {}
[224.469218] (-) TimerEvent: {}
[224.570256] (-) TimerEvent: {}
[224.671286] (-) TimerEvent: {}
[224.694024] (tello_driver) StdoutLine: {'line': b'-- Installing: /mnt/g/My Drive/Primary/skl-Course/SP26/EECS 206A - Introduction to Robotics/106a_final_project/drone_simulation/install/tello_driver/share/ament_index/resource_index/packages/tello_driver\n'}
[224.771575] (-) TimerEvent: {}
[224.872677] (-) TimerEvent: {}
[224.973814] (-) TimerEvent: {}
[225.074916] (-) TimerEvent: {}
[225.170990] (tello_driver) StdoutLine: {'line': b'-- Installing: /mnt/g/My Drive/Primary/skl-Course/SP26/EECS 206A - Introduction to Robotics/106a_final_project/drone_simulation/install/tello_driver/share/ament_index/resource_index/rclcpp_components/tello_driver\n'}
[225.175058] (-) TimerEvent: {}
[225.277291] (-) TimerEvent: {}
[225.378342] (-) TimerEvent: {}
[225.479214] (-) TimerEvent: {}
[225.580463] (-) TimerEvent: {}
[225.609001] (tello_driver) StdoutLine: {'line': b'-- Installing: /mnt/g/My Drive/Primary/skl-Course/SP26/EECS 206A - Introduction to Robotics/106a_final_project/drone_simulation/install/tello_driver/share/tello_driver/cmake/tello_driverConfig.cmake\n'}
[225.680630] (-) TimerEvent: {}
[225.781589] (-) TimerEvent: {}
[225.882599] (-) TimerEvent: {}
[225.902329] (tello_driver) StdoutLine: {'line': b'-- Installing: /mnt/g/My Drive/Primary/skl-Course/SP26/EECS 206A - Introduction to Robotics/106a_final_project/drone_simulation/install/tello_driver/share/tello_driver/cmake/tello_driverConfig-version.cmake\n'}
[225.982881] (-) TimerEvent: {}
[226.084018] (-) TimerEvent: {}
[226.184877] (-) TimerEvent: {}
[226.200223] (tello_driver) StdoutLine: {'line': b'-- Installing: /mnt/g/My Drive/Primary/skl-Course/SP26/EECS 206A - Introduction to Robotics/106a_final_project/drone_simulation/install/tello_driver/share/tello_driver/package.xml\n'}
[226.285066] (-) TimerEvent: {}
[226.386225] (-) TimerEvent: {}
[226.473991] (tello_driver) CommandEnded: {'returncode': 0}
[226.486363] (-) TimerEvent: {}
[226.587285] (-) TimerEvent: {}
[226.688146] (-) TimerEvent: {}
[226.789094] (-) TimerEvent: {}
[226.890568] (-) TimerEvent: {}
[226.991676] (-) TimerEvent: {}
[227.092882] (-) TimerEvent: {}
[227.193902] (-) TimerEvent: {}
[227.294857] (-) TimerEvent: {}
[227.395979] (-) TimerEvent: {}
[227.496977] (-) TimerEvent: {}
[227.597929] (-) TimerEvent: {}
[227.699098] (-) TimerEvent: {}
[227.800033] (-) TimerEvent: {}
[227.901044] (-) TimerEvent: {}
[228.001943] (-) TimerEvent: {}
[228.103120] (-) TimerEvent: {}
[228.204300] (-) TimerEvent: {}
[228.305131] (-) TimerEvent: {}
[228.405984] (-) TimerEvent: {}
[228.506995] (-) TimerEvent: {}
[228.608009] (-) TimerEvent: {}
[228.709007] (-) TimerEvent: {}
[228.810179] (-) TimerEvent: {}
[228.910893] (-) TimerEvent: {}
[229.011924] (-) TimerEvent: {}
[229.113031] (-) TimerEvent: {}
[229.204015] (tello_driver) JobEnded: {'identifier': 'tello_driver', 'rc': 0}
[229.244845] (-) TimerEvent: {}
[229.245476] (-) EventReactorShutdown: {}
